ISO-10303-21;
HEADER;
FILE_DESCRIPTION(('Open CASCADE Model'),'2;1');
FILE_NAME('Open CASCADE Shape Model','2026-06-10T17:43:51',('Author'),(
    'Open CASCADE'),'Open CASCADE STEP processor 7.8','Open CASCADE 7.8'
  ,'Unknown');
FILE_SCHEMA(('AUTOMOTIVE_DESIGN { 1 0 10303 214 1 1 1 1 }'));
ENDSEC;
DATA;
#1 = APPLICATION_PROTOCOL_DEFINITION('international standard',
  'automotive_design',2000,#2);
#2 = APPLICATION_CONTEXT(
  'core data for automotive mechanical design processes');
#3 = SHAPE_DEFINITION_REPRESENTATION(#4,#10);
#4 = PRODUCT_DEFINITION_SHAPE('','',#5);
#5 = PRODUCT_DEFINITION('design','',#6,#9);
#6 = PRODUCT_DEFINITION_FORMATION('','',#7);
#7 = PRODUCT('compact_belt_drive_module_layout',
  'compact_belt_drive_module_layout','',(#8));
#8 = PRODUCT_CONTEXT('',#2,'mechanical');
#9 = PRODUCT_DEFINITION_CONTEXT('part definition',#2,'design');
#10 = SHAPE_REPRESENTATION('',(#11,#15,#19,#23,#27,#31,#35,#39,#43,#47,
    #51,#55,#59,#63,#67,#71,#75,#79,#83,#87,#91,#95,#99,#103),#107);
#11 = AXIS2_PLACEMENT_3D('',#12,#13,#14);
#12 = CARTESIAN_POINT('',(0.,0.,0.));
#13 = DIRECTION('',(0.,0.,1.));
#14 = DIRECTION('',(1.,0.,-0.));
#15 = AXIS2_PLACEMENT_3D('',#16,#17,#18);
#16 = CARTESIAN_POINT('',(0.,0.,0.));
#17 = DIRECTION('',(0.,0.,1.));
#18 = DIRECTION('',(1.,0.,-0.));
#19 = AXIS2_PLACEMENT_3D('',#20,#21,#22);
#20 = CARTESIAN_POINT('',(0.,0.,0.));
#21 = DIRECTION('',(0.,0.,1.));
#22 = DIRECTION('',(1.,0.,-0.));
#23 = AXIS2_PLACEMENT_3D('',#24,#25,#26);
#24 = CARTESIAN_POINT('',(0.,0.,0.));
#25 = DIRECTION('',(0.,0.,1.));
#26 = DIRECTION('',(1.,0.,-0.));
#27 = AXIS2_PLACEMENT_3D('',#28,#29,#30);
#28 = CARTESIAN_POINT('',(0.,0.,0.));
#29 = DIRECTION('',(0.,0.,1.));
#30 = DIRECTION('',(1.,0.,-0.));
#31 = AXIS2_PLACEMENT_3D('',#32,#33,#34);
#32 = CARTESIAN_POINT('',(0.,0.,0.));
#33 = DIRECTION('',(0.,0.,1.));
#34 = DIRECTION('',(1.,0.,-0.));
#35 = AXIS2_PLACEMENT_3D('',#36,#37,#38);
#36 = CARTESIAN_POINT('',(0.,0.,0.));
#37 = DIRECTION('',(0.,0.,1.));
#38 = DIRECTION('',(1.,0.,-0.));
#39 = AXIS2_PLACEMENT_3D('',#40,#41,#42);
#40 = CARTESIAN_POINT('',(0.,0.,0.));
#41 = DIRECTION('',(0.,0.,1.));
#42 = DIRECTION('',(1.,0.,-0.));
#43 = AXIS2_PLACEMENT_3D('',#44,#45,#46);
#44 = CARTESIAN_POINT('',(0.,0.,0.));
#45 = DIRECTION('',(0.,0.,1.));
#46 = DIRECTION('',(1.,0.,-0.));
#47 = AXIS2_PLACEMENT_3D('',#48,#49,#50);
#48 = CARTESIAN_POINT('',(0.,0.,0.));
#49 = DIRECTION('',(0.,0.,1.));
#50 = DIRECTION('',(1.,0.,-0.));
#51 = AXIS2_PLACEMENT_3D('',#52,#53,#54);
#52 = CARTESIAN_POINT('',(0.,0.,0.));
#53 = DIRECTION('',(0.,0.,1.));
#54 = DIRECTION('',(1.,0.,-0.));
#55 = AXIS2_PLACEMENT_3D('',#56,#57,#58);
#56 = CARTESIAN_POINT('',(0.,0.,0.));
#57 = DIRECTION('',(0.,0.,1.));
#58 = DIRECTION('',(1.,0.,-0.));
#59 = AXIS2_PLACEMENT_3D('',#60,#61,#62);
#60 = CARTESIAN_POINT('',(0.,0.,0.));
#61 = DIRECTION('',(0.,0.,1.));
#62 = DIRECTION('',(1.,0.,-0.));
#63 = AXIS2_PLACEMENT_3D('',#64,#65,#66);
#64 = CARTESIAN_POINT('',(0.,0.,0.));
#65 = DIRECTION('',(0.,0.,1.));
#66 = DIRECTION('',(1.,0.,-0.));
#67 = AXIS2_PLACEMENT_3D('',#68,#69,#70);
#68 = CARTESIAN_POINT('',(0.,0.,0.));
#69 = DIRECTION('',(0.,0.,1.));
#70 = DIRECTION('',(1.,0.,-0.));
#71 = AXIS2_PLACEMENT_3D('',#72,#73,#74);
#72 = CARTESIAN_POINT('',(0.,0.,0.));
#73 = DIRECTION('',(0.,0.,1.));
#74 = DIRECTION('',(1.,0.,-0.));
#75 = AXIS2_PLACEMENT_3D('',#76,#77,#78);
#76 = CARTESIAN_POINT('',(0.,0.,0.));
#77 = DIRECTION('',(0.,0.,1.));
#78 = DIRECTION('',(1.,0.,-0.));
#79 = AXIS2_PLACEMENT_3D('',#80,#81,#82);
#80 = CARTESIAN_POINT('',(0.,0.,0.));
#81 = DIRECTION('',(0.,0.,1.));
#82 = DIRECTION('',(1.,0.,-0.));
#83 = AXIS2_PLACEMENT_3D('',#84,#85,#86);
#84 = CARTESIAN_POINT('',(0.,0.,0.));
#85 = DIRECTION('',(0.,0.,1.));
#86 = DIRECTION('',(1.,0.,-0.));
#87 = AXIS2_PLACEMENT_3D('',#88,#89,#90);
#88 = CARTESIAN_POINT('',(0.,0.,0.));
#89 = DIRECTION('',(0.,0.,1.));
#90 = DIRECTION('',(1.,0.,-0.));
#91 = AXIS2_PLACEMENT_3D('',#92,#93,#94);
#92 = CARTESIAN_POINT('',(0.,0.,0.));
#93 = DIRECTION('',(0.,0.,1.));
#94 = DIRECTION('',(1.,0.,-0.));
#95 = AXIS2_PLACEMENT_3D('',#96,#97,#98);
#96 = CARTESIAN_POINT('',(0.,0.,0.));
#97 = DIRECTION('',(0.,0.,1.));
#98 = DIRECTION('',(1.,0.,-0.));
#99 = AXIS2_PLACEMENT_3D('',#100,#101,#102);
#100 = CARTESIAN_POINT('',(0.,0.,0.));
#101 = DIRECTION('',(0.,0.,1.));
#102 = DIRECTION('',(1.,0.,-0.));
#103 = AXIS2_PLACEMENT_3D('',#104,#105,#106);
#104 = CARTESIAN_POINT('',(0.,0.,0.));
#105 = DIRECTION('',(0.,0.,1.));
#106 = DIRECTION('',(1.,0.,-0.));
#107 = ( GEOMETRIC_REPRESENTATION_CONTEXT(3) 
GLOBAL_UNCERTAINTY_ASSIGNED_CONTEXT((#111)) GLOBAL_UNIT_ASSIGNED_CONTEXT
((#108,#109,#110)) REPRESENTATION_CONTEXT('Context #1',
  '3D Context with UNIT and UNCERTAINTY') );
#108 = ( LENGTH_UNIT() NAMED_UNIT(*) SI_UNIT(.MILLI.,.METRE.) );
#109 = ( NAMED_UNIT(*) PLANE_ANGLE_UNIT() SI_UNIT($,.RADIAN.) );
#110 = ( NAMED_UNIT(*) SI_UNIT($,.STERADIAN.) SOLID_ANGLE_UNIT() );
#111 = UNCERTAINTY_MEASURE_WITH_UNIT(LENGTH_MEASURE(1.E-07),#108,
  'distance_accuracy_value','confusion accuracy');
#112 = PRODUCT_RELATED_PRODUCT_CATEGORY('part',$,(#7));
#113 = SHAPE_DEFINITION_REPRESENTATION(#114,#120);
#114 = PRODUCT_DEFINITION_SHAPE('','',#115);
#115 = PRODUCT_DEFINITION('design','',#116,#119);
#116 = PRODUCT_DEFINITION_FORMATION('','',#117);
#117 = PRODUCT('base_plate','base_plate','',(#118));
#118 = PRODUCT_CONTEXT('',#2,'mechanical');
#119 = PRODUCT_DEFINITION_CONTEXT('part definition',#2,'design');
#120 = ADVANCED_BREP_SHAPE_REPRESENTATION('',(#11,#121),#1371);
#121 = MANIFOLD_SOLID_BREP('',#122);
#122 = CLOSED_SHELL('',(#123,#243,#319,#718,#767,#1094,#1101,#1128,#1155
    ,#1182,#1209,#1236,#1263,#1290,#1317,#1344));
#123 = ADVANCED_FACE('',(#124),#138,.F.);
#124 = FACE_BOUND('',#125,.F.);
#125 = EDGE_LOOP('',(#126,#161,#189,#217));
#126 = ORIENTED_EDGE('',*,*,#127,.F.);
#127 = EDGE_CURVE('',#128,#130,#132,.T.);
#128 = VERTEX_POINT('',#129);
#129 = CARTESIAN_POINT('',(-62.5,-37.5,0.));
#130 = VERTEX_POINT('',#131);
#131 = CARTESIAN_POINT('',(-62.5,-37.5,6.));
#132 = SURFACE_CURVE('',#133,(#137,#149),.PCURVE_S1.);
#133 = LINE('',#134,#135);
#134 = CARTESIAN_POINT('',(-62.5,-37.5,0.));
#135 = VECTOR('',#136,1.);
#136 = DIRECTION('',(0.,0.,1.));
#137 = PCURVE('',#138,#143);
#138 = PLANE('',#139);
#139 = AXIS2_PLACEMENT_3D('',#140,#141,#142);
#140 = CARTESIAN_POINT('',(-62.5,-37.5,0.));
#141 = DIRECTION('',(1.,0.,0.));
#142 = DIRECTION('',(0.,0.,1.));
#143 = DEFINITIONAL_REPRESENTATION('',(#144),#148);
#144 = LINE('',#145,#146);
#145 = CARTESIAN_POINT('',(0.,0.));
#146 = VECTOR('',#147,1.);
#147 = DIRECTION('',(1.,0.));
#148 = ( GEOMETRIC_REPRESENTATION_CONTEXT(2) 
PARAMETRIC_REPRESENTATION_CONTEXT() REPRESENTATION_CONTEXT('2D SPACE',''
  ) );
#149 = PCURVE('',#150,#155);
#150 = PLANE('',#151);
#151 = AXIS2_PLACEMENT_3D('',#152,#153,#154);
#152 = CARTESIAN_POINT('',(-62.5,-37.5,0.));
#153 = DIRECTION('',(0.,1.,0.));
#154 = DIRECTION('',(0.,0.,1.));
#155 = DEFINITIONAL_REPRESENTATION('',(#156),#160);
#156 = LINE('',#157,#158);
#157 = CARTESIAN_POINT('',(0.,0.));
#158 = VECTOR('',#159,1.);
#159 = DIRECTION('',(1.,0.));
#160 = ( GEOMETRIC_REPRESENTATION_CONTEXT(2) 
PARAMETRIC_REPRESENTATION_CONTEXT() REPRESENTATION_CONTEXT('2D SPACE',''
  ) );
#161 = ORIENTED_EDGE('',*,*,#162,.T.);
#162 = EDGE_CURVE('',#128,#163,#165,.T.);
#163 = VERTEX_POINT('',#164);
#164 = CARTESIAN_POINT('',(-62.5,37.5,0.));
#165 = SURFACE_CURVE('',#166,(#170,#177),.PCURVE_S1.);
#166 = LINE('',#167,#168);
#167 = CARTESIAN_POINT('',(-62.5,-37.5,0.));
#168 = VECTOR('',#169,1.);
#169 = DIRECTION('',(0.,1.,0.));
#170 = PCURVE('',#138,#171);
#171 = DEFINITIONAL_REPRESENTATION('',(#172),#176);
#172 = LINE('',#173,#174);
#173 = CARTESIAN_POINT('',(0.,0.));
#174 = VECTOR('',#175,1.);
#175 = DIRECTION('',(0.,-1.));
#176 = ( GEOMETRIC_REPRESENTATION_CONTEXT(2) 
PARAMETRIC_REPRESENTATION_CONTEXT() REPRESENTATION_CONTEXT('2D SPACE',''
  ) );
#177 = PCURVE('',#178,#183);
#178 = PLANE('',#179);
#179 = AXIS2_PLACEMENT_3D('',#180,#181,#182);
#180 = CARTESIAN_POINT('',(-62.5,-37.5,0.));
#181 = DIRECTION('',(0.,0.,1.));
#182 = DIRECTION('',(1.,0.,0.));
#183 = DEFINITIONAL_REPRESENTATION('',(#184),#188);
#184 = LINE('',#185,#186);
#185 = CARTESIAN_POINT('',(0.,0.));
#186 = VECTOR('',#187,1.);
#187 = DIRECTION('',(0.,1.));
#188 = ( GEOMETRIC_REPRESENTATION_CONTEXT(2) 
PARAMETRIC_REPRESENTATION_CONTEXT() REPRESENTATION_CONTEXT('2D SPACE',''
  ) );
#189 = ORIENTED_EDGE('',*,*,#190,.T.);
#190 = EDGE_CURVE('',#163,#191,#193,.T.);
#191 = VERTEX_POINT('',#192);
#192 = CARTESIAN_POINT('',(-62.5,37.5,6.));
#193 = SURFACE_CURVE('',#194,(#198,#205),.PCURVE_S1.);
#194 = LINE('',#195,#196);
#195 = CARTESIAN_POINT('',(-62.5,37.5,0.));
#196 = VECTOR('',#197,1.);
#197 = DIRECTION('',(0.,0.,1.));
#198 = PCURVE('',#138,#199);
#199 = DEFINITIONAL_REPRESENTATION('',(#200),#204);
#200 = LINE('',#201,#202);
#201 = CARTESIAN_POINT('',(0.,-75.));
#202 = VECTOR('',#203,1.);
#203 = DIRECTION('',(1.,0.));
#204 = ( GEOMETRIC_REPRESENTATION_CONTEXT(2) 
PARAMETRIC_REPRESENTATION_CONTEXT() REPRESENTATION_CONTEXT('2D SPACE',''
  ) );
#205 = PCURVE('',#206,#211);
#206 = PLANE('',#207);
#207 = AXIS2_PLACEMENT_3D('',#208,#209,#210);
#208 = CARTESIAN_POINT('',(-62.5,37.5,0.));
#209 = DIRECTION('',(0.,1.,0.));
#210 = DIRECTION('',(0.,0.,1.));
#211 = DEFINITIONAL_REPRESENTATION('',(#212),#216);
#212 = LINE('',#213,#214);
#213 = CARTESIAN_POINT('',(0.,0.));
#214 = VECTOR('',#215,1.);
#215 = DIRECTION('',(1.,0.));
#216 = ( GEOMETRIC_REPRESENTATION_CONTEXT(2) 
PARAMETRIC_REPRESENTATION_CONTEXT() REPRESENTATION_CONTEXT('2D SPACE',''
  ) );
#217 = ORIENTED_EDGE('',*,*,#218,.F.);
#218 = EDGE_CURVE('',#130,#191,#219,.T.);
#219 = SURFACE_CURVE('',#220,(#224,#231),.PCURVE_S1.);
#220 = LINE('',#221,#222);
#221 = CARTESIAN_POINT('',(-62.5,-37.5,6.));
#222 = VECTOR('',#223,1.);
#223 = DIRECTION('',(0.,1.,0.));
#224 = PCURVE('',#138,#225);
#225 = DEFINITIONAL_REPRESENTATION('',(#226),#230);
#226 = LINE('',#227,#228);
#227 = CARTESIAN_POINT('',(6.,0.));
#228 = VECTOR('',#229,1.);
#229 = DIRECTION('',(0.,-1.));
#230 = ( GEOMETRIC_REPRESENTATION_CONTEXT(2) 
PARAMETRIC_REPRESENTATION_CONTEXT() REPRESENTATION_CONTEXT('2D SPACE',''
  ) );
#231 = PCURVE('',#232,#237);
#232 = PLANE('',#233);
#233 = AXIS2_PLACEMENT_3D('',#234,#235,#236);
#234 = CARTESIAN_POINT('',(-62.5,-37.5,6.));
#235 = DIRECTION('',(0.,0.,1.));
#236 = DIRECTION('',(1.,0.,0.));
#237 = DEFINITIONAL_REPRESENTATION('',(#238),#242);
#238 = LINE('',#239,#240);
#239 = CARTESIAN_POINT('',(0.,0.));
#240 = VECTOR('',#241,1.);
#241 = DIRECTION('',(0.,1.));
#242 = ( GEOMETRIC_REPRESENTATION_CONTEXT(2) 
PARAMETRIC_REPRESENTATION_CONTEXT() REPRESENTATION_CONTEXT('2D SPACE',''
  ) );
#243 = ADVANCED_FACE('',(#244),#150,.F.);
#244 = FACE_BOUND('',#245,.F.);
#245 = EDGE_LOOP('',(#246,#269,#270,#293));
#246 = ORIENTED_EDGE('',*,*,#247,.F.);
#247 = EDGE_CURVE('',#128,#248,#250,.T.);
#248 = VERTEX_POINT('',#249);
#249 = CARTESIAN_POINT('',(62.5,-37.5,0.));
#250 = SURFACE_CURVE('',#251,(#255,#262),.PCURVE_S1.);
#251 = LINE('',#252,#253);
#252 = CARTESIAN_POINT('',(-62.5,-37.5,0.));
#253 = VECTOR('',#254,1.);
#254 = DIRECTION('',(1.,0.,0.));
#255 = PCURVE('',#150,#256);
#256 = DEFINITIONAL_REPRESENTATION('',(#257),#261);
#257 = LINE('',#258,#259);
#258 = CARTESIAN_POINT('',(0.,0.));
#259 = VECTOR('',#260,1.);
#260 = DIRECTION('',(0.,1.));
#261 = ( GEOMETRIC_REPRESENTATION_CONTEXT(2) 
PARAMETRIC_REPRESENTATION_CONTEXT() REPRESENTATION_CONTEXT('2D SPACE',''
  ) );
#262 = PCURVE('',#178,#263);
#263 = DEFINITIONAL_REPRESENTATION('',(#264),#268);
#264 = LINE('',#265,#266);
#265 = CARTESIAN_POINT('',(0.,0.));
#266 = VECTOR('',#267,1.);
#267 = DIRECTION('',(1.,0.));
#268 = ( GEOMETRIC_REPRESENTATION_CONTEXT(2) 
PARAMETRIC_REPRESENTATION_CONTEXT() REPRESENTATION_CONTEXT('2D SPACE',''
  ) );
#269 = ORIENTED_EDGE('',*,*,#127,.T.);
#270 = ORIENTED_EDGE('',*,*,#271,.T.);
#271 = EDGE_CURVE('',#130,#272,#274,.T.);
#272 = VERTEX_POINT('',#273);
#273 = CARTESIAN_POINT('',(62.5,-37.5,6.));
#274 = SURFACE_CURVE('',#275,(#279,#286),.PCURVE_S1.);
#275 = LINE('',#276,#277);
#276 = CARTESIAN_POINT('',(-62.5,-37.5,6.));
#277 = VECTOR('',#278,1.);
#278 = DIRECTION('',(1.,0.,0.));
#279 = PCURVE('',#150,#280);
#280 = DEFINITIONAL_REPRESENTATION('',(#281),#285);
#281 = LINE('',#282,#283);
#282 = CARTESIAN_POINT('',(6.,0.));
#283 = VECTOR('',#284,1.);
#284 = DIRECTION('',(0.,1.));
#285 = ( GEOMETRIC_REPRESENTATION_CONTEXT(2) 
PARAMETRIC_REPRESENTATION_CONTEXT() REPRESENTATION_CONTEXT('2D SPACE',''
  ) );
#286 = PCURVE('',#232,#287);
#287 = DEFINITIONAL_REPRESENTATION('',(#288),#292);
#288 = LINE('',#289,#290);
#289 = CARTESIAN_POINT('',(0.,0.));
#290 = VECTOR('',#291,1.);
#291 = DIRECTION('',(1.,0.));
#292 = ( GEOMETRIC_REPRESENTATION_CONTEXT(2) 
PARAMETRIC_REPRESENTATION_CONTEXT() REPRESENTATION_CONTEXT('2D SPACE',''
  ) );
#293 = ORIENTED_EDGE('',*,*,#294,.F.);
#294 = EDGE_CURVE('',#248,#272,#295,.T.);
#295 = SURFACE_CURVE('',#296,(#300,#307),.PCURVE_S1.);
#296 = LINE('',#297,#298);
#297 = CARTESIAN_POINT('',(62.5,-37.5,0.));
#298 = VECTOR('',#299,1.);
#299 = DIRECTION('',(0.,0.,1.));
#300 = PCURVE('',#150,#301);
#301 = DEFINITIONAL_REPRESENTATION('',(#302),#306);
#302 = LINE('',#303,#304);
#303 = CARTESIAN_POINT('',(0.,125.));
#304 = VECTOR('',#305,1.);
#305 = DIRECTION('',(1.,0.));
#306 = ( GEOMETRIC_REPRESENTATION_CONTEXT(2) 
PARAMETRIC_REPRESENTATION_CONTEXT() REPRESENTATION_CONTEXT('2D SPACE',''
  ) );
#307 = PCURVE('',#308,#313);
#308 = PLANE('',#309);
#309 = AXIS2_PLACEMENT_3D('',#310,#311,#312);
#310 = CARTESIAN_POINT('',(62.5,-37.5,0.));
#311 = DIRECTION('',(1.,0.,0.));
#312 = DIRECTION('',(0.,0.,1.));
#313 = DEFINITIONAL_REPRESENTATION('',(#314),#318);
#314 = LINE('',#315,#316);
#315 = CARTESIAN_POINT('',(0.,0.));
#316 = VECTOR('',#317,1.);
#317 = DIRECTION('',(1.,0.));
#318 = ( GEOMETRIC_REPRESENTATION_CONTEXT(2) 
PARAMETRIC_REPRESENTATION_CONTEXT() REPRESENTATION_CONTEXT('2D SPACE',''
  ) );
#319 = ADVANCED_FACE('',(#320,#368,#403,#438,#473,#508,#543,#578,#613,
    #648,#683),#232,.T.);
#320 = FACE_BOUND('',#321,.T.);
#321 = EDGE_LOOP('',(#322,#323,#324,#347));
#322 = ORIENTED_EDGE('',*,*,#218,.F.);
#323 = ORIENTED_EDGE('',*,*,#271,.T.);
#324 = ORIENTED_EDGE('',*,*,#325,.T.);
#325 = EDGE_CURVE('',#272,#326,#328,.T.);
#326 = VERTEX_POINT('',#327);
#327 = CARTESIAN_POINT('',(62.5,37.5,6.));
#328 = SURFACE_CURVE('',#329,(#333,#340),.PCURVE_S1.);
#329 = LINE('',#330,#331);
#330 = CARTESIAN_POINT('',(62.5,-37.5,6.));
#331 = VECTOR('',#332,1.);
#332 = DIRECTION('',(0.,1.,0.));
#333 = PCURVE('',#232,#334);
#334 = DEFINITIONAL_REPRESENTATION('',(#335),#339);
#335 = LINE('',#336,#337);
#336 = CARTESIAN_POINT('',(125.,0.));
#337 = VECTOR('',#338,1.);
#338 = DIRECTION('',(0.,1.));
#339 = ( GEOMETRIC_REPRESENTATION_CONTEXT(2) 
PARAMETRIC_REPRESENTATION_CONTEXT() REPRESENTATION_CONTEXT('2D SPACE',''
  ) );
#340 = PCURVE('',#308,#341);
#341 = DEFINITIONAL_REPRESENTATION('',(#342),#346);
#342 = LINE('',#343,#344);
#343 = CARTESIAN_POINT('',(6.,0.));
#344 = VECTOR('',#345,1.);
#345 = DIRECTION('',(0.,-1.));
#346 = ( GEOMETRIC_REPRESENTATION_CONTEXT(2) 
PARAMETRIC_REPRESENTATION_CONTEXT() REPRESENTATION_CONTEXT('2D SPACE',''
  ) );
#347 = ORIENTED_EDGE('',*,*,#348,.F.);
#348 = EDGE_CURVE('',#191,#326,#349,.T.);
#349 = SURFACE_CURVE('',#350,(#354,#361),.PCURVE_S1.);
#350 = LINE('',#351,#352);
#351 = CARTESIAN_POINT('',(-62.5,37.5,6.));
#352 = VECTOR('',#353,1.);
#353 = DIRECTION('',(1.,0.,0.));
#354 = PCURVE('',#232,#355);
#355 = DEFINITIONAL_REPRESENTATION('',(#356),#360);
#356 = LINE('',#357,#358);
#357 = CARTESIAN_POINT('',(0.,75.));
#358 = VECTOR('',#359,1.);
#359 = DIRECTION('',(1.,0.));
#360 = ( GEOMETRIC_REPRESENTATION_CONTEXT(2) 
PARAMETRIC_REPRESENTATION_CONTEXT() REPRESENTATION_CONTEXT('2D SPACE',''
  ) );
#361 = PCURVE('',#206,#362);
#362 = DEFINITIONAL_REPRESENTATION('',(#363),#367);
#363 = LINE('',#364,#365);
#364 = CARTESIAN_POINT('',(6.,0.));
#365 = VECTOR('',#366,1.);
#366 = DIRECTION('',(0.,1.));
#367 = ( GEOMETRIC_REPRESENTATION_CONTEXT(2) 
PARAMETRIC_REPRESENTATION_CONTEXT() REPRESENTATION_CONTEXT('2D SPACE',''
  ) );
#368 = FACE_BOUND('',#369,.T.);
#369 = EDGE_LOOP('',(#370));
#370 = ORIENTED_EDGE('',*,*,#371,.T.);
#371 = EDGE_CURVE('',#372,#372,#374,.T.);
#372 = VERTEX_POINT('',#373);
#373 = CARTESIAN_POINT('',(-52.2,-15.5,6.));
#374 = SURFACE_CURVE('',#375,(#380,#391),.PCURVE_S1.);
#375 = CIRCLE('',#376,1.7);
#376 = AXIS2_PLACEMENT_3D('',#377,#378,#379);
#377 = CARTESIAN_POINT('',(-50.5,-15.5,6.));
#378 = DIRECTION('',(0.,0.,-1.));
#379 = DIRECTION('',(-1.,0.,0.));
#380 = PCURVE('',#232,#381);
#381 = DEFINITIONAL_REPRESENTATION('',(#382),#390);
#382 = ( BOUNDED_CURVE() B_SPLINE_CURVE(2,(#383,#384,#385,#386,#387,#388
,#389),.UNSPECIFIED.,.T.,.F.) B_SPLINE_CURVE_WITH_KNOTS((1,2,2,2,2,1),(
    -2.094395102393,0.,2.094395102393,4.188790204786,6.28318530718,
8.377580409573),.UNSPECIFIED.) CURVE() GEOMETRIC_REPRESENTATION_ITEM() 
RATIONAL_B_SPLINE_CURVE((1.,0.5,1.,0.5,1.,0.5,1.)) REPRESENTATION_ITEM(
  '') );
#383 = CARTESIAN_POINT('',(10.3,22.));
#384 = CARTESIAN_POINT('',(10.3,24.944486372867));
#385 = CARTESIAN_POINT('',(12.85,23.472243186434));
#386 = CARTESIAN_POINT('',(15.4,22.));
#387 = CARTESIAN_POINT('',(12.85,20.527756813566));
#388 = CARTESIAN_POINT('',(10.3,19.055513627133));
#389 = CARTESIAN_POINT('',(10.3,22.));
#390 = ( GEOMETRIC_REPRESENTATION_CONTEXT(2) 
PARAMETRIC_REPRESENTATION_CONTEXT() REPRESENTATION_CONTEXT('2D SPACE',''
  ) );
#391 = PCURVE('',#392,#397);
#392 = CYLINDRICAL_SURFACE('',#393,1.7);
#393 = AXIS2_PLACEMENT_3D('',#394,#395,#396);
#394 = CARTESIAN_POINT('',(-50.5,-15.5,6.));
#395 = DIRECTION('',(0.,0.,-1.));
#396 = DIRECTION('',(-1.,0.,0.));
#397 = DEFINITIONAL_REPRESENTATION('',(#398),#402);
#398 = LINE('',#399,#400);
#399 = CARTESIAN_POINT('',(0.,0.));
#400 = VECTOR('',#401,1.);
#401 = DIRECTION('',(1.,0.));
#402 = ( GEOMETRIC_REPRESENTATION_CONTEXT(2) 
PARAMETRIC_REPRESENTATION_CONTEXT() REPRESENTATION_CONTEXT('2D SPACE',''
  ) );
#403 = FACE_BOUND('',#404,.T.);
#404 = EDGE_LOOP('',(#405));
#405 = ORIENTED_EDGE('',*,*,#406,.T.);
#406 = EDGE_CURVE('',#407,#407,#409,.T.);
#407 = VERTEX_POINT('',#408);
#408 = CARTESIAN_POINT('',(-21.2,-15.5,6.));
#409 = SURFACE_CURVE('',#410,(#415,#426),.PCURVE_S1.);
#410 = CIRCLE('',#411,1.7);
#411 = AXIS2_PLACEMENT_3D('',#412,#413,#414);
#412 = CARTESIAN_POINT('',(-19.5,-15.5,6.));
#413 = DIRECTION('',(0.,0.,-1.));
#414 = DIRECTION('',(-1.,0.,0.));
#415 = PCURVE('',#232,#416);
#416 = DEFINITIONAL_REPRESENTATION('',(#417),#425);
#417 = ( BOUNDED_CURVE() B_SPLINE_CURVE(2,(#418,#419,#420,#421,#422,#423
,#424),.UNSPECIFIED.,.T.,.F.) B_SPLINE_CURVE_WITH_KNOTS((1,2,2,2,2,1),(
    -2.094395102393,0.,2.094395102393,4.188790204786,6.28318530718,
8.377580409573),.UNSPECIFIED.) CURVE() GEOMETRIC_REPRESENTATION_ITEM() 
RATIONAL_B_SPLINE_CURVE((1.,0.5,1.,0.5,1.,0.5,1.)) REPRESENTATION_ITEM(
  '') );
#418 = CARTESIAN_POINT('',(41.3,22.));
#419 = CARTESIAN_POINT('',(41.3,24.944486372867));
#420 = CARTESIAN_POINT('',(43.85,23.472243186434));
#421 = CARTESIAN_POINT('',(46.4,22.));
#422 = CARTESIAN_POINT('',(43.85,20.527756813566));
#423 = CARTESIAN_POINT('',(41.3,19.055513627133));
#424 = CARTESIAN_POINT('',(41.3,22.));
#425 = ( GEOMETRIC_REPRESENTATION_CONTEXT(2) 
PARAMETRIC_REPRESENTATION_CONTEXT() REPRESENTATION_CONTEXT('2D SPACE',''
  ) );
#426 = PCURVE('',#427,#432);
#427 = CYLINDRICAL_SURFACE('',#428,1.7);
#428 = AXIS2_PLACEMENT_3D('',#429,#430,#431);
#429 = CARTESIAN_POINT('',(-19.5,-15.5,6.));
#430 = DIRECTION('',(0.,0.,-1.));
#431 = DIRECTION('',(-1.,0.,0.));
#432 = DEFINITIONAL_REPRESENTATION('',(#433),#437);
#433 = LINE('',#434,#435);
#434 = CARTESIAN_POINT('',(0.,0.));
#435 = VECTOR('',#436,1.);
#436 = DIRECTION('',(1.,0.));
#437 = ( GEOMETRIC_REPRESENTATION_CONTEXT(2) 
PARAMETRIC_REPRESENTATION_CONTEXT() REPRESENTATION_CONTEXT('2D SPACE',''
  ) );
#438 = FACE_BOUND('',#439,.T.);
#439 = EDGE_LOOP('',(#440));
#440 = ORIENTED_EDGE('',*,*,#441,.T.);
#441 = EDGE_CURVE('',#442,#442,#444,.T.);
#442 = VERTEX_POINT('',#443);
#443 = CARTESIAN_POINT('',(21.3,-10.,6.));
#444 = SURFACE_CURVE('',#445,(#450,#461),.PCURVE_S1.);
#445 = CIRCLE('',#446,1.7);
#446 = AXIS2_PLACEMENT_3D('',#447,#448,#449);
#447 = CARTESIAN_POINT('',(23.,-10.,6.));
#448 = DIRECTION('',(0.,0.,-1.));
#449 = DIRECTION('',(-1.,0.,0.));
#450 = PCURVE('',#232,#451);
#451 = DEFINITIONAL_REPRESENTATION('',(#452),#460);
#452 = ( BOUNDED_CURVE() B_SPLINE_CURVE(2,(#453,#454,#455,#456,#457,#458
,#459),.UNSPECIFIED.,.T.,.F.) B_SPLINE_CURVE_WITH_KNOTS((1,2,2,2,2,1),(
    -2.094395102393,0.,2.094395102393,4.188790204786,6.28318530718,
8.377580409573),.UNSPECIFIED.) CURVE() GEOMETRIC_REPRESENTATION_ITEM() 
RATIONAL_B_SPLINE_CURVE((1.,0.5,1.,0.5,1.,0.5,1.)) REPRESENTATION_ITEM(
  '') );
#453 = CARTESIAN_POINT('',(83.8,27.5));
#454 = CARTESIAN_POINT('',(83.8,30.444486372867));
#455 = CARTESIAN_POINT('',(86.35,28.972243186434));
#456 = CARTESIAN_POINT('',(88.9,27.5));
#457 = CARTESIAN_POINT('',(86.35,26.027756813566));
#458 = CARTESIAN_POINT('',(83.8,24.555513627133));
#459 = CARTESIAN_POINT('',(83.8,27.5));
#460 = ( GEOMETRIC_REPRESENTATION_CONTEXT(2) 
PARAMETRIC_REPRESENTATION_CONTEXT() REPRESENTATION_CONTEXT('2D SPACE',''
  ) );
#461 = PCURVE('',#462,#467);
#462 = CYLINDRICAL_SURFACE('',#463,1.7);
#463 = AXIS2_PLACEMENT_3D('',#464,#465,#466);
#464 = CARTESIAN_POINT('',(23.,-10.,6.));
#465 = DIRECTION('',(0.,0.,-1.));
#466 = DIRECTION('',(-1.,0.,0.));
#467 = DEFINITIONAL_REPRESENTATION('',(#468),#472);
#468 = LINE('',#469,#470);
#469 = CARTESIAN_POINT('',(0.,0.));
#470 = VECTOR('',#471,1.);
#471 = DIRECTION('',(1.,0.));
#472 = ( GEOMETRIC_REPRESENTATION_CONTEXT(2) 
PARAMETRIC_REPRESENTATION_CONTEXT() REPRESENTATION_CONTEXT('2D SPACE',''
  ) );
#473 = FACE_BOUND('',#474,.T.);
#474 = EDGE_LOOP('',(#475));
#475 = ORIENTED_EDGE('',*,*,#476,.T.);
#476 = EDGE_CURVE('',#477,#477,#479,.T.);
#477 = VERTEX_POINT('',#478);
#478 = CARTESIAN_POINT('',(45.3,-10.,6.));
#479 = SURFACE_CURVE('',#480,(#485,#496),.PCURVE_S1.);
#480 = CIRCLE('',#481,1.7);
#481 = AXIS2_PLACEMENT_3D('',#482,#483,#484);
#482 = CARTESIAN_POINT('',(47.,-10.,6.));
#483 = DIRECTION('',(0.,0.,-1.));
#484 = DIRECTION('',(-1.,0.,0.));
#485 = PCURVE('',#232,#486);
#486 = DEFINITIONAL_REPRESENTATION('',(#487),#495);
#487 = ( BOUNDED_CURVE() B_SPLINE_CURVE(2,(#488,#489,#490,#491,#492,#493
,#494),.UNSPECIFIED.,.T.,.F.) B_SPLINE_CURVE_WITH_KNOTS((1,2,2,2,2,1),(
    -2.094395102393,0.,2.094395102393,4.188790204786,6.28318530718,
8.377580409573),.UNSPECIFIED.) CURVE() GEOMETRIC_REPRESENTATION_ITEM() 
RATIONAL_B_SPLINE_CURVE((1.,0.5,1.,0.5,1.,0.5,1.)) REPRESENTATION_ITEM(
  '') );
#488 = CARTESIAN_POINT('',(107.8,27.5));
#489 = CARTESIAN_POINT('',(107.8,30.444486372867));
#490 = CARTESIAN_POINT('',(110.35,28.972243186434));
#491 = CARTESIAN_POINT('',(112.9,27.5));
#492 = CARTESIAN_POINT('',(110.35,26.027756813566));
#493 = CARTESIAN_POINT('',(107.8,24.555513627133));
#494 = CARTESIAN_POINT('',(107.8,27.5));
#495 = ( GEOMETRIC_REPRESENTATION_CONTEXT(2) 
PARAMETRIC_REPRESENTATION_CONTEXT() REPRESENTATION_CONTEXT('2D SPACE',''
  ) );
#496 = PCURVE('',#497,#502);
#497 = CYLINDRICAL_SURFACE('',#498,1.7);
#498 = AXIS2_PLACEMENT_3D('',#499,#500,#501);
#499 = CARTESIAN_POINT('',(47.,-10.,6.));
#500 = DIRECTION('',(0.,0.,-1.));
#501 = DIRECTION('',(-1.,0.,0.));
#502 = DEFINITIONAL_REPRESENTATION('',(#503),#507);
#503 = LINE('',#504,#505);
#504 = CARTESIAN_POINT('',(0.,0.));
#505 = VECTOR('',#506,1.);
#506 = DIRECTION('',(1.,0.));
#507 = ( GEOMETRIC_REPRESENTATION_CONTEXT(2) 
PARAMETRIC_REPRESENTATION_CONTEXT() REPRESENTATION_CONTEXT('2D SPACE',''
  ) );
#508 = FACE_BOUND('',#509,.T.);
#509 = EDGE_LOOP('',(#510));
#510 = ORIENTED_EDGE('',*,*,#511,.T.);
#511 = EDGE_CURVE('',#512,#512,#514,.T.);
#512 = VERTEX_POINT('',#513);
#513 = CARTESIAN_POINT('',(-39.5,-1.102182119233E-15,6.));
#514 = SURFACE_CURVE('',#515,(#520,#531),.PCURVE_S1.);
#515 = CIRCLE('',#516,4.5);
#516 = AXIS2_PLACEMENT_3D('',#517,#518,#519);
#517 = CARTESIAN_POINT('',(-35.,0.,6.));
#518 = DIRECTION('',(0.,0.,-1.));
#519 = DIRECTION('',(-1.,0.,0.));
#520 = PCURVE('',#232,#521);
#521 = DEFINITIONAL_REPRESENTATION('',(#522),#530);
#522 = ( BOUNDED_CURVE() B_SPLINE_CURVE(2,(#523,#524,#525,#526,#527,#528
,#529),.UNSPECIFIED.,.T.,.F.) B_SPLINE_CURVE_WITH_KNOTS((1,2,2,2,2,1),(
    -2.094395102393,0.,2.094395102393,4.188790204786,6.28318530718,
8.377580409573),.UNSPECIFIED.) CURVE() GEOMETRIC_REPRESENTATION_ITEM() 
RATIONAL_B_SPLINE_CURVE((1.,0.5,1.,0.5,1.,0.5,1.)) REPRESENTATION_ITEM(
  '') );
#523 = CARTESIAN_POINT('',(23.,37.5));
#524 = CARTESIAN_POINT('',(23.,45.29422863406));
#525 = CARTESIAN_POINT('',(29.75,41.39711431703));
#526 = CARTESIAN_POINT('',(36.5,37.5));
#527 = CARTESIAN_POINT('',(29.75,33.60288568297));
#528 = CARTESIAN_POINT('',(23.,29.70577136594));
#529 = CARTESIAN_POINT('',(23.,37.5));
#530 = ( GEOMETRIC_REPRESENTATION_CONTEXT(2) 
PARAMETRIC_REPRESENTATION_CONTEXT() REPRESENTATION_CONTEXT('2D SPACE',''
  ) );
#531 = PCURVE('',#532,#537);
#532 = CYLINDRICAL_SURFACE('',#533,4.5);
#533 = AXIS2_PLACEMENT_3D('',#534,#535,#536);
#534 = CARTESIAN_POINT('',(-35.,0.,6.));
#535 = DIRECTION('',(0.,0.,-1.));
#536 = DIRECTION('',(-1.,0.,0.));
#537 = DEFINITIONAL_REPRESENTATION('',(#538),#542);
#538 = LINE('',#539,#540);
#539 = CARTESIAN_POINT('',(0.,0.));
#540 = VECTOR('',#541,1.);
#541 = DIRECTION('',(1.,0.));
#542 = ( GEOMETRIC_REPRESENTATION_CONTEXT(2) 
PARAMETRIC_REPRESENTATION_CONTEXT() REPRESENTATION_CONTEXT('2D SPACE',''
  ) );
#543 = FACE_BOUND('',#544,.T.);
#544 = EDGE_LOOP('',(#545));
#545 = ORIENTED_EDGE('',*,*,#546,.T.);
#546 = EDGE_CURVE('',#547,#547,#549,.T.);
#547 = VERTEX_POINT('',#548);
#548 = CARTESIAN_POINT('',(-52.2,15.5,6.));
#549 = SURFACE_CURVE('',#550,(#555,#566),.PCURVE_S1.);
#550 = CIRCLE('',#551,1.7);
#551 = AXIS2_PLACEMENT_3D('',#552,#553,#554);
#552 = CARTESIAN_POINT('',(-50.5,15.5,6.));
#553 = DIRECTION('',(0.,0.,-1.));
#554 = DIRECTION('',(-1.,0.,0.));
#555 = PCURVE('',#232,#556);
#556 = DEFINITIONAL_REPRESENTATION('',(#557),#565);
#557 = ( BOUNDED_CURVE() B_SPLINE_CURVE(2,(#558,#559,#560,#561,#562,#563
,#564),.UNSPECIFIED.,.T.,.F.) B_SPLINE_CURVE_WITH_KNOTS((1,2,2,2,2,1),(
    -2.094395102393,0.,2.094395102393,4.188790204786,6.28318530718,
8.377580409573),.UNSPECIFIED.) CURVE() GEOMETRIC_REPRESENTATION_ITEM() 
RATIONAL_B_SPLINE_CURVE((1.,0.5,1.,0.5,1.,0.5,1.)) REPRESENTATION_ITEM(
  '') );
#558 = CARTESIAN_POINT('',(10.3,53.));
#559 = CARTESIAN_POINT('',(10.3,55.944486372867));
#560 = CARTESIAN_POINT('',(12.85,54.472243186434));
#561 = CARTESIAN_POINT('',(15.4,53.));
#562 = CARTESIAN_POINT('',(12.85,51.527756813566));
#563 = CARTESIAN_POINT('',(10.3,50.055513627133));
#564 = CARTESIAN_POINT('',(10.3,53.));
#565 = ( GEOMETRIC_REPRESENTATION_CONTEXT(2) 
PARAMETRIC_REPRESENTATION_CONTEXT() REPRESENTATION_CONTEXT('2D SPACE',''
  ) );
#566 = PCURVE('',#567,#572);
#567 = CYLINDRICAL_SURFACE('',#568,1.7);
#568 = AXIS2_PLACEMENT_3D('',#569,#570,#571);
#569 = CARTESIAN_POINT('',(-50.5,15.5,6.));
#570 = DIRECTION('',(0.,0.,-1.));
#571 = DIRECTION('',(-1.,0.,0.));
#572 = DEFINITIONAL_REPRESENTATION('',(#573),#577);
#573 = LINE('',#574,#575);
#574 = CARTESIAN_POINT('',(0.,0.));
#575 = VECTOR('',#576,1.);
#576 = DIRECTION('',(1.,0.));
#577 = ( GEOMETRIC_REPRESENTATION_CONTEXT(2) 
PARAMETRIC_REPRESENTATION_CONTEXT() REPRESENTATION_CONTEXT('2D SPACE',''
  ) );
#578 = FACE_BOUND('',#579,.T.);
#579 = EDGE_LOOP('',(#580));
#580 = ORIENTED_EDGE('',*,*,#581,.T.);
#581 = EDGE_CURVE('',#582,#582,#584,.T.);
#582 = VERTEX_POINT('',#583);
#583 = CARTESIAN_POINT('',(-21.2,15.5,6.));
#584 = SURFACE_CURVE('',#585,(#590,#601),.PCURVE_S1.);
#585 = CIRCLE('',#586,1.7);
#586 = AXIS2_PLACEMENT_3D('',#587,#588,#589);
#587 = CARTESIAN_POINT('',(-19.5,15.5,6.));
#588 = DIRECTION('',(0.,0.,-1.));
#589 = DIRECTION('',(-1.,0.,0.));
#590 = PCURVE('',#232,#591);
#591 = DEFINITIONAL_REPRESENTATION('',(#592),#600);
#592 = ( BOUNDED_CURVE() B_SPLINE_CURVE(2,(#593,#594,#595,#596,#597,#598
,#599),.UNSPECIFIED.,.T.,.F.) B_SPLINE_CURVE_WITH_KNOTS((1,2,2,2,2,1),(
    -2.094395102393,0.,2.094395102393,4.188790204786,6.28318530718,
8.377580409573),.UNSPECIFIED.) CURVE() GEOMETRIC_REPRESENTATION_ITEM() 
RATIONAL_B_SPLINE_CURVE((1.,0.5,1.,0.5,1.,0.5,1.)) REPRESENTATION_ITEM(
  '') );
#593 = CARTESIAN_POINT('',(41.3,53.));
#594 = CARTESIAN_POINT('',(41.3,55.944486372867));
#595 = CARTESIAN_POINT('',(43.85,54.472243186434));
#596 = CARTESIAN_POINT('',(46.4,53.));
#597 = CARTESIAN_POINT('',(43.85,51.527756813566));
#598 = CARTESIAN_POINT('',(41.3,50.055513627133));
#599 = CARTESIAN_POINT('',(41.3,53.));
#600 = ( GEOMETRIC_REPRESENTATION_CONTEXT(2) 
PARAMETRIC_REPRESENTATION_CONTEXT() REPRESENTATION_CONTEXT('2D SPACE',''
  ) );
#601 = PCURVE('',#602,#607);
#602 = CYLINDRICAL_SURFACE('',#603,1.7);
#603 = AXIS2_PLACEMENT_3D('',#604,#605,#606);
#604 = CARTESIAN_POINT('',(-19.5,15.5,6.));
#605 = DIRECTION('',(0.,0.,-1.));
#606 = DIRECTION('',(-1.,0.,0.));
#607 = DEFINITIONAL_REPRESENTATION('',(#608),#612);
#608 = LINE('',#609,#610);
#609 = CARTESIAN_POINT('',(0.,0.));
#610 = VECTOR('',#611,1.);
#611 = DIRECTION('',(1.,0.));
#612 = ( GEOMETRIC_REPRESENTATION_CONTEXT(2) 
PARAMETRIC_REPRESENTATION_CONTEXT() REPRESENTATION_CONTEXT('2D SPACE',''
  ) );
#613 = FACE_BOUND('',#614,.T.);
#614 = EDGE_LOOP('',(#615));
#615 = ORIENTED_EDGE('',*,*,#616,.T.);
#616 = EDGE_CURVE('',#617,#617,#619,.T.);
#617 = VERTEX_POINT('',#618);
#618 = CARTESIAN_POINT('',(30.5,-1.102182119233E-15,6.));
#619 = SURFACE_CURVE('',#620,(#625,#636),.PCURVE_S1.);
#620 = CIRCLE('',#621,4.5);
#621 = AXIS2_PLACEMENT_3D('',#622,#623,#624);
#622 = CARTESIAN_POINT('',(35.,0.,6.));
#623 = DIRECTION('',(0.,0.,-1.));
#624 = DIRECTION('',(-1.,0.,0.));
#625 = PCURVE('',#232,#626);
#626 = DEFINITIONAL_REPRESENTATION('',(#627),#635);
#627 = ( BOUNDED_CURVE() B_SPLINE_CURVE(2,(#628,#629,#630,#631,#632,#633
,#634),.UNSPECIFIED.,.T.,.F.) B_SPLINE_CURVE_WITH_KNOTS((1,2,2,2,2,1),(
    -2.094395102393,0.,2.094395102393,4.188790204786,6.28318530718,
8.377580409573),.UNSPECIFIED.) CURVE() GEOMETRIC_REPRESENTATION_ITEM() 
RATIONAL_B_SPLINE_CURVE((1.,0.5,1.,0.5,1.,0.5,1.)) REPRESENTATION_ITEM(
  '') );
#628 = CARTESIAN_POINT('',(93.,37.5));
#629 = CARTESIAN_POINT('',(93.,45.29422863406));
#630 = CARTESIAN_POINT('',(99.75,41.39711431703));
#631 = CARTESIAN_POINT('',(106.5,37.5));
#632 = CARTESIAN_POINT('',(99.75,33.60288568297));
#633 = CARTESIAN_POINT('',(93.,29.70577136594));
#634 = CARTESIAN_POINT('',(93.,37.5));
#635 = ( GEOMETRIC_REPRESENTATION_CONTEXT(2) 
PARAMETRIC_REPRESENTATION_CONTEXT() REPRESENTATION_CONTEXT('2D SPACE',''
  ) );
#636 = PCURVE('',#637,#642);
#637 = CYLINDRICAL_SURFACE('',#638,4.5);
#638 = AXIS2_PLACEMENT_3D('',#639,#640,#641);
#639 = CARTESIAN_POINT('',(35.,0.,6.));
#640 = DIRECTION('',(0.,0.,-1.));
#641 = DIRECTION('',(-1.,0.,0.));
#642 = DEFINITIONAL_REPRESENTATION('',(#643),#647);
#643 = LINE('',#644,#645);
#644 = CARTESIAN_POINT('',(0.,0.));
#645 = VECTOR('',#646,1.);
#646 = DIRECTION('',(1.,0.));
#647 = ( GEOMETRIC_REPRESENTATION_CONTEXT(2) 
PARAMETRIC_REPRESENTATION_CONTEXT() REPRESENTATION_CONTEXT('2D SPACE',''
  ) );
#648 = FACE_BOUND('',#649,.T.);
#649 = EDGE_LOOP('',(#650));
#650 = ORIENTED_EDGE('',*,*,#651,.T.);
#651 = EDGE_CURVE('',#652,#652,#654,.T.);
#652 = VERTEX_POINT('',#653);
#653 = CARTESIAN_POINT('',(21.3,10.,6.));
#654 = SURFACE_CURVE('',#655,(#660,#671),.PCURVE_S1.);
#655 = CIRCLE('',#656,1.7);
#656 = AXIS2_PLACEMENT_3D('',#657,#658,#659);
#657 = CARTESIAN_POINT('',(23.,10.,6.));
#658 = DIRECTION('',(0.,0.,-1.));
#659 = DIRECTION('',(-1.,0.,0.));
#660 = PCURVE('',#232,#661);
#661 = DEFINITIONAL_REPRESENTATION('',(#662),#670);
#662 = ( BOUNDED_CURVE() B_SPLINE_CURVE(2,(#663,#664,#665,#666,#667,#668
,#669),.UNSPECIFIED.,.T.,.F.) B_SPLINE_CURVE_WITH_KNOTS((1,2,2,2,2,1),(
    -2.094395102393,0.,2.094395102393,4.188790204786,6.28318530718,
8.377580409573),.UNSPECIFIED.) CURVE() GEOMETRIC_REPRESENTATION_ITEM() 
RATIONAL_B_SPLINE_CURVE((1.,0.5,1.,0.5,1.,0.5,1.)) REPRESENTATION_ITEM(
  '') );
#663 = CARTESIAN_POINT('',(83.8,47.5));
#664 = CARTESIAN_POINT('',(83.8,50.444486372867));
#665 = CARTESIAN_POINT('',(86.35,48.972243186434));
#666 = CARTESIAN_POINT('',(88.9,47.5));
#667 = CARTESIAN_POINT('',(86.35,46.027756813566));
#668 = CARTESIAN_POINT('',(83.8,44.555513627133));
#669 = CARTESIAN_POINT('',(83.8,47.5));
#670 = ( GEOMETRIC_REPRESENTATION_CONTEXT(2) 
PARAMETRIC_REPRESENTATION_CONTEXT() REPRESENTATION_CONTEXT('2D SPACE',''
  ) );
#671 = PCURVE('',#672,#677);
#672 = CYLINDRICAL_SURFACE('',#673,1.7);
#673 = AXIS2_PLACEMENT_3D('',#674,#675,#676);
#674 = CARTESIAN_POINT('',(23.,10.,6.));
#675 = DIRECTION('',(0.,0.,-1.));
#676 = DIRECTION('',(-1.,0.,0.));
#677 = DEFINITIONAL_REPRESENTATION('',(#678),#682);
#678 = LINE('',#679,#680);
#679 = CARTESIAN_POINT('',(0.,0.));
#680 = VECTOR('',#681,1.);
#681 = DIRECTION('',(1.,0.));
#682 = ( GEOMETRIC_REPRESENTATION_CONTEXT(2) 
PARAMETRIC_REPRESENTATION_CONTEXT() REPRESENTATION_CONTEXT('2D SPACE',''
  ) );
#683 = FACE_BOUND('',#684,.T.);
#684 = EDGE_LOOP('',(#685));
#685 = ORIENTED_EDGE('',*,*,#686,.T.);
#686 = EDGE_CURVE('',#687,#687,#689,.T.);
#687 = VERTEX_POINT('',#688);
#688 = CARTESIAN_POINT('',(45.3,10.,6.));
#689 = SURFACE_CURVE('',#690,(#695,#706),.PCURVE_S1.);
#690 = CIRCLE('',#691,1.7);
#691 = AXIS2_PLACEMENT_3D('',#692,#693,#694);
#692 = CARTESIAN_POINT('',(47.,10.,6.));
#693 = DIRECTION('',(0.,0.,-1.));
#694 = DIRECTION('',(-1.,0.,0.));
#695 = PCURVE('',#232,#696);
#696 = DEFINITIONAL_REPRESENTATION('',(#697),#705);
#697 = ( BOUNDED_CURVE() B_SPLINE_CURVE(2,(#698,#699,#700,#701,#702,#703
,#704),.UNSPECIFIED.,.T.,.F.) B_SPLINE_CURVE_WITH_KNOTS((1,2,2,2,2,1),(
    -2.094395102393,0.,2.094395102393,4.188790204786,6.28318530718,
8.377580409573),.UNSPECIFIED.) CURVE() GEOMETRIC_REPRESENTATION_ITEM() 
RATIONAL_B_SPLINE_CURVE((1.,0.5,1.,0.5,1.,0.5,1.)) REPRESENTATION_ITEM(
  '') );
#698 = CARTESIAN_POINT('',(107.8,47.5));
#699 = CARTESIAN_POINT('',(107.8,50.444486372867));
#700 = CARTESIAN_POINT('',(110.35,48.972243186434));
#701 = CARTESIAN_POINT('',(112.9,47.5));
#702 = CARTESIAN_POINT('',(110.35,46.027756813566));
#703 = CARTESIAN_POINT('',(107.8,44.555513627133));
#704 = CARTESIAN_POINT('',(107.8,47.5));
#705 = ( GEOMETRIC_REPRESENTATION_CONTEXT(2) 
PARAMETRIC_REPRESENTATION_CONTEXT() REPRESENTATION_CONTEXT('2D SPACE',''
  ) );
#706 = PCURVE('',#707,#712);
#707 = CYLINDRICAL_SURFACE('',#708,1.7);
#708 = AXIS2_PLACEMENT_3D('',#709,#710,#711);
#709 = CARTESIAN_POINT('',(47.,10.,6.));
#710 = DIRECTION('',(0.,0.,-1.));
#711 = DIRECTION('',(-1.,0.,0.));
#712 = DEFINITIONAL_REPRESENTATION('',(#713),#717);
#713 = LINE('',#714,#715);
#714 = CARTESIAN_POINT('',(0.,0.));
#715 = VECTOR('',#716,1.);
#716 = DIRECTION('',(1.,0.));
#717 = ( GEOMETRIC_REPRESENTATION_CONTEXT(2) 
PARAMETRIC_REPRESENTATION_CONTEXT() REPRESENTATION_CONTEXT('2D SPACE',''
  ) );
#718 = ADVANCED_FACE('',(#719),#206,.T.);
#719 = FACE_BOUND('',#720,.T.);
#720 = EDGE_LOOP('',(#721,#744,#745,#746));
#721 = ORIENTED_EDGE('',*,*,#722,.F.);
#722 = EDGE_CURVE('',#163,#723,#725,.T.);
#723 = VERTEX_POINT('',#724);
#724 = CARTESIAN_POINT('',(62.5,37.5,0.));
#725 = SURFACE_CURVE('',#726,(#730,#737),.PCURVE_S1.);
#726 = LINE('',#727,#728);
#727 = CARTESIAN_POINT('',(-62.5,37.5,0.));
#728 = VECTOR('',#729,1.);
#729 = DIRECTION('',(1.,0.,0.));
#730 = PCURVE('',#206,#731);
#731 = DEFINITIONAL_REPRESENTATION('',(#732),#736);
#732 = LINE('',#733,#734);
#733 = CARTESIAN_POINT('',(0.,0.));
#734 = VECTOR('',#735,1.);
#735 = DIRECTION('',(0.,1.));
#736 = ( GEOMETRIC_REPRESENTATION_CONTEXT(2) 
PARAMETRIC_REPRESENTATION_CONTEXT() REPRESENTATION_CONTEXT('2D SPACE',''
  ) );
#737 = PCURVE('',#178,#738);
#738 = DEFINITIONAL_REPRESENTATION('',(#739),#743);
#739 = LINE('',#740,#741);
#740 = CARTESIAN_POINT('',(0.,75.));
#741 = VECTOR('',#742,1.);
#742 = DIRECTION('',(1.,0.));
#743 = ( GEOMETRIC_REPRESENTATION_CONTEXT(2) 
PARAMETRIC_REPRESENTATION_CONTEXT() REPRESENTATION_CONTEXT('2D SPACE',''
  ) );
#744 = ORIENTED_EDGE('',*,*,#190,.T.);
#745 = ORIENTED_EDGE('',*,*,#348,.T.);
#746 = ORIENTED_EDGE('',*,*,#747,.F.);
#747 = EDGE_CURVE('',#723,#326,#748,.T.);
#748 = SURFACE_CURVE('',#749,(#753,#760),.PCURVE_S1.);
#749 = LINE('',#750,#751);
#750 = CARTESIAN_POINT('',(62.5,37.5,0.));
#751 = VECTOR('',#752,1.);
#752 = DIRECTION('',(0.,0.,1.));
#753 = PCURVE('',#206,#754);
#754 = DEFINITIONAL_REPRESENTATION('',(#755),#759);
#755 = LINE('',#756,#757);
#756 = CARTESIAN_POINT('',(0.,125.));
#757 = VECTOR('',#758,1.);
#758 = DIRECTION('',(1.,0.));
#759 = ( GEOMETRIC_REPRESENTATION_CONTEXT(2) 
PARAMETRIC_REPRESENTATION_CONTEXT() REPRESENTATION_CONTEXT('2D SPACE',''
  ) );
#760 = PCURVE('',#308,#761);
#761 = DEFINITIONAL_REPRESENTATION('',(#762),#766);
#762 = LINE('',#763,#764);
#763 = CARTESIAN_POINT('',(0.,-75.));
#764 = VECTOR('',#765,1.);
#765 = DIRECTION('',(1.,0.));
#766 = ( GEOMETRIC_REPRESENTATION_CONTEXT(2) 
PARAMETRIC_REPRESENTATION_CONTEXT() REPRESENTATION_CONTEXT('2D SPACE',''
  ) );
#767 = ADVANCED_FACE('',(#768,#794,#824,#854,#884,#914,#944,#974,#1004,
    #1034,#1064),#178,.F.);
#768 = FACE_BOUND('',#769,.F.);
#769 = EDGE_LOOP('',(#770,#771,#772,#793));
#770 = ORIENTED_EDGE('',*,*,#162,.F.);
#771 = ORIENTED_EDGE('',*,*,#247,.T.);
#772 = ORIENTED_EDGE('',*,*,#773,.T.);
#773 = EDGE_CURVE('',#248,#723,#774,.T.);
#774 = SURFACE_CURVE('',#775,(#779,#786),.PCURVE_S1.);
#775 = LINE('',#776,#777);
#776 = CARTESIAN_POINT('',(62.5,-37.5,0.));
#777 = VECTOR('',#778,1.);
#778 = DIRECTION('',(0.,1.,0.));
#779 = PCURVE('',#178,#780);
#780 = DEFINITIONAL_REPRESENTATION('',(#781),#785);
#781 = LINE('',#782,#783);
#782 = CARTESIAN_POINT('',(125.,0.));
#783 = VECTOR('',#784,1.);
#784 = DIRECTION('',(0.,1.));
#785 = ( GEOMETRIC_REPRESENTATION_CONTEXT(2) 
PARAMETRIC_REPRESENTATION_CONTEXT() REPRESENTATION_CONTEXT('2D SPACE',''
  ) );
#786 = PCURVE('',#308,#787);
#787 = DEFINITIONAL_REPRESENTATION('',(#788),#792);
#788 = LINE('',#789,#790);
#789 = CARTESIAN_POINT('',(0.,0.));
#790 = VECTOR('',#791,1.);
#791 = DIRECTION('',(0.,-1.));
#792 = ( GEOMETRIC_REPRESENTATION_CONTEXT(2) 
PARAMETRIC_REPRESENTATION_CONTEXT() REPRESENTATION_CONTEXT('2D SPACE',''
  ) );
#793 = ORIENTED_EDGE('',*,*,#722,.F.);
#794 = FACE_BOUND('',#795,.F.);
#795 = EDGE_LOOP('',(#796));
#796 = ORIENTED_EDGE('',*,*,#797,.T.);
#797 = EDGE_CURVE('',#798,#798,#800,.T.);
#798 = VERTEX_POINT('',#799);
#799 = CARTESIAN_POINT('',(-52.2,-15.5,0.));
#800 = SURFACE_CURVE('',#801,(#806,#817),.PCURVE_S1.);
#801 = CIRCLE('',#802,1.7);
#802 = AXIS2_PLACEMENT_3D('',#803,#804,#805);
#803 = CARTESIAN_POINT('',(-50.5,-15.5,0.));
#804 = DIRECTION('',(0.,0.,-1.));
#805 = DIRECTION('',(-1.,0.,0.));
#806 = PCURVE('',#178,#807);
#807 = DEFINITIONAL_REPRESENTATION('',(#808),#816);
#808 = ( BOUNDED_CURVE() B_SPLINE_CURVE(2,(#809,#810,#811,#812,#813,#814
,#815),.UNSPECIFIED.,.T.,.F.) B_SPLINE_CURVE_WITH_KNOTS((1,2,2,2,2,1),(
    -2.094395102393,0.,2.094395102393,4.188790204786,6.28318530718,
8.377580409573),.UNSPECIFIED.) CURVE() GEOMETRIC_REPRESENTATION_ITEM() 
RATIONAL_B_SPLINE_CURVE((1.,0.5,1.,0.5,1.,0.5,1.)) REPRESENTATION_ITEM(
  '') );
#809 = CARTESIAN_POINT('',(10.3,22.));
#810 = CARTESIAN_POINT('',(10.3,24.944486372867));
#811 = CARTESIAN_POINT('',(12.85,23.472243186434));
#812 = CARTESIAN_POINT('',(15.4,22.));
#813 = CARTESIAN_POINT('',(12.85,20.527756813566));
#814 = CARTESIAN_POINT('',(10.3,19.055513627133));
#815 = CARTESIAN_POINT('',(10.3,22.));
#816 = ( GEOMETRIC_REPRESENTATION_CONTEXT(2) 
PARAMETRIC_REPRESENTATION_CONTEXT() REPRESENTATION_CONTEXT('2D SPACE',''
  ) );
#817 = PCURVE('',#392,#818);
#818 = DEFINITIONAL_REPRESENTATION('',(#819),#823);
#819 = LINE('',#820,#821);
#820 = CARTESIAN_POINT('',(0.,6.));
#821 = VECTOR('',#822,1.);
#822 = DIRECTION('',(1.,0.));
#823 = ( GEOMETRIC_REPRESENTATION_CONTEXT(2) 
PARAMETRIC_REPRESENTATION_CONTEXT() REPRESENTATION_CONTEXT('2D SPACE',''
  ) );
#824 = FACE_BOUND('',#825,.F.);
#825 = EDGE_LOOP('',(#826));
#826 = ORIENTED_EDGE('',*,*,#827,.T.);
#827 = EDGE_CURVE('',#828,#828,#830,.T.);
#828 = VERTEX_POINT('',#829);
#829 = CARTESIAN_POINT('',(-21.2,-15.5,0.));
#830 = SURFACE_CURVE('',#831,(#836,#847),.PCURVE_S1.);
#831 = CIRCLE('',#832,1.7);
#832 = AXIS2_PLACEMENT_3D('',#833,#834,#835);
#833 = CARTESIAN_POINT('',(-19.5,-15.5,0.));
#834 = DIRECTION('',(0.,0.,-1.));
#835 = DIRECTION('',(-1.,0.,0.));
#836 = PCURVE('',#178,#837);
#837 = DEFINITIONAL_REPRESENTATION('',(#838),#846);
#838 = ( BOUNDED_CURVE() B_SPLINE_CURVE(2,(#839,#840,#841,#842,#843,#844
,#845),.UNSPECIFIED.,.T.,.F.) B_SPLINE_CURVE_WITH_KNOTS((1,2,2,2,2,1),(
    -2.094395102393,0.,2.094395102393,4.188790204786,6.28318530718,
8.377580409573),.UNSPECIFIED.) CURVE() GEOMETRIC_REPRESENTATION_ITEM() 
RATIONAL_B_SPLINE_CURVE((1.,0.5,1.,0.5,1.,0.5,1.)) REPRESENTATION_ITEM(
  '') );
#839 = CARTESIAN_POINT('',(41.3,22.));
#840 = CARTESIAN_POINT('',(41.3,24.944486372867));
#841 = CARTESIAN_POINT('',(43.85,23.472243186434));
#842 = CARTESIAN_POINT('',(46.4,22.));
#843 = CARTESIAN_POINT('',(43.85,20.527756813566));
#844 = CARTESIAN_POINT('',(41.3,19.055513627133));
#845 = CARTESIAN_POINT('',(41.3,22.));
#846 = ( GEOMETRIC_REPRESENTATION_CONTEXT(2) 
PARAMETRIC_REPRESENTATION_CONTEXT() REPRESENTATION_CONTEXT('2D SPACE',''
  ) );
#847 = PCURVE('',#427,#848);
#848 = DEFINITIONAL_REPRESENTATION('',(#849),#853);
#849 = LINE('',#850,#851);
#850 = CARTESIAN_POINT('',(0.,6.));
#851 = VECTOR('',#852,1.);
#852 = DIRECTION('',(1.,0.));
#853 = ( GEOMETRIC_REPRESENTATION_CONTEXT(2) 
PARAMETRIC_REPRESENTATION_CONTEXT() REPRESENTATION_CONTEXT('2D SPACE',''
  ) );
#854 = FACE_BOUND('',#855,.F.);
#855 = EDGE_LOOP('',(#856));
#856 = ORIENTED_EDGE('',*,*,#857,.T.);
#857 = EDGE_CURVE('',#858,#858,#860,.T.);
#858 = VERTEX_POINT('',#859);
#859 = CARTESIAN_POINT('',(-39.5,-1.102182119233E-15,0.));
#860 = SURFACE_CURVE('',#861,(#866,#877),.PCURVE_S1.);
#861 = CIRCLE('',#862,4.5);
#862 = AXIS2_PLACEMENT_3D('',#863,#864,#865);
#863 = CARTESIAN_POINT('',(-35.,0.,0.));
#864 = DIRECTION('',(0.,0.,-1.));
#865 = DIRECTION('',(-1.,0.,0.));
#866 = PCURVE('',#178,#867);
#867 = DEFINITIONAL_REPRESENTATION('',(#868),#876);
#868 = ( BOUNDED_CURVE() B_SPLINE_CURVE(2,(#869,#870,#871,#872,#873,#874
,#875),.UNSPECIFIED.,.T.,.F.) B_SPLINE_CURVE_WITH_KNOTS((1,2,2,2,2,1),(
    -2.094395102393,0.,2.094395102393,4.188790204786,6.28318530718,
8.377580409573),.UNSPECIFIED.) CURVE() GEOMETRIC_REPRESENTATION_ITEM() 
RATIONAL_B_SPLINE_CURVE((1.,0.5,1.,0.5,1.,0.5,1.)) REPRESENTATION_ITEM(
  '') );
#869 = CARTESIAN_POINT('',(23.,37.5));
#870 = CARTESIAN_POINT('',(23.,45.29422863406));
#871 = CARTESIAN_POINT('',(29.75,41.39711431703));
#872 = CARTESIAN_POINT('',(36.5,37.5));
#873 = CARTESIAN_POINT('',(29.75,33.60288568297));
#874 = CARTESIAN_POINT('',(23.,29.70577136594));
#875 = CARTESIAN_POINT('',(23.,37.5));
#876 = ( GEOMETRIC_REPRESENTATION_CONTEXT(2) 
PARAMETRIC_REPRESENTATION_CONTEXT() REPRESENTATION_CONTEXT('2D SPACE',''
  ) );
#877 = PCURVE('',#532,#878);
#878 = DEFINITIONAL_REPRESENTATION('',(#879),#883);
#879 = LINE('',#880,#881);
#880 = CARTESIAN_POINT('',(0.,6.));
#881 = VECTOR('',#882,1.);
#882 = DIRECTION('',(1.,0.));
#883 = ( GEOMETRIC_REPRESENTATION_CONTEXT(2) 
PARAMETRIC_REPRESENTATION_CONTEXT() REPRESENTATION_CONTEXT('2D SPACE',''
  ) );
#884 = FACE_BOUND('',#885,.F.);
#885 = EDGE_LOOP('',(#886));
#886 = ORIENTED_EDGE('',*,*,#887,.T.);
#887 = EDGE_CURVE('',#888,#888,#890,.T.);
#888 = VERTEX_POINT('',#889);
#889 = CARTESIAN_POINT('',(21.3,-10.,0.));
#890 = SURFACE_CURVE('',#891,(#896,#907),.PCURVE_S1.);
#891 = CIRCLE('',#892,1.7);
#892 = AXIS2_PLACEMENT_3D('',#893,#894,#895);
#893 = CARTESIAN_POINT('',(23.,-10.,0.));
#894 = DIRECTION('',(0.,0.,-1.));
#895 = DIRECTION('',(-1.,0.,0.));
#896 = PCURVE('',#178,#897);
#897 = DEFINITIONAL_REPRESENTATION('',(#898),#906);
#898 = ( BOUNDED_CURVE() B_SPLINE_CURVE(2,(#899,#900,#901,#902,#903,#904
,#905),.UNSPECIFIED.,.T.,.F.) B_SPLINE_CURVE_WITH_KNOTS((1,2,2,2,2,1),(
    -2.094395102393,0.,2.094395102393,4.188790204786,6.28318530718,
8.377580409573),.UNSPECIFIED.) CURVE() GEOMETRIC_REPRESENTATION_ITEM() 
RATIONAL_B_SPLINE_CURVE((1.,0.5,1.,0.5,1.,0.5,1.)) REPRESENTATION_ITEM(
  '') );
#899 = CARTESIAN_POINT('',(83.8,27.5));
#900 = CARTESIAN_POINT('',(83.8,30.444486372867));
#901 = CARTESIAN_POINT('',(86.35,28.972243186434));
#902 = CARTESIAN_POINT('',(88.9,27.5));
#903 = CARTESIAN_POINT('',(86.35,26.027756813566));
#904 = CARTESIAN_POINT('',(83.8,24.555513627133));
#905 = CARTESIAN_POINT('',(83.8,27.5));
#906 = ( GEOMETRIC_REPRESENTATION_CONTEXT(2) 
PARAMETRIC_REPRESENTATION_CONTEXT() REPRESENTATION_CONTEXT('2D SPACE',''
  ) );
#907 = PCURVE('',#462,#908);
#908 = DEFINITIONAL_REPRESENTATION('',(#909),#913);
#909 = LINE('',#910,#911);
#910 = CARTESIAN_POINT('',(0.,6.));
#911 = VECTOR('',#912,1.);
#912 = DIRECTION('',(1.,0.));
#913 = ( GEOMETRIC_REPRESENTATION_CONTEXT(2) 
PARAMETRIC_REPRESENTATION_CONTEXT() REPRESENTATION_CONTEXT('2D SPACE',''
  ) );
#914 = FACE_BOUND('',#915,.F.);
#915 = EDGE_LOOP('',(#916));
#916 = ORIENTED_EDGE('',*,*,#917,.T.);
#917 = EDGE_CURVE('',#918,#918,#920,.T.);
#918 = VERTEX_POINT('',#919);
#919 = CARTESIAN_POINT('',(45.3,-10.,0.));
#920 = SURFACE_CURVE('',#921,(#926,#937),.PCURVE_S1.);
#921 = CIRCLE('',#922,1.7);
#922 = AXIS2_PLACEMENT_3D('',#923,#924,#925);
#923 = CARTESIAN_POINT('',(47.,-10.,0.));
#924 = DIRECTION('',(0.,0.,-1.));
#925 = DIRECTION('',(-1.,0.,0.));
#926 = PCURVE('',#178,#927);
#927 = DEFINITIONAL_REPRESENTATION('',(#928),#936);
#928 = ( BOUNDED_CURVE() B_SPLINE_CURVE(2,(#929,#930,#931,#932,#933,#934
,#935),.UNSPECIFIED.,.T.,.F.) B_SPLINE_CURVE_WITH_KNOTS((1,2,2,2,2,1),(
    -2.094395102393,0.,2.094395102393,4.188790204786,6.28318530718,
8.377580409573),.UNSPECIFIED.) CURVE() GEOMETRIC_REPRESENTATION_ITEM() 
RATIONAL_B_SPLINE_CURVE((1.,0.5,1.,0.5,1.,0.5,1.)) REPRESENTATION_ITEM(
  '') );
#929 = CARTESIAN_POINT('',(107.8,27.5));
#930 = CARTESIAN_POINT('',(107.8,30.444486372867));
#931 = CARTESIAN_POINT('',(110.35,28.972243186434));
#932 = CARTESIAN_POINT('',(112.9,27.5));
#933 = CARTESIAN_POINT('',(110.35,26.027756813566));
#934 = CARTESIAN_POINT('',(107.8,24.555513627133));
#935 = CARTESIAN_POINT('',(107.8,27.5));
#936 = ( GEOMETRIC_REPRESENTATION_CONTEXT(2) 
PARAMETRIC_REPRESENTATION_CONTEXT() REPRESENTATION_CONTEXT('2D SPACE',''
  ) );
#937 = PCURVE('',#497,#938);
#938 = DEFINITIONAL_REPRESENTATION('',(#939),#943);
#939 = LINE('',#940,#941);
#940 = CARTESIAN_POINT('',(0.,6.));
#941 = VECTOR('',#942,1.);
#942 = DIRECTION('',(1.,0.));
#943 = ( GEOMETRIC_REPRESENTATION_CONTEXT(2) 
PARAMETRIC_REPRESENTATION_CONTEXT() REPRESENTATION_CONTEXT('2D SPACE',''
  ) );
#944 = FACE_BOUND('',#945,.F.);
#945 = EDGE_LOOP('',(#946));
#946 = ORIENTED_EDGE('',*,*,#947,.T.);
#947 = EDGE_CURVE('',#948,#948,#950,.T.);
#948 = VERTEX_POINT('',#949);
#949 = CARTESIAN_POINT('',(30.5,-1.102182119233E-15,0.));
#950 = SURFACE_CURVE('',#951,(#956,#967),.PCURVE_S1.);
#951 = CIRCLE('',#952,4.5);
#952 = AXIS2_PLACEMENT_3D('',#953,#954,#955);
#953 = CARTESIAN_POINT('',(35.,0.,0.));
#954 = DIRECTION('',(0.,0.,-1.));
#955 = DIRECTION('',(-1.,0.,0.));
#956 = PCURVE('',#178,#957);
#957 = DEFINITIONAL_REPRESENTATION('',(#958),#966);
#958 = ( BOUNDED_CURVE() B_SPLINE_CURVE(2,(#959,#960,#961,#962,#963,#964
,#965),.UNSPECIFIED.,.T.,.F.) B_SPLINE_CURVE_WITH_KNOTS((1,2,2,2,2,1),(
    -2.094395102393,0.,2.094395102393,4.188790204786,6.28318530718,
8.377580409573),.UNSPECIFIED.) CURVE() GEOMETRIC_REPRESENTATION_ITEM() 
RATIONAL_B_SPLINE_CURVE((1.,0.5,1.,0.5,1.,0.5,1.)) REPRESENTATION_ITEM(
  '') );
#959 = CARTESIAN_POINT('',(93.,37.5));
#960 = CARTESIAN_POINT('',(93.,45.29422863406));
#961 = CARTESIAN_POINT('',(99.75,41.39711431703));
#962 = CARTESIAN_POINT('',(106.5,37.5));
#963 = CARTESIAN_POINT('',(99.75,33.60288568297));
#964 = CARTESIAN_POINT('',(93.,29.70577136594));
#965 = CARTESIAN_POINT('',(93.,37.5));
#966 = ( GEOMETRIC_REPRESENTATION_CONTEXT(2) 
PARAMETRIC_REPRESENTATION_CONTEXT() REPRESENTATION_CONTEXT('2D SPACE',''
  ) );
#967 = PCURVE('',#637,#968);
#968 = DEFINITIONAL_REPRESENTATION('',(#969),#973);
#969 = LINE('',#970,#971);
#970 = CARTESIAN_POINT('',(0.,6.));
#971 = VECTOR('',#972,1.);
#972 = DIRECTION('',(1.,0.));
#973 = ( GEOMETRIC_REPRESENTATION_CONTEXT(2) 
PARAMETRIC_REPRESENTATION_CONTEXT() REPRESENTATION_CONTEXT('2D SPACE',''
  ) );
#974 = FACE_BOUND('',#975,.F.);
#975 = EDGE_LOOP('',(#976));
#976 = ORIENTED_EDGE('',*,*,#977,.T.);
#977 = EDGE_CURVE('',#978,#978,#980,.T.);
#978 = VERTEX_POINT('',#979);
#979 = CARTESIAN_POINT('',(-52.2,15.5,0.));
#980 = SURFACE_CURVE('',#981,(#986,#997),.PCURVE_S1.);
#981 = CIRCLE('',#982,1.7);
#982 = AXIS2_PLACEMENT_3D('',#983,#984,#985);
#983 = CARTESIAN_POINT('',(-50.5,15.5,0.));
#984 = DIRECTION('',(0.,0.,-1.));
#985 = DIRECTION('',(-1.,0.,0.));
#986 = PCURVE('',#178,#987);
#987 = DEFINITIONAL_REPRESENTATION('',(#988),#996);
#988 = ( BOUNDED_CURVE() B_SPLINE_CURVE(2,(#989,#990,#991,#992,#993,#994
,#995),.UNSPECIFIED.,.T.,.F.) B_SPLINE_CURVE_WITH_KNOTS((1,2,2,2,2,1),(
    -2.094395102393,0.,2.094395102393,4.188790204786,6.28318530718,
8.377580409573),.UNSPECIFIED.) CURVE() GEOMETRIC_REPRESENTATION_ITEM() 
RATIONAL_B_SPLINE_CURVE((1.,0.5,1.,0.5,1.,0.5,1.)) REPRESENTATION_ITEM(
  '') );
#989 = CARTESIAN_POINT('',(10.3,53.));
#990 = CARTESIAN_POINT('',(10.3,55.944486372867));
#991 = CARTESIAN_POINT('',(12.85,54.472243186434));
#992 = CARTESIAN_POINT('',(15.4,53.));
#993 = CARTESIAN_POINT('',(12.85,51.527756813566));
#994 = CARTESIAN_POINT('',(10.3,50.055513627133));
#995 = CARTESIAN_POINT('',(10.3,53.));
#996 = ( GEOMETRIC_REPRESENTATION_CONTEXT(2) 
PARAMETRIC_REPRESENTATION_CONTEXT() REPRESENTATION_CONTEXT('2D SPACE',''
  ) );
#997 = PCURVE('',#567,#998);
#998 = DEFINITIONAL_REPRESENTATION('',(#999),#1003);
#999 = LINE('',#1000,#1001);
#1000 = CARTESIAN_POINT('',(0.,6.));
#1001 = VECTOR('',#1002,1.);
#1002 = DIRECTION('',(1.,0.));
#1003 = ( GEOMETRIC_REPRESENTATION_CONTEXT(2) 
PARAMETRIC_REPRESENTATION_CONTEXT() REPRESENTATION_CONTEXT('2D SPACE',''
  ) );
#1004 = FACE_BOUND('',#1005,.F.);
#1005 = EDGE_LOOP('',(#1006));
#1006 = ORIENTED_EDGE('',*,*,#1007,.T.);
#1007 = EDGE_CURVE('',#1008,#1008,#1010,.T.);
#1008 = VERTEX_POINT('',#1009);
#1009 = CARTESIAN_POINT('',(-21.2,15.5,0.));
#1010 = SURFACE_CURVE('',#1011,(#1016,#1027),.PCURVE_S1.);
#1011 = CIRCLE('',#1012,1.7);
#1012 = AXIS2_PLACEMENT_3D('',#1013,#1014,#1015);
#1013 = CARTESIAN_POINT('',(-19.5,15.5,0.));
#1014 = DIRECTION('',(0.,0.,-1.));
#1015 = DIRECTION('',(-1.,0.,0.));
#1016 = PCURVE('',#178,#1017);
#1017 = DEFINITIONAL_REPRESENTATION('',(#1018),#1026);
#1018 = ( BOUNDED_CURVE() B_SPLINE_CURVE(2,(#1019,#1020,#1021,#1022,
#1023,#1024,#1025),.UNSPECIFIED.,.T.,.F.) B_SPLINE_CURVE_WITH_KNOTS((1,2
    ,2,2,2,1),(-2.094395102393,0.,2.094395102393,4.188790204786,
6.28318530718,8.377580409573),.UNSPECIFIED.) CURVE() 
GEOMETRIC_REPRESENTATION_ITEM() RATIONAL_B_SPLINE_CURVE((1.,0.5,1.,0.5,
1.,0.5,1.)) REPRESENTATION_ITEM('') );
#1019 = CARTESIAN_POINT('',(41.3,53.));
#1020 = CARTESIAN_POINT('',(41.3,55.944486372867));
#1021 = CARTESIAN_POINT('',(43.85,54.472243186434));
#1022 = CARTESIAN_POINT('',(46.4,53.));
#1023 = CARTESIAN_POINT('',(43.85,51.527756813566));
#1024 = CARTESIAN_POINT('',(41.3,50.055513627133));
#1025 = CARTESIAN_POINT('',(41.3,53.));
#1026 = ( GEOMETRIC_REPRESENTATION_CONTEXT(2) 
PARAMETRIC_REPRESENTATION_CONTEXT() REPRESENTATION_CONTEXT('2D SPACE',''
  ) );
#1027 = PCURVE('',#602,#1028);
#1028 = DEFINITIONAL_REPRESENTATION('',(#1029),#1033);
#1029 = LINE('',#1030,#1031);
#1030 = CARTESIAN_POINT('',(0.,6.));
#1031 = VECTOR('',#1032,1.);
#1032 = DIRECTION('',(1.,0.));
#1033 = ( GEOMETRIC_REPRESENTATION_CONTEXT(2) 
PARAMETRIC_REPRESENTATION_CONTEXT() REPRESENTATION_CONTEXT('2D SPACE',''
  ) );
#1034 = FACE_BOUND('',#1035,.F.);
#1035 = EDGE_LOOP('',(#1036));
#1036 = ORIENTED_EDGE('',*,*,#1037,.T.);
#1037 = EDGE_CURVE('',#1038,#1038,#1040,.T.);
#1038 = VERTEX_POINT('',#1039);
#1039 = CARTESIAN_POINT('',(21.3,10.,0.));
#1040 = SURFACE_CURVE('',#1041,(#1046,#1057),.PCURVE_S1.);
#1041 = CIRCLE('',#1042,1.7);
#1042 = AXIS2_PLACEMENT_3D('',#1043,#1044,#1045);
#1043 = CARTESIAN_POINT('',(23.,10.,0.));
#1044 = DIRECTION('',(0.,0.,-1.));
#1045 = DIRECTION('',(-1.,0.,0.));
#1046 = PCURVE('',#178,#1047);
#1047 = DEFINITIONAL_REPRESENTATION('',(#1048),#1056);
#1048 = ( BOUNDED_CURVE() B_SPLINE_CURVE(2,(#1049,#1050,#1051,#1052,
#1053,#1054,#1055),.UNSPECIFIED.,.T.,.F.) B_SPLINE_CURVE_WITH_KNOTS((1,2
    ,2,2,2,1),(-2.094395102393,0.,2.094395102393,4.188790204786,
6.28318530718,8.377580409573),.UNSPECIFIED.) CURVE() 
GEOMETRIC_REPRESENTATION_ITEM() RATIONAL_B_SPLINE_CURVE((1.,0.5,1.,0.5,
1.,0.5,1.)) REPRESENTATION_ITEM('') );
#1049 = CARTESIAN_POINT('',(83.8,47.5));
#1050 = CARTESIAN_POINT('',(83.8,50.444486372867));
#1051 = CARTESIAN_POINT('',(86.35,48.972243186434));
#1052 = CARTESIAN_POINT('',(88.9,47.5));
#1053 = CARTESIAN_POINT('',(86.35,46.027756813566));
#1054 = CARTESIAN_POINT('',(83.8,44.555513627133));
#1055 = CARTESIAN_POINT('',(83.8,47.5));
#1056 = ( GEOMETRIC_REPRESENTATION_CONTEXT(2) 
PARAMETRIC_REPRESENTATION_CONTEXT() REPRESENTATION_CONTEXT('2D SPACE',''
  ) );
#1057 = PCURVE('',#672,#1058);
#1058 = DEFINITIONAL_REPRESENTATION('',(#1059),#1063);
#1059 = LINE('',#1060,#1061);
#1060 = CARTESIAN_POINT('',(0.,6.));
#1061 = VECTOR('',#1062,1.);
#1062 = DIRECTION('',(1.,0.));
#1063 = ( GEOMETRIC_REPRESENTATION_CONTEXT(2) 
PARAMETRIC_REPRESENTATION_CONTEXT() REPRESENTATION_CONTEXT('2D SPACE',''
  ) );
#1064 = FACE_BOUND('',#1065,.F.);
#1065 = EDGE_LOOP('',(#1066));
#1066 = ORIENTED_EDGE('',*,*,#1067,.T.);
#1067 = EDGE_CURVE('',#1068,#1068,#1070,.T.);
#1068 = VERTEX_POINT('',#1069);
#1069 = CARTESIAN_POINT('',(45.3,10.,0.));
#1070 = SURFACE_CURVE('',#1071,(#1076,#1087),.PCURVE_S1.);
#1071 = CIRCLE('',#1072,1.7);
#1072 = AXIS2_PLACEMENT_3D('',#1073,#1074,#1075);
#1073 = CARTESIAN_POINT('',(47.,10.,0.));
#1074 = DIRECTION('',(0.,0.,-1.));
#1075 = DIRECTION('',(-1.,0.,0.));
#1076 = PCURVE('',#178,#1077);
#1077 = DEFINITIONAL_REPRESENTATION('',(#1078),#1086);
#1078 = ( BOUNDED_CURVE() B_SPLINE_CURVE(2,(#1079,#1080,#1081,#1082,
#1083,#1084,#1085),.UNSPECIFIED.,.T.,.F.) B_SPLINE_CURVE_WITH_KNOTS((1,2
    ,2,2,2,1),(-2.094395102393,0.,2.094395102393,4.188790204786,
6.28318530718,8.377580409573),.UNSPECIFIED.) CURVE() 
GEOMETRIC_REPRESENTATION_ITEM() RATIONAL_B_SPLINE_CURVE((1.,0.5,1.,0.5,
1.,0.5,1.)) REPRESENTATION_ITEM('') );
#1079 = CARTESIAN_POINT('',(107.8,47.5));
#1080 = CARTESIAN_POINT('',(107.8,50.444486372867));
#1081 = CARTESIAN_POINT('',(110.35,48.972243186434));
#1082 = CARTESIAN_POINT('',(112.9,47.5));
#1083 = CARTESIAN_POINT('',(110.35,46.027756813566));
#1084 = CARTESIAN_POINT('',(107.8,44.555513627133));
#1085 = CARTESIAN_POINT('',(107.8,47.5));
#1086 = ( GEOMETRIC_REPRESENTATION_CONTEXT(2) 
PARAMETRIC_REPRESENTATION_CONTEXT() REPRESENTATION_CONTEXT('2D SPACE',''
  ) );
#1087 = PCURVE('',#707,#1088);
#1088 = DEFINITIONAL_REPRESENTATION('',(#1089),#1093);
#1089 = LINE('',#1090,#1091);
#1090 = CARTESIAN_POINT('',(0.,6.));
#1091 = VECTOR('',#1092,1.);
#1092 = DIRECTION('',(1.,0.));
#1093 = ( GEOMETRIC_REPRESENTATION_CONTEXT(2) 
PARAMETRIC_REPRESENTATION_CONTEXT() REPRESENTATION_CONTEXT('2D SPACE',''
  ) );
#1094 = ADVANCED_FACE('',(#1095),#308,.T.);
#1095 = FACE_BOUND('',#1096,.T.);
#1096 = EDGE_LOOP('',(#1097,#1098,#1099,#1100));
#1097 = ORIENTED_EDGE('',*,*,#294,.F.);
#1098 = ORIENTED_EDGE('',*,*,#773,.T.);
#1099 = ORIENTED_EDGE('',*,*,#747,.T.);
#1100 = ORIENTED_EDGE('',*,*,#325,.F.);
#1101 = ADVANCED_FACE('',(#1102),#392,.F.);
#1102 = FACE_BOUND('',#1103,.F.);
#1103 = EDGE_LOOP('',(#1104,#1105,#1126,#1127));
#1104 = ORIENTED_EDGE('',*,*,#797,.F.);
#1105 = ORIENTED_EDGE('',*,*,#1106,.F.);
#1106 = EDGE_CURVE('',#372,#798,#1107,.T.);
#1107 = SEAM_CURVE('',#1108,(#1112,#1119),.PCURVE_S1.);
#1108 = LINE('',#1109,#1110);
#1109 = CARTESIAN_POINT('',(-52.2,-15.5,6.));
#1110 = VECTOR('',#1111,1.);
#1111 = DIRECTION('',(0.,0.,-1.));
#1112 = PCURVE('',#392,#1113);
#1113 = DEFINITIONAL_REPRESENTATION('',(#1114),#1118);
#1114 = LINE('',#1115,#1116);
#1115 = CARTESIAN_POINT('',(6.28318530718,-0.));
#1116 = VECTOR('',#1117,1.);
#1117 = DIRECTION('',(0.,1.));
#1118 = ( GEOMETRIC_REPRESENTATION_CONTEXT(2) 
PARAMETRIC_REPRESENTATION_CONTEXT() REPRESENTATION_CONTEXT('2D SPACE',''
  ) );
#1119 = PCURVE('',#392,#1120);
#1120 = DEFINITIONAL_REPRESENTATION('',(#1121),#1125);
#1121 = LINE('',#1122,#1123);
#1122 = CARTESIAN_POINT('',(0.,-0.));
#1123 = VECTOR('',#1124,1.);
#1124 = DIRECTION('',(0.,1.));
#1125 = ( GEOMETRIC_REPRESENTATION_CONTEXT(2) 
PARAMETRIC_REPRESENTATION_CONTEXT() REPRESENTATION_CONTEXT('2D SPACE',''
  ) );
#1126 = ORIENTED_EDGE('',*,*,#371,.T.);
#1127 = ORIENTED_EDGE('',*,*,#1106,.T.);
#1128 = ADVANCED_FACE('',(#1129),#427,.F.);
#1129 = FACE_BOUND('',#1130,.F.);
#1130 = EDGE_LOOP('',(#1131,#1132,#1153,#1154));
#1131 = ORIENTED_EDGE('',*,*,#827,.F.);
#1132 = ORIENTED_EDGE('',*,*,#1133,.F.);
#1133 = EDGE_CURVE('',#407,#828,#1134,.T.);
#1134 = SEAM_CURVE('',#1135,(#1139,#1146),.PCURVE_S1.);
#1135 = LINE('',#1136,#1137);
#1136 = CARTESIAN_POINT('',(-21.2,-15.5,6.));
#1137 = VECTOR('',#1138,1.);
#1138 = DIRECTION('',(0.,0.,-1.));
#1139 = PCURVE('',#427,#1140);
#1140 = DEFINITIONAL_REPRESENTATION('',(#1141),#1145);
#1141 = LINE('',#1142,#1143);
#1142 = CARTESIAN_POINT('',(6.28318530718,-0.));
#1143 = VECTOR('',#1144,1.);
#1144 = DIRECTION('',(0.,1.));
#1145 = ( GEOMETRIC_REPRESENTATION_CONTEXT(2) 
PARAMETRIC_REPRESENTATION_CONTEXT() REPRESENTATION_CONTEXT('2D SPACE',''
  ) );
#1146 = PCURVE('',#427,#1147);
#1147 = DEFINITIONAL_REPRESENTATION('',(#1148),#1152);
#1148 = LINE('',#1149,#1150);
#1149 = CARTESIAN_POINT('',(0.,-0.));
#1150 = VECTOR('',#1151,1.);
#1151 = DIRECTION('',(0.,1.));
#1152 = ( GEOMETRIC_REPRESENTATION_CONTEXT(2) 
PARAMETRIC_REPRESENTATION_CONTEXT() REPRESENTATION_CONTEXT('2D SPACE',''
  ) );
#1153 = ORIENTED_EDGE('',*,*,#406,.T.);
#1154 = ORIENTED_EDGE('',*,*,#1133,.T.);
#1155 = ADVANCED_FACE('',(#1156),#462,.F.);
#1156 = FACE_BOUND('',#1157,.F.);
#1157 = EDGE_LOOP('',(#1158,#1159,#1180,#1181));
#1158 = ORIENTED_EDGE('',*,*,#887,.F.);
#1159 = ORIENTED_EDGE('',*,*,#1160,.F.);
#1160 = EDGE_CURVE('',#442,#888,#1161,.T.);
#1161 = SEAM_CURVE('',#1162,(#1166,#1173),.PCURVE_S1.);
#1162 = LINE('',#1163,#1164);
#1163 = CARTESIAN_POINT('',(21.3,-10.,6.));
#1164 = VECTOR('',#1165,1.);
#1165 = DIRECTION('',(0.,0.,-1.));
#1166 = PCURVE('',#462,#1167);
#1167 = DEFINITIONAL_REPRESENTATION('',(#1168),#1172);
#1168 = LINE('',#1169,#1170);
#1169 = CARTESIAN_POINT('',(6.28318530718,-0.));
#1170 = VECTOR('',#1171,1.);
#1171 = DIRECTION('',(0.,1.));
#1172 = ( GEOMETRIC_REPRESENTATION_CONTEXT(2) 
PARAMETRIC_REPRESENTATION_CONTEXT() REPRESENTATION_CONTEXT('2D SPACE',''
  ) );
#1173 = PCURVE('',#462,#1174);
#1174 = DEFINITIONAL_REPRESENTATION('',(#1175),#1179);
#1175 = LINE('',#1176,#1177);
#1176 = CARTESIAN_POINT('',(0.,-0.));
#1177 = VECTOR('',#1178,1.);
#1178 = DIRECTION('',(0.,1.));
#1179 = ( GEOMETRIC_REPRESENTATION_CONTEXT(2) 
PARAMETRIC_REPRESENTATION_CONTEXT() REPRESENTATION_CONTEXT('2D SPACE',''
  ) );
#1180 = ORIENTED_EDGE('',*,*,#441,.T.);
#1181 = ORIENTED_EDGE('',*,*,#1160,.T.);
#1182 = ADVANCED_FACE('',(#1183),#497,.F.);
#1183 = FACE_BOUND('',#1184,.F.);
#1184 = EDGE_LOOP('',(#1185,#1186,#1207,#1208));
#1185 = ORIENTED_EDGE('',*,*,#917,.F.);
#1186 = ORIENTED_EDGE('',*,*,#1187,.F.);
#1187 = EDGE_CURVE('',#477,#918,#1188,.T.);
#1188 = SEAM_CURVE('',#1189,(#1193,#1200),.PCURVE_S1.);
#1189 = LINE('',#1190,#1191);
#1190 = CARTESIAN_POINT('',(45.3,-10.,6.));
#1191 = VECTOR('',#1192,1.);
#1192 = DIRECTION('',(0.,0.,-1.));
#1193 = PCURVE('',#497,#1194);
#1194 = DEFINITIONAL_REPRESENTATION('',(#1195),#1199);
#1195 = LINE('',#1196,#1197);
#1196 = CARTESIAN_POINT('',(6.28318530718,-0.));
#1197 = VECTOR('',#1198,1.);
#1198 = DIRECTION('',(0.,1.));
#1199 = ( GEOMETRIC_REPRESENTATION_CONTEXT(2) 
PARAMETRIC_REPRESENTATION_CONTEXT() REPRESENTATION_CONTEXT('2D SPACE',''
  ) );
#1200 = PCURVE('',#497,#1201);
#1201 = DEFINITIONAL_REPRESENTATION('',(#1202),#1206);
#1202 = LINE('',#1203,#1204);
#1203 = CARTESIAN_POINT('',(0.,-0.));
#1204 = VECTOR('',#1205,1.);
#1205 = DIRECTION('',(0.,1.));
#1206 = ( GEOMETRIC_REPRESENTATION_CONTEXT(2) 
PARAMETRIC_REPRESENTATION_CONTEXT() REPRESENTATION_CONTEXT('2D SPACE',''
  ) );
#1207 = ORIENTED_EDGE('',*,*,#476,.T.);
#1208 = ORIENTED_EDGE('',*,*,#1187,.T.);
#1209 = ADVANCED_FACE('',(#1210),#532,.F.);
#1210 = FACE_BOUND('',#1211,.F.);
#1211 = EDGE_LOOP('',(#1212,#1213,#1234,#1235));
#1212 = ORIENTED_EDGE('',*,*,#857,.F.);
#1213 = ORIENTED_EDGE('',*,*,#1214,.F.);
#1214 = EDGE_CURVE('',#512,#858,#1215,.T.);
#1215 = SEAM_CURVE('',#1216,(#1220,#1227),.PCURVE_S1.);
#1216 = LINE('',#1217,#1218);
#1217 = CARTESIAN_POINT('',(-39.5,-1.102182119233E-15,6.));
#1218 = VECTOR('',#1219,1.);
#1219 = DIRECTION('',(0.,0.,-1.));
#1220 = PCURVE('',#532,#1221);
#1221 = DEFINITIONAL_REPRESENTATION('',(#1222),#1226);
#1222 = LINE('',#1223,#1224);
#1223 = CARTESIAN_POINT('',(6.28318530718,-0.));
#1224 = VECTOR('',#1225,1.);
#1225 = DIRECTION('',(0.,1.));
#1226 = ( GEOMETRIC_REPRESENTATION_CONTEXT(2) 
PARAMETRIC_REPRESENTATION_CONTEXT() REPRESENTATION_CONTEXT('2D SPACE',''
  ) );
#1227 = PCURVE('',#532,#1228);
#1228 = DEFINITIONAL_REPRESENTATION('',(#1229),#1233);
#1229 = LINE('',#1230,#1231);
#1230 = CARTESIAN_POINT('',(0.,-0.));
#1231 = VECTOR('',#1232,1.);
#1232 = DIRECTION('',(0.,1.));
#1233 = ( GEOMETRIC_REPRESENTATION_CONTEXT(2) 
PARAMETRIC_REPRESENTATION_CONTEXT() REPRESENTATION_CONTEXT('2D SPACE',''
  ) );
#1234 = ORIENTED_EDGE('',*,*,#511,.T.);
#1235 = ORIENTED_EDGE('',*,*,#1214,.T.);
#1236 = ADVANCED_FACE('',(#1237),#567,.F.);
#1237 = FACE_BOUND('',#1238,.F.);
#1238 = EDGE_LOOP('',(#1239,#1240,#1261,#1262));
#1239 = ORIENTED_EDGE('',*,*,#977,.F.);
#1240 = ORIENTED_EDGE('',*,*,#1241,.F.);
#1241 = EDGE_CURVE('',#547,#978,#1242,.T.);
#1242 = SEAM_CURVE('',#1243,(#1247,#1254),.PCURVE_S1.);
#1243 = LINE('',#1244,#1245);
#1244 = CARTESIAN_POINT('',(-52.2,15.5,6.));
#1245 = VECTOR('',#1246,1.);
#1246 = DIRECTION('',(0.,0.,-1.));
#1247 = PCURVE('',#567,#1248);
#1248 = DEFINITIONAL_REPRESENTATION('',(#1249),#1253);
#1249 = LINE('',#1250,#1251);
#1250 = CARTESIAN_POINT('',(6.28318530718,-0.));
#1251 = VECTOR('',#1252,1.);
#1252 = DIRECTION('',(0.,1.));
#1253 = ( GEOMETRIC_REPRESENTATION_CONTEXT(2) 
PARAMETRIC_REPRESENTATION_CONTEXT() REPRESENTATION_CONTEXT('2D SPACE',''
  ) );
#1254 = PCURVE('',#567,#1255);
#1255 = DEFINITIONAL_REPRESENTATION('',(#1256),#1260);
#1256 = LINE('',#1257,#1258);
#1257 = CARTESIAN_POINT('',(0.,-0.));
#1258 = VECTOR('',#1259,1.);
#1259 = DIRECTION('',(0.,1.));
#1260 = ( GEOMETRIC_REPRESENTATION_CONTEXT(2) 
PARAMETRIC_REPRESENTATION_CONTEXT() REPRESENTATION_CONTEXT('2D SPACE',''
  ) );
#1261 = ORIENTED_EDGE('',*,*,#546,.T.);
#1262 = ORIENTED_EDGE('',*,*,#1241,.T.);
#1263 = ADVANCED_FACE('',(#1264),#602,.F.);
#1264 = FACE_BOUND('',#1265,.F.);
#1265 = EDGE_LOOP('',(#1266,#1267,#1288,#1289));
#1266 = ORIENTED_EDGE('',*,*,#1007,.F.);
#1267 = ORIENTED_EDGE('',*,*,#1268,.F.);
#1268 = EDGE_CURVE('',#582,#1008,#1269,.T.);
#1269 = SEAM_CURVE('',#1270,(#1274,#1281),.PCURVE_S1.);
#1270 = LINE('',#1271,#1272);
#1271 = CARTESIAN_POINT('',(-21.2,15.5,6.));
#1272 = VECTOR('',#1273,1.);
#1273 = DIRECTION('',(0.,0.,-1.));
#1274 = PCURVE('',#602,#1275);
#1275 = DEFINITIONAL_REPRESENTATION('',(#1276),#1280);
#1276 = LINE('',#1277,#1278);
#1277 = CARTESIAN_POINT('',(6.28318530718,-0.));
#1278 = VECTOR('',#1279,1.);
#1279 = DIRECTION('',(0.,1.));
#1280 = ( GEOMETRIC_REPRESENTATION_CONTEXT(2) 
PARAMETRIC_REPRESENTATION_CONTEXT() REPRESENTATION_CONTEXT('2D SPACE',''
  ) );
#1281 = PCURVE('',#602,#1282);
#1282 = DEFINITIONAL_REPRESENTATION('',(#1283),#1287);
#1283 = LINE('',#1284,#1285);
#1284 = CARTESIAN_POINT('',(0.,-0.));
#1285 = VECTOR('',#1286,1.);
#1286 = DIRECTION('',(0.,1.));
#1287 = ( GEOMETRIC_REPRESENTATION_CONTEXT(2) 
PARAMETRIC_REPRESENTATION_CONTEXT() REPRESENTATION_CONTEXT('2D SPACE',''
  ) );
#1288 = ORIENTED_EDGE('',*,*,#581,.T.);
#1289 = ORIENTED_EDGE('',*,*,#1268,.T.);
#1290 = ADVANCED_FACE('',(#1291),#637,.F.);
#1291 = FACE_BOUND('',#1292,.F.);
#1292 = EDGE_LOOP('',(#1293,#1294,#1315,#1316));
#1293 = ORIENTED_EDGE('',*,*,#947,.F.);
#1294 = ORIENTED_EDGE('',*,*,#1295,.F.);
#1295 = EDGE_CURVE('',#617,#948,#1296,.T.);
#1296 = SEAM_CURVE('',#1297,(#1301,#1308),.PCURVE_S1.);
#1297 = LINE('',#1298,#1299);
#1298 = CARTESIAN_POINT('',(30.5,-1.102182119233E-15,6.));
#1299 = VECTOR('',#1300,1.);
#1300 = DIRECTION('',(0.,0.,-1.));
#1301 = PCURVE('',#637,#1302);
#1302 = DEFINITIONAL_REPRESENTATION('',(#1303),#1307);
#1303 = LINE('',#1304,#1305);
#1304 = CARTESIAN_POINT('',(6.28318530718,-0.));
#1305 = VECTOR('',#1306,1.);
#1306 = DIRECTION('',(0.,1.));
#1307 = ( GEOMETRIC_REPRESENTATION_CONTEXT(2) 
PARAMETRIC_REPRESENTATION_CONTEXT() REPRESENTATION_CONTEXT('2D SPACE',''
  ) );
#1308 = PCURVE('',#637,#1309);
#1309 = DEFINITIONAL_REPRESENTATION('',(#1310),#1314);
#1310 = LINE('',#1311,#1312);
#1311 = CARTESIAN_POINT('',(0.,-0.));
#1312 = VECTOR('',#1313,1.);
#1313 = DIRECTION('',(0.,1.));
#1314 = ( GEOMETRIC_REPRESENTATION_CONTEXT(2) 
PARAMETRIC_REPRESENTATION_CONTEXT() REPRESENTATION_CONTEXT('2D SPACE',''
  ) );
#1315 = ORIENTED_EDGE('',*,*,#616,.T.);
#1316 = ORIENTED_EDGE('',*,*,#1295,.T.);
#1317 = ADVANCED_FACE('',(#1318),#672,.F.);
#1318 = FACE_BOUND('',#1319,.F.);
#1319 = EDGE_LOOP('',(#1320,#1321,#1342,#1343));
#1320 = ORIENTED_EDGE('',*,*,#1037,.F.);
#1321 = ORIENTED_EDGE('',*,*,#1322,.F.);
#1322 = EDGE_CURVE('',#652,#1038,#1323,.T.);
#1323 = SEAM_CURVE('',#1324,(#1328,#1335),.PCURVE_S1.);
#1324 = LINE('',#1325,#1326);
#1325 = CARTESIAN_POINT('',(21.3,10.,6.));
#1326 = VECTOR('',#1327,1.);
#1327 = DIRECTION('',(0.,0.,-1.));
#1328 = PCURVE('',#672,#1329);
#1329 = DEFINITIONAL_REPRESENTATION('',(#1330),#1334);
#1330 = LINE('',#1331,#1332);
#1331 = CARTESIAN_POINT('',(6.28318530718,-0.));
#1332 = VECTOR('',#1333,1.);
#1333 = DIRECTION('',(0.,1.));
#1334 = ( GEOMETRIC_REPRESENTATION_CONTEXT(2) 
PARAMETRIC_REPRESENTATION_CONTEXT() REPRESENTATION_CONTEXT('2D SPACE',''
  ) );
#1335 = PCURVE('',#672,#1336);
#1336 = DEFINITIONAL_REPRESENTATION('',(#1337),#1341);
#1337 = LINE('',#1338,#1339);
#1338 = CARTESIAN_POINT('',(0.,-0.));
#1339 = VECTOR('',#1340,1.);
#1340 = DIRECTION('',(0.,1.));
#1341 = ( GEOMETRIC_REPRESENTATION_CONTEXT(2) 
PARAMETRIC_REPRESENTATION_CONTEXT() REPRESENTATION_CONTEXT('2D SPACE',''
  ) );
#1342 = ORIENTED_EDGE('',*,*,#651,.T.);
#1343 = ORIENTED_EDGE('',*,*,#1322,.T.);
#1344 = ADVANCED_FACE('',(#1345),#707,.F.);
#1345 = FACE_BOUND('',#1346,.F.);
#1346 = EDGE_LOOP('',(#1347,#1348,#1369,#1370));
#1347 = ORIENTED_EDGE('',*,*,#1067,.F.);
#1348 = ORIENTED_EDGE('',*,*,#1349,.F.);
#1349 = EDGE_CURVE('',#687,#1068,#1350,.T.);
#1350 = SEAM_CURVE('',#1351,(#1355,#1362),.PCURVE_S1.);
#1351 = LINE('',#1352,#1353);
#1352 = CARTESIAN_POINT('',(45.3,10.,6.));
#1353 = VECTOR('',#1354,1.);
#1354 = DIRECTION('',(0.,0.,-1.));
#1355 = PCURVE('',#707,#1356);
#1356 = DEFINITIONAL_REPRESENTATION('',(#1357),#1361);
#1357 = LINE('',#1358,#1359);
#1358 = CARTESIAN_POINT('',(6.28318530718,-0.));
#1359 = VECTOR('',#1360,1.);
#1360 = DIRECTION('',(0.,1.));
#1361 = ( GEOMETRIC_REPRESENTATION_CONTEXT(2) 
PARAMETRIC_REPRESENTATION_CONTEXT() REPRESENTATION_CONTEXT('2D SPACE',''
  ) );
#1362 = PCURVE('',#707,#1363);
#1363 = DEFINITIONAL_REPRESENTATION('',(#1364),#1368);
#1364 = LINE('',#1365,#1366);
#1365 = CARTESIAN_POINT('',(0.,-0.));
#1366 = VECTOR('',#1367,1.);
#1367 = DIRECTION('',(0.,1.));
#1368 = ( GEOMETRIC_REPRESENTATION_CONTEXT(2) 
PARAMETRIC_REPRESENTATION_CONTEXT() REPRESENTATION_CONTEXT('2D SPACE',''
  ) );
#1369 = ORIENTED_EDGE('',*,*,#686,.T.);
#1370 = ORIENTED_EDGE('',*,*,#1349,.T.);
#1371 = ( GEOMETRIC_REPRESENTATION_CONTEXT(3) 
GLOBAL_UNCERTAINTY_ASSIGNED_CONTEXT((#1375)) 
GLOBAL_UNIT_ASSIGNED_CONTEXT((#1372,#1373,#1374)) REPRESENTATION_CONTEXT
('Context #1','3D Context with UNIT and UNCERTAINTY') );
#1372 = ( LENGTH_UNIT() NAMED_UNIT(*) SI_UNIT(.MILLI.,.METRE.) );
#1373 = ( NAMED_UNIT(*) PLANE_ANGLE_UNIT() SI_UNIT($,.RADIAN.) );
#1374 = ( NAMED_UNIT(*) SI_UNIT($,.STERADIAN.) SOLID_ANGLE_UNIT() );
#1375 = UNCERTAINTY_MEASURE_WITH_UNIT(LENGTH_MEASURE(1.E-07),#1372,
  'distance_accuracy_value','confusion accuracy');
#1376 = CONTEXT_DEPENDENT_SHAPE_REPRESENTATION(#1377,#1379);
#1377 = ( REPRESENTATION_RELATIONSHIP('','',#120,#10) 
REPRESENTATION_RELATIONSHIP_WITH_TRANSFORMATION(#1378) 
SHAPE_REPRESENTATION_RELATIONSHIP() );
#1378 = ITEM_DEFINED_TRANSFORMATION('','',#11,#15);
#1379 = PRODUCT_DEFINITION_SHAPE('Placement','Placement of an item',
  #1380);
#1380 = NEXT_ASSEMBLY_USAGE_OCCURRENCE('1','base_plate','',#5,#115,$);
#1381 = PRODUCT_RELATED_PRODUCT_CATEGORY('part',$,(#117));
#1382 = SHAPE_DEFINITION_REPRESENTATION(#1383,#1389);
#1383 = PRODUCT_DEFINITION_SHAPE('','',#1384);
#1384 = PRODUCT_DEFINITION('design','',#1385,#1388);
#1385 = PRODUCT_DEFINITION_FORMATION('','',#1386);
#1386 = PRODUCT('nema17_motor_body','nema17_motor_body','',(#1387));
#1387 = PRODUCT_CONTEXT('',#2,'mechanical');
#1388 = PRODUCT_DEFINITION_CONTEXT('part definition',#2,'design');
#1389 = ADVANCED_BREP_SHAPE_REPRESENTATION('',(#11,#1390),#1720);
#1390 = MANIFOLD_SOLID_BREP('',#1391);
#1391 = CLOSED_SHELL('',(#1392,#1512,#1612,#1659,#1706,#1713));
#1392 = ADVANCED_FACE('',(#1393),#1407,.F.);
#1393 = FACE_BOUND('',#1394,.F.);
#1394 = EDGE_LOOP('',(#1395,#1430,#1458,#1486));
#1395 = ORIENTED_EDGE('',*,*,#1396,.F.);
#1396 = EDGE_CURVE('',#1397,#1399,#1401,.T.);
#1397 = VERTEX_POINT('',#1398);
#1398 = CARTESIAN_POINT('',(-56.15,-21.15,-40.));
#1399 = VERTEX_POINT('',#1400);
#1400 = CARTESIAN_POINT('',(-56.15,-21.15,0.));
#1401 = SURFACE_CURVE('',#1402,(#1406,#1418),.PCURVE_S1.);
#1402 = LINE('',#1403,#1404);
#1403 = CARTESIAN_POINT('',(-56.15,-21.15,-40.));
#1404 = VECTOR('',#1405,1.);
#1405 = DIRECTION('',(0.,0.,1.));
#1406 = PCURVE('',#1407,#1412);
#1407 = PLANE('',#1408);
#1408 = AXIS2_PLACEMENT_3D('',#1409,#1410,#1411);
#1409 = CARTESIAN_POINT('',(-56.15,-21.15,-40.));
#1410 = DIRECTION('',(1.,0.,0.));
#1411 = DIRECTION('',(0.,0.,1.));
#1412 = DEFINITIONAL_REPRESENTATION('',(#1413),#1417);
#1413 = LINE('',#1414,#1415);
#1414 = CARTESIAN_POINT('',(0.,0.));
#1415 = VECTOR('',#1416,1.);
#1416 = DIRECTION('',(1.,0.));
#1417 = ( GEOMETRIC_REPRESENTATION_CONTEXT(2) 
PARAMETRIC_REPRESENTATION_CONTEXT() REPRESENTATION_CONTEXT('2D SPACE',''
  ) );
#1418 = PCURVE('',#1419,#1424);
#1419 = PLANE('',#1420);
#1420 = AXIS2_PLACEMENT_3D('',#1421,#1422,#1423);
#1421 = CARTESIAN_POINT('',(-56.15,-21.15,-40.));
#1422 = DIRECTION('',(0.,1.,0.));
#1423 = DIRECTION('',(0.,0.,1.));
#1424 = DEFINITIONAL_REPRESENTATION('',(#1425),#1429);
#1425 = LINE('',#1426,#1427);
#1426 = CARTESIAN_POINT('',(0.,0.));
#1427 = VECTOR('',#1428,1.);
#1428 = DIRECTION('',(1.,0.));
#1429 = ( GEOMETRIC_REPRESENTATION_CONTEXT(2) 
PARAMETRIC_REPRESENTATION_CONTEXT() REPRESENTATION_CONTEXT('2D SPACE',''
  ) );
#1430 = ORIENTED_EDGE('',*,*,#1431,.T.);
#1431 = EDGE_CURVE('',#1397,#1432,#1434,.T.);
#1432 = VERTEX_POINT('',#1433);
#1433 = CARTESIAN_POINT('',(-56.15,21.15,-40.));
#1434 = SURFACE_CURVE('',#1435,(#1439,#1446),.PCURVE_S1.);
#1435 = LINE('',#1436,#1437);
#1436 = CARTESIAN_POINT('',(-56.15,-21.15,-40.));
#1437 = VECTOR('',#1438,1.);
#1438 = DIRECTION('',(0.,1.,0.));
#1439 = PCURVE('',#1407,#1440);
#1440 = DEFINITIONAL_REPRESENTATION('',(#1441),#1445);
#1441 = LINE('',#1442,#1443);
#1442 = CARTESIAN_POINT('',(0.,0.));
#1443 = VECTOR('',#1444,1.);
#1444 = DIRECTION('',(0.,-1.));
#1445 = ( GEOMETRIC_REPRESENTATION_CONTEXT(2) 
PARAMETRIC_REPRESENTATION_CONTEXT() REPRESENTATION_CONTEXT('2D SPACE',''
  ) );
#1446 = PCURVE('',#1447,#1452);
#1447 = PLANE('',#1448);
#1448 = AXIS2_PLACEMENT_3D('',#1449,#1450,#1451);
#1449 = CARTESIAN_POINT('',(-56.15,-21.15,-40.));
#1450 = DIRECTION('',(0.,0.,1.));
#1451 = DIRECTION('',(1.,0.,0.));
#1452 = DEFINITIONAL_REPRESENTATION('',(#1453),#1457);
#1453 = LINE('',#1454,#1455);
#1454 = CARTESIAN_POINT('',(0.,0.));
#1455 = VECTOR('',#1456,1.);
#1456 = DIRECTION('',(0.,1.));
#1457 = ( GEOMETRIC_REPRESENTATION_CONTEXT(2) 
PARAMETRIC_REPRESENTATION_CONTEXT() REPRESENTATION_CONTEXT('2D SPACE',''
  ) );
#1458 = ORIENTED_EDGE('',*,*,#1459,.T.);
#1459 = EDGE_CURVE('',#1432,#1460,#1462,.T.);
#1460 = VERTEX_POINT('',#1461);
#1461 = CARTESIAN_POINT('',(-56.15,21.15,0.));
#1462 = SURFACE_CURVE('',#1463,(#1467,#1474),.PCURVE_S1.);
#1463 = LINE('',#1464,#1465);
#1464 = CARTESIAN_POINT('',(-56.15,21.15,-40.));
#1465 = VECTOR('',#1466,1.);
#1466 = DIRECTION('',(0.,0.,1.));
#1467 = PCURVE('',#1407,#1468);
#1468 = DEFINITIONAL_REPRESENTATION('',(#1469),#1473);
#1469 = LINE('',#1470,#1471);
#1470 = CARTESIAN_POINT('',(0.,-42.3));
#1471 = VECTOR('',#1472,1.);
#1472 = DIRECTION('',(1.,0.));
#1473 = ( GEOMETRIC_REPRESENTATION_CONTEXT(2) 
PARAMETRIC_REPRESENTATION_CONTEXT() REPRESENTATION_CONTEXT('2D SPACE',''
  ) );
#1474 = PCURVE('',#1475,#1480);
#1475 = PLANE('',#1476);
#1476 = AXIS2_PLACEMENT_3D('',#1477,#1478,#1479);
#1477 = CARTESIAN_POINT('',(-56.15,21.15,-40.));
#1478 = DIRECTION('',(0.,1.,0.));
#1479 = DIRECTION('',(0.,0.,1.));
#1480 = DEFINITIONAL_REPRESENTATION('',(#1481),#1485);
#1481 = LINE('',#1482,#1483);
#1482 = CARTESIAN_POINT('',(0.,0.));
#1483 = VECTOR('',#1484,1.);
#1484 = DIRECTION('',(1.,0.));
#1485 = ( GEOMETRIC_REPRESENTATION_CONTEXT(2) 
PARAMETRIC_REPRESENTATION_CONTEXT() REPRESENTATION_CONTEXT('2D SPACE',''
  ) );
#1486 = ORIENTED_EDGE('',*,*,#1487,.F.);
#1487 = EDGE_CURVE('',#1399,#1460,#1488,.T.);
#1488 = SURFACE_CURVE('',#1489,(#1493,#1500),.PCURVE_S1.);
#1489 = LINE('',#1490,#1491);
#1490 = CARTESIAN_POINT('',(-56.15,-21.15,0.));
#1491 = VECTOR('',#1492,1.);
#1492 = DIRECTION('',(0.,1.,0.));
#1493 = PCURVE('',#1407,#1494);
#1494 = DEFINITIONAL_REPRESENTATION('',(#1495),#1499);
#1495 = LINE('',#1496,#1497);
#1496 = CARTESIAN_POINT('',(40.,0.));
#1497 = VECTOR('',#1498,1.);
#1498 = DIRECTION('',(0.,-1.));
#1499 = ( GEOMETRIC_REPRESENTATION_CONTEXT(2) 
PARAMETRIC_REPRESENTATION_CONTEXT() REPRESENTATION_CONTEXT('2D SPACE',''
  ) );
#1500 = PCURVE('',#1501,#1506);
#1501 = PLANE('',#1502);
#1502 = AXIS2_PLACEMENT_3D('',#1503,#1504,#1505);
#1503 = CARTESIAN_POINT('',(-56.15,-21.15,0.));
#1504 = DIRECTION('',(0.,0.,1.));
#1505 = DIRECTION('',(1.,0.,0.));
#1506 = DEFINITIONAL_REPRESENTATION('',(#1507),#1511);
#1507 = LINE('',#1508,#1509);
#1508 = CARTESIAN_POINT('',(0.,0.));
#1509 = VECTOR('',#1510,1.);
#1510 = DIRECTION('',(0.,1.));
#1511 = ( GEOMETRIC_REPRESENTATION_CONTEXT(2) 
PARAMETRIC_REPRESENTATION_CONTEXT() REPRESENTATION_CONTEXT('2D SPACE',''
  ) );
#1512 = ADVANCED_FACE('',(#1513),#1527,.T.);
#1513 = FACE_BOUND('',#1514,.T.);
#1514 = EDGE_LOOP('',(#1515,#1545,#1568,#1591));
#1515 = ORIENTED_EDGE('',*,*,#1516,.F.);
#1516 = EDGE_CURVE('',#1517,#1519,#1521,.T.);
#1517 = VERTEX_POINT('',#1518);
#1518 = CARTESIAN_POINT('',(-13.85,-21.15,-40.));
#1519 = VERTEX_POINT('',#1520);
#1520 = CARTESIAN_POINT('',(-13.85,-21.15,0.));
#1521 = SURFACE_CURVE('',#1522,(#1526,#1538),.PCURVE_S1.);
#1522 = LINE('',#1523,#1524);
#1523 = CARTESIAN_POINT('',(-13.85,-21.15,-40.));
#1524 = VECTOR('',#1525,1.);
#1525 = DIRECTION('',(0.,0.,1.));
#1526 = PCURVE('',#1527,#1532);
#1527 = PLANE('',#1528);
#1528 = AXIS2_PLACEMENT_3D('',#1529,#1530,#1531);
#1529 = CARTESIAN_POINT('',(-13.85,-21.15,-40.));
#1530 = DIRECTION('',(1.,0.,0.));
#1531 = DIRECTION('',(0.,0.,1.));
#1532 = DEFINITIONAL_REPRESENTATION('',(#1533),#1537);
#1533 = LINE('',#1534,#1535);
#1534 = CARTESIAN_POINT('',(0.,0.));
#1535 = VECTOR('',#1536,1.);
#1536 = DIRECTION('',(1.,0.));
#1537 = ( GEOMETRIC_REPRESENTATION_CONTEXT(2) 
PARAMETRIC_REPRESENTATION_CONTEXT() REPRESENTATION_CONTEXT('2D SPACE',''
  ) );
#1538 = PCURVE('',#1419,#1539);
#1539 = DEFINITIONAL_REPRESENTATION('',(#1540),#1544);
#1540 = LINE('',#1541,#1542);
#1541 = CARTESIAN_POINT('',(0.,42.3));
#1542 = VECTOR('',#1543,1.);
#1543 = DIRECTION('',(1.,0.));
#1544 = ( GEOMETRIC_REPRESENTATION_CONTEXT(2) 
PARAMETRIC_REPRESENTATION_CONTEXT() REPRESENTATION_CONTEXT('2D SPACE',''
  ) );
#1545 = ORIENTED_EDGE('',*,*,#1546,.T.);
#1546 = EDGE_CURVE('',#1517,#1547,#1549,.T.);
#1547 = VERTEX_POINT('',#1548);
#1548 = CARTESIAN_POINT('',(-13.85,21.15,-40.));
#1549 = SURFACE_CURVE('',#1550,(#1554,#1561),.PCURVE_S1.);
#1550 = LINE('',#1551,#1552);
#1551 = CARTESIAN_POINT('',(-13.85,-21.15,-40.));
#1552 = VECTOR('',#1553,1.);
#1553 = DIRECTION('',(0.,1.,0.));
#1554 = PCURVE('',#1527,#1555);
#1555 = DEFINITIONAL_REPRESENTATION('',(#1556),#1560);
#1556 = LINE('',#1557,#1558);
#1557 = CARTESIAN_POINT('',(0.,0.));
#1558 = VECTOR('',#1559,1.);
#1559 = DIRECTION('',(0.,-1.));
#1560 = ( GEOMETRIC_REPRESENTATION_CONTEXT(2) 
PARAMETRIC_REPRESENTATION_CONTEXT() REPRESENTATION_CONTEXT('2D SPACE',''
  ) );
#1561 = PCURVE('',#1447,#1562);
#1562 = DEFINITIONAL_REPRESENTATION('',(#1563),#1567);
#1563 = LINE('',#1564,#1565);
#1564 = CARTESIAN_POINT('',(42.3,0.));
#1565 = VECTOR('',#1566,1.);
#1566 = DIRECTION('',(0.,1.));
#1567 = ( GEOMETRIC_REPRESENTATION_CONTEXT(2) 
PARAMETRIC_REPRESENTATION_CONTEXT() REPRESENTATION_CONTEXT('2D SPACE',''
  ) );
#1568 = ORIENTED_EDGE('',*,*,#1569,.T.);
#1569 = EDGE_CURVE('',#1547,#1570,#1572,.T.);
#1570 = VERTEX_POINT('',#1571);
#1571 = CARTESIAN_POINT('',(-13.85,21.15,0.));
#1572 = SURFACE_CURVE('',#1573,(#1577,#1584),.PCURVE_S1.);
#1573 = LINE('',#1574,#1575);
#1574 = CARTESIAN_POINT('',(-13.85,21.15,-40.));
#1575 = VECTOR('',#1576,1.);
#1576 = DIRECTION('',(0.,0.,1.));
#1577 = PCURVE('',#1527,#1578);
#1578 = DEFINITIONAL_REPRESENTATION('',(#1579),#1583);
#1579 = LINE('',#1580,#1581);
#1580 = CARTESIAN_POINT('',(0.,-42.3));
#1581 = VECTOR('',#1582,1.);
#1582 = DIRECTION('',(1.,0.));
#1583 = ( GEOMETRIC_REPRESENTATION_CONTEXT(2) 
PARAMETRIC_REPRESENTATION_CONTEXT() REPRESENTATION_CONTEXT('2D SPACE',''
  ) );
#1584 = PCURVE('',#1475,#1585);
#1585 = DEFINITIONAL_REPRESENTATION('',(#1586),#1590);
#1586 = LINE('',#1587,#1588);
#1587 = CARTESIAN_POINT('',(0.,42.3));
#1588 = VECTOR('',#1589,1.);
#1589 = DIRECTION('',(1.,0.));
#1590 = ( GEOMETRIC_REPRESENTATION_CONTEXT(2) 
PARAMETRIC_REPRESENTATION_CONTEXT() REPRESENTATION_CONTEXT('2D SPACE',''
  ) );
#1591 = ORIENTED_EDGE('',*,*,#1592,.F.);
#1592 = EDGE_CURVE('',#1519,#1570,#1593,.T.);
#1593 = SURFACE_CURVE('',#1594,(#1598,#1605),.PCURVE_S1.);
#1594 = LINE('',#1595,#1596);
#1595 = CARTESIAN_POINT('',(-13.85,-21.15,0.));
#1596 = VECTOR('',#1597,1.);
#1597 = DIRECTION('',(0.,1.,0.));
#1598 = PCURVE('',#1527,#1599);
#1599 = DEFINITIONAL_REPRESENTATION('',(#1600),#1604);
#1600 = LINE('',#1601,#1602);
#1601 = CARTESIAN_POINT('',(40.,0.));
#1602 = VECTOR('',#1603,1.);
#1603 = DIRECTION('',(0.,-1.));
#1604 = ( GEOMETRIC_REPRESENTATION_CONTEXT(2) 
PARAMETRIC_REPRESENTATION_CONTEXT() REPRESENTATION_CONTEXT('2D SPACE',''
  ) );
#1605 = PCURVE('',#1501,#1606);
#1606 = DEFINITIONAL_REPRESENTATION('',(#1607),#1611);
#1607 = LINE('',#1608,#1609);
#1608 = CARTESIAN_POINT('',(42.3,0.));
#1609 = VECTOR('',#1610,1.);
#1610 = DIRECTION('',(0.,1.));
#1611 = ( GEOMETRIC_REPRESENTATION_CONTEXT(2) 
PARAMETRIC_REPRESENTATION_CONTEXT() REPRESENTATION_CONTEXT('2D SPACE',''
  ) );
#1612 = ADVANCED_FACE('',(#1613),#1419,.F.);
#1613 = FACE_BOUND('',#1614,.F.);
#1614 = EDGE_LOOP('',(#1615,#1636,#1637,#1658));
#1615 = ORIENTED_EDGE('',*,*,#1616,.F.);
#1616 = EDGE_CURVE('',#1397,#1517,#1617,.T.);
#1617 = SURFACE_CURVE('',#1618,(#1622,#1629),.PCURVE_S1.);
#1618 = LINE('',#1619,#1620);
#1619 = CARTESIAN_POINT('',(-56.15,-21.15,-40.));
#1620 = VECTOR('',#1621,1.);
#1621 = DIRECTION('',(1.,0.,0.));
#1622 = PCURVE('',#1419,#1623);
#1623 = DEFINITIONAL_REPRESENTATION('',(#1624),#1628);
#1624 = LINE('',#1625,#1626);
#1625 = CARTESIAN_POINT('',(0.,0.));
#1626 = VECTOR('',#1627,1.);
#1627 = DIRECTION('',(0.,1.));
#1628 = ( GEOMETRIC_REPRESENTATION_CONTEXT(2) 
PARAMETRIC_REPRESENTATION_CONTEXT() REPRESENTATION_CONTEXT('2D SPACE',''
  ) );
#1629 = PCURVE('',#1447,#1630);
#1630 = DEFINITIONAL_REPRESENTATION('',(#1631),#1635);
#1631 = LINE('',#1632,#1633);
#1632 = CARTESIAN_POINT('',(0.,0.));
#1633 = VECTOR('',#1634,1.);
#1634 = DIRECTION('',(1.,0.));
#1635 = ( GEOMETRIC_REPRESENTATION_CONTEXT(2) 
PARAMETRIC_REPRESENTATION_CONTEXT() REPRESENTATION_CONTEXT('2D SPACE',''
  ) );
#1636 = ORIENTED_EDGE('',*,*,#1396,.T.);
#1637 = ORIENTED_EDGE('',*,*,#1638,.T.);
#1638 = EDGE_CURVE('',#1399,#1519,#1639,.T.);
#1639 = SURFACE_CURVE('',#1640,(#1644,#1651),.PCURVE_S1.);
#1640 = LINE('',#1641,#1642);
#1641 = CARTESIAN_POINT('',(-56.15,-21.15,0.));
#1642 = VECTOR('',#1643,1.);
#1643 = DIRECTION('',(1.,0.,0.));
#1644 = PCURVE('',#1419,#1645);
#1645 = DEFINITIONAL_REPRESENTATION('',(#1646),#1650);
#1646 = LINE('',#1647,#1648);
#1647 = CARTESIAN_POINT('',(40.,0.));
#1648 = VECTOR('',#1649,1.);
#1649 = DIRECTION('',(0.,1.));
#1650 = ( GEOMETRIC_REPRESENTATION_CONTEXT(2) 
PARAMETRIC_REPRESENTATION_CONTEXT() REPRESENTATION_CONTEXT('2D SPACE',''
  ) );
#1651 = PCURVE('',#1501,#1652);
#1652 = DEFINITIONAL_REPRESENTATION('',(#1653),#1657);
#1653 = LINE('',#1654,#1655);
#1654 = CARTESIAN_POINT('',(0.,0.));
#1655 = VECTOR('',#1656,1.);
#1656 = DIRECTION('',(1.,0.));
#1657 = ( GEOMETRIC_REPRESENTATION_CONTEXT(2) 
PARAMETRIC_REPRESENTATION_CONTEXT() REPRESENTATION_CONTEXT('2D SPACE',''
  ) );
#1658 = ORIENTED_EDGE('',*,*,#1516,.F.);
#1659 = ADVANCED_FACE('',(#1660),#1475,.T.);
#1660 = FACE_BOUND('',#1661,.T.);
#1661 = EDGE_LOOP('',(#1662,#1683,#1684,#1705));
#1662 = ORIENTED_EDGE('',*,*,#1663,.F.);
#1663 = EDGE_CURVE('',#1432,#1547,#1664,.T.);
#1664 = SURFACE_CURVE('',#1665,(#1669,#1676),.PCURVE_S1.);
#1665 = LINE('',#1666,#1667);
#1666 = CARTESIAN_POINT('',(-56.15,21.15,-40.));
#1667 = VECTOR('',#1668,1.);
#1668 = DIRECTION('',(1.,0.,0.));
#1669 = PCURVE('',#1475,#1670);
#1670 = DEFINITIONAL_REPRESENTATION('',(#1671),#1675);
#1671 = LINE('',#1672,#1673);
#1672 = CARTESIAN_POINT('',(0.,0.));
#1673 = VECTOR('',#1674,1.);
#1674 = DIRECTION('',(0.,1.));
#1675 = ( GEOMETRIC_REPRESENTATION_CONTEXT(2) 
PARAMETRIC_REPRESENTATION_CONTEXT() REPRESENTATION_CONTEXT('2D SPACE',''
  ) );
#1676 = PCURVE('',#1447,#1677);
#1677 = DEFINITIONAL_REPRESENTATION('',(#1678),#1682);
#1678 = LINE('',#1679,#1680);
#1679 = CARTESIAN_POINT('',(0.,42.3));
#1680 = VECTOR('',#1681,1.);
#1681 = DIRECTION('',(1.,0.));
#1682 = ( GEOMETRIC_REPRESENTATION_CONTEXT(2) 
PARAMETRIC_REPRESENTATION_CONTEXT() REPRESENTATION_CONTEXT('2D SPACE',''
  ) );
#1683 = ORIENTED_EDGE('',*,*,#1459,.T.);
#1684 = ORIENTED_EDGE('',*,*,#1685,.T.);
#1685 = EDGE_CURVE('',#1460,#1570,#1686,.T.);
#1686 = SURFACE_CURVE('',#1687,(#1691,#1698),.PCURVE_S1.);
#1687 = LINE('',#1688,#1689);
#1688 = CARTESIAN_POINT('',(-56.15,21.15,0.));
#1689 = VECTOR('',#1690,1.);
#1690 = DIRECTION('',(1.,0.,0.));
#1691 = PCURVE('',#1475,#1692);
#1692 = DEFINITIONAL_REPRESENTATION('',(#1693),#1697);
#1693 = LINE('',#1694,#1695);
#1694 = CARTESIAN_POINT('',(40.,0.));
#1695 = VECTOR('',#1696,1.);
#1696 = DIRECTION('',(0.,1.));
#1697 = ( GEOMETRIC_REPRESENTATION_CONTEXT(2) 
PARAMETRIC_REPRESENTATION_CONTEXT() REPRESENTATION_CONTEXT('2D SPACE',''
  ) );
#1698 = PCURVE('',#1501,#1699);
#1699 = DEFINITIONAL_REPRESENTATION('',(#1700),#1704);
#1700 = LINE('',#1701,#1702);
#1701 = CARTESIAN_POINT('',(0.,42.3));
#1702 = VECTOR('',#1703,1.);
#1703 = DIRECTION('',(1.,0.));
#1704 = ( GEOMETRIC_REPRESENTATION_CONTEXT(2) 
PARAMETRIC_REPRESENTATION_CONTEXT() REPRESENTATION_CONTEXT('2D SPACE',''
  ) );
#1705 = ORIENTED_EDGE('',*,*,#1569,.F.);
#1706 = ADVANCED_FACE('',(#1707),#1447,.F.);
#1707 = FACE_BOUND('',#1708,.F.);
#1708 = EDGE_LOOP('',(#1709,#1710,#1711,#1712));
#1709 = ORIENTED_EDGE('',*,*,#1431,.F.);
#1710 = ORIENTED_EDGE('',*,*,#1616,.T.);
#1711 = ORIENTED_EDGE('',*,*,#1546,.T.);
#1712 = ORIENTED_EDGE('',*,*,#1663,.F.);
#1713 = ADVANCED_FACE('',(#1714),#1501,.T.);
#1714 = FACE_BOUND('',#1715,.T.);
#1715 = EDGE_LOOP('',(#1716,#1717,#1718,#1719));
#1716 = ORIENTED_EDGE('',*,*,#1487,.F.);
#1717 = ORIENTED_EDGE('',*,*,#1638,.T.);
#1718 = ORIENTED_EDGE('',*,*,#1592,.T.);
#1719 = ORIENTED_EDGE('',*,*,#1685,.F.);
#1720 = ( GEOMETRIC_REPRESENTATION_CONTEXT(3) 
GLOBAL_UNCERTAINTY_ASSIGNED_CONTEXT((#1724)) 
GLOBAL_UNIT_ASSIGNED_CONTEXT((#1721,#1722,#1723)) REPRESENTATION_CONTEXT
('Context #1','3D Context with UNIT and UNCERTAINTY') );
#1721 = ( LENGTH_UNIT() NAMED_UNIT(*) SI_UNIT(.MILLI.,.METRE.) );
#1722 = ( NAMED_UNIT(*) PLANE_ANGLE_UNIT() SI_UNIT($,.RADIAN.) );
#1723 = ( NAMED_UNIT(*) SI_UNIT($,.STERADIAN.) SOLID_ANGLE_UNIT() );
#1724 = UNCERTAINTY_MEASURE_WITH_UNIT(LENGTH_MEASURE(1.E-07),#1721,
  'distance_accuracy_value','confusion accuracy');
#1725 = CONTEXT_DEPENDENT_SHAPE_REPRESENTATION(#1726,#1728);
#1726 = ( REPRESENTATION_RELATIONSHIP('','',#1389,#10) 
REPRESENTATION_RELATIONSHIP_WITH_TRANSFORMATION(#1727) 
SHAPE_REPRESENTATION_RELATIONSHIP() );
#1727 = ITEM_DEFINED_TRANSFORMATION('','',#11,#19);
#1728 = PRODUCT_DEFINITION_SHAPE('Placement','Placement of an item',
  #1729);
#1729 = NEXT_ASSEMBLY_USAGE_OCCURRENCE('2','nema17_motor_body','',#5,
  #1384,$);
#1730 = PRODUCT_RELATED_PRODUCT_CATEGORY('part',$,(#1386));
#1731 = SHAPE_DEFINITION_REPRESENTATION(#1732,#1738);
#1732 = PRODUCT_DEFINITION_SHAPE('','',#1733);
#1733 = PRODUCT_DEFINITION('design','',#1734,#1737);
#1734 = PRODUCT_DEFINITION_FORMATION('','',#1735);
#1735 = PRODUCT('nema17_front_boss','nema17_front_boss','',(#1736));
#1736 = PRODUCT_CONTEXT('',#2,'mechanical');
#1737 = PRODUCT_DEFINITION_CONTEXT('part definition',#2,'design');
#1738 = ADVANCED_BREP_SHAPE_REPRESENTATION('',(#11,#1739),#1837);
#1739 = MANIFOLD_SOLID_BREP('',#1740);
#1740 = CLOSED_SHELL('',(#1741,#1829,#1833));
#1741 = ADVANCED_FACE('',(#1742),#1756,.T.);
#1742 = FACE_BOUND('',#1743,.F.);
#1743 = EDGE_LOOP('',(#1744,#1774,#1801,#1802));
#1744 = ORIENTED_EDGE('',*,*,#1745,.T.);
#1745 = EDGE_CURVE('',#1746,#1748,#1750,.T.);
#1746 = VERTEX_POINT('',#1747);
#1747 = CARTESIAN_POINT('',(-24.,0.,0.));
#1748 = VERTEX_POINT('',#1749);
#1749 = CARTESIAN_POINT('',(-24.,0.,2.));
#1750 = SEAM_CURVE('',#1751,(#1755,#1767),.PCURVE_S1.);
#1751 = LINE('',#1752,#1753);
#1752 = CARTESIAN_POINT('',(-24.,0.,0.));
#1753 = VECTOR('',#1754,1.);
#1754 = DIRECTION('',(0.,0.,1.));
#1755 = PCURVE('',#1756,#1761);
#1756 = CYLINDRICAL_SURFACE('',#1757,11.);
#1757 = AXIS2_PLACEMENT_3D('',#1758,#1759,#1760);
#1758 = CARTESIAN_POINT('',(-35.,0.,0.));
#1759 = DIRECTION('',(-0.,-0.,-1.));
#1760 = DIRECTION('',(1.,0.,0.));
#1761 = DEFINITIONAL_REPRESENTATION('',(#1762),#1766);
#1762 = LINE('',#1763,#1764);
#1763 = CARTESIAN_POINT('',(-0.,0.));
#1764 = VECTOR('',#1765,1.);
#1765 = DIRECTION('',(-0.,-1.));
#1766 = ( GEOMETRIC_REPRESENTATION_CONTEXT(2) 
PARAMETRIC_REPRESENTATION_CONTEXT() REPRESENTATION_CONTEXT('2D SPACE',''
  ) );
#1767 = PCURVE('',#1756,#1768);
#1768 = DEFINITIONAL_REPRESENTATION('',(#1769),#1773);
#1769 = LINE('',#1770,#1771);
#1770 = CARTESIAN_POINT('',(-6.28318530718,0.));
#1771 = VECTOR('',#1772,1.);
#1772 = DIRECTION('',(-0.,-1.));
#1773 = ( GEOMETRIC_REPRESENTATION_CONTEXT(2) 
PARAMETRIC_REPRESENTATION_CONTEXT() REPRESENTATION_CONTEXT('2D SPACE',''
  ) );
#1774 = ORIENTED_EDGE('',*,*,#1775,.T.);
#1775 = EDGE_CURVE('',#1748,#1748,#1776,.T.);
#1776 = SURFACE_CURVE('',#1777,(#1782,#1789),.PCURVE_S1.);
#1777 = CIRCLE('',#1778,11.);
#1778 = AXIS2_PLACEMENT_3D('',#1779,#1780,#1781);
#1779 = CARTESIAN_POINT('',(-35.,0.,2.));
#1780 = DIRECTION('',(0.,0.,1.));
#1781 = DIRECTION('',(1.,0.,0.));
#1782 = PCURVE('',#1756,#1783);
#1783 = DEFINITIONAL_REPRESENTATION('',(#1784),#1788);
#1784 = LINE('',#1785,#1786);
#1785 = CARTESIAN_POINT('',(-0.,-2.));
#1786 = VECTOR('',#1787,1.);
#1787 = DIRECTION('',(-1.,0.));
#1788 = ( GEOMETRIC_REPRESENTATION_CONTEXT(2) 
PARAMETRIC_REPRESENTATION_CONTEXT() REPRESENTATION_CONTEXT('2D SPACE',''
  ) );
#1789 = PCURVE('',#1790,#1795);
#1790 = PLANE('',#1791);
#1791 = AXIS2_PLACEMENT_3D('',#1792,#1793,#1794);
#1792 = CARTESIAN_POINT('',(-35.,4.82137975997E-17,2.));
#1793 = DIRECTION('',(0.,0.,1.));
#1794 = DIRECTION('',(1.,0.,-0.));
#1795 = DEFINITIONAL_REPRESENTATION('',(#1796),#1800);
#1796 = CIRCLE('',#1797,11.);
#1797 = AXIS2_PLACEMENT_2D('',#1798,#1799);
#1798 = CARTESIAN_POINT('',(0.,-4.82137975997E-17));
#1799 = DIRECTION('',(1.,0.));
#1800 = ( GEOMETRIC_REPRESENTATION_CONTEXT(2) 
PARAMETRIC_REPRESENTATION_CONTEXT() REPRESENTATION_CONTEXT('2D SPACE',''
  ) );
#1801 = ORIENTED_EDGE('',*,*,#1745,.F.);
#1802 = ORIENTED_EDGE('',*,*,#1803,.F.);
#1803 = EDGE_CURVE('',#1746,#1746,#1804,.T.);
#1804 = SURFACE_CURVE('',#1805,(#1810,#1817),.PCURVE_S1.);
#1805 = CIRCLE('',#1806,11.);
#1806 = AXIS2_PLACEMENT_3D('',#1807,#1808,#1809);
#1807 = CARTESIAN_POINT('',(-35.,0.,0.));
#1808 = DIRECTION('',(0.,0.,1.));
#1809 = DIRECTION('',(1.,0.,0.));
#1810 = PCURVE('',#1756,#1811);
#1811 = DEFINITIONAL_REPRESENTATION('',(#1812),#1816);
#1812 = LINE('',#1813,#1814);
#1813 = CARTESIAN_POINT('',(-0.,0.));
#1814 = VECTOR('',#1815,1.);
#1815 = DIRECTION('',(-1.,0.));
#1816 = ( GEOMETRIC_REPRESENTATION_CONTEXT(2) 
PARAMETRIC_REPRESENTATION_CONTEXT() REPRESENTATION_CONTEXT('2D SPACE',''
  ) );
#1817 = PCURVE('',#1818,#1823);
#1818 = PLANE('',#1819);
#1819 = AXIS2_PLACEMENT_3D('',#1820,#1821,#1822);
#1820 = CARTESIAN_POINT('',(-35.,4.82137975997E-17,0.));
#1821 = DIRECTION('',(0.,0.,1.));
#1822 = DIRECTION('',(1.,0.,-0.));
#1823 = DEFINITIONAL_REPRESENTATION('',(#1824),#1828);
#1824 = CIRCLE('',#1825,11.);
#1825 = AXIS2_PLACEMENT_2D('',#1826,#1827);
#1826 = CARTESIAN_POINT('',(0.,-4.82137975997E-17));
#1827 = DIRECTION('',(1.,0.));
#1828 = ( GEOMETRIC_REPRESENTATION_CONTEXT(2) 
PARAMETRIC_REPRESENTATION_CONTEXT() REPRESENTATION_CONTEXT('2D SPACE',''
  ) );
#1829 = ADVANCED_FACE('',(#1830),#1818,.F.);
#1830 = FACE_BOUND('',#1831,.F.);
#1831 = EDGE_LOOP('',(#1832));
#1832 = ORIENTED_EDGE('',*,*,#1803,.T.);
#1833 = ADVANCED_FACE('',(#1834),#1790,.T.);
#1834 = FACE_BOUND('',#1835,.T.);
#1835 = EDGE_LOOP('',(#1836));
#1836 = ORIENTED_EDGE('',*,*,#1775,.T.);
#1837 = ( GEOMETRIC_REPRESENTATION_CONTEXT(3) 
GLOBAL_UNCERTAINTY_ASSIGNED_CONTEXT((#1841)) 
GLOBAL_UNIT_ASSIGNED_CONTEXT((#1838,#1839,#1840)) REPRESENTATION_CONTEXT
('Context #1','3D Context with UNIT and UNCERTAINTY') );
#1838 = ( LENGTH_UNIT() NAMED_UNIT(*) SI_UNIT(.MILLI.,.METRE.) );
#1839 = ( NAMED_UNIT(*) PLANE_ANGLE_UNIT() SI_UNIT($,.RADIAN.) );
#1840 = ( NAMED_UNIT(*) SI_UNIT($,.STERADIAN.) SOLID_ANGLE_UNIT() );
#1841 = UNCERTAINTY_MEASURE_WITH_UNIT(LENGTH_MEASURE(1.E-07),#1838,
  'distance_accuracy_value','confusion accuracy');
#1842 = CONTEXT_DEPENDENT_SHAPE_REPRESENTATION(#1843,#1845);
#1843 = ( REPRESENTATION_RELATIONSHIP('','',#1738,#10) 
REPRESENTATION_RELATIONSHIP_WITH_TRANSFORMATION(#1844) 
SHAPE_REPRESENTATION_RELATIONSHIP() );
#1844 = ITEM_DEFINED_TRANSFORMATION('','',#11,#23);
#1845 = PRODUCT_DEFINITION_SHAPE('Placement','Placement of an item',
  #1846);
#1846 = NEXT_ASSEMBLY_USAGE_OCCURRENCE('3','nema17_front_boss','',#5,
  #1733,$);
#1847 = PRODUCT_RELATED_PRODUCT_CATEGORY('part',$,(#1735));
#1848 = SHAPE_DEFINITION_REPRESENTATION(#1849,#1855);
#1849 = PRODUCT_DEFINITION_SHAPE('','',#1850);
#1850 = PRODUCT_DEFINITION('design','',#1851,#1854);
#1851 = PRODUCT_DEFINITION_FORMATION('','',#1852);
#1852 = PRODUCT('motor_shaft_axis_5mm','motor_shaft_axis_5mm','',(#1853)
  );
#1853 = PRODUCT_CONTEXT('',#2,'mechanical');
#1854 = PRODUCT_DEFINITION_CONTEXT('part definition',#2,'design');
#1855 = ADVANCED_BREP_SHAPE_REPRESENTATION('',(#11,#1856),#1954);
#1856 = MANIFOLD_SOLID_BREP('',#1857);
#1857 = CLOSED_SHELL('',(#1858,#1946,#1950));
#1858 = ADVANCED_FACE('',(#1859),#1873,.T.);
#1859 = FACE_BOUND('',#1860,.F.);
#1860 = EDGE_LOOP('',(#1861,#1891,#1918,#1919));
#1861 = ORIENTED_EDGE('',*,*,#1862,.T.);
#1862 = EDGE_CURVE('',#1863,#1865,#1867,.T.);
#1863 = VERTEX_POINT('',#1864);
#1864 = CARTESIAN_POINT('',(-32.5,0.,0.));
#1865 = VERTEX_POINT('',#1866);
#1866 = CARTESIAN_POINT('',(-32.5,0.,24.));
#1867 = SEAM_CURVE('',#1868,(#1872,#1884),.PCURVE_S1.);
#1868 = LINE('',#1869,#1870);
#1869 = CARTESIAN_POINT('',(-32.5,0.,0.));
#1870 = VECTOR('',#1871,1.);
#1871 = DIRECTION('',(0.,0.,1.));
#1872 = PCURVE('',#1873,#1878);
#1873 = CYLINDRICAL_SURFACE('',#1874,2.5);
#1874 = AXIS2_PLACEMENT_3D('',#1875,#1876,#1877);
#1875 = CARTESIAN_POINT('',(-35.,0.,0.));
#1876 = DIRECTION('',(-0.,-0.,-1.));
#1877 = DIRECTION('',(1.,0.,0.));
#1878 = DEFINITIONAL_REPRESENTATION('',(#1879),#1883);
#1879 = LINE('',#1880,#1881);
#1880 = CARTESIAN_POINT('',(-0.,0.));
#1881 = VECTOR('',#1882,1.);
#1882 = DIRECTION('',(-0.,-1.));
#1883 = ( GEOMETRIC_REPRESENTATION_CONTEXT(2) 
PARAMETRIC_REPRESENTATION_CONTEXT() REPRESENTATION_CONTEXT('2D SPACE',''
  ) );
#1884 = PCURVE('',#1873,#1885);
#1885 = DEFINITIONAL_REPRESENTATION('',(#1886),#1890);
#1886 = LINE('',#1887,#1888);
#1887 = CARTESIAN_POINT('',(-6.28318530718,0.));
#1888 = VECTOR('',#1889,1.);
#1889 = DIRECTION('',(-0.,-1.));
#1890 = ( GEOMETRIC_REPRESENTATION_CONTEXT(2) 
PARAMETRIC_REPRESENTATION_CONTEXT() REPRESENTATION_CONTEXT('2D SPACE',''
  ) );
#1891 = ORIENTED_EDGE('',*,*,#1892,.T.);
#1892 = EDGE_CURVE('',#1865,#1865,#1893,.T.);
#1893 = SURFACE_CURVE('',#1894,(#1899,#1906),.PCURVE_S1.);
#1894 = CIRCLE('',#1895,2.5);
#1895 = AXIS2_PLACEMENT_3D('',#1896,#1897,#1898);
#1896 = CARTESIAN_POINT('',(-35.,0.,24.));
#1897 = DIRECTION('',(0.,0.,1.));
#1898 = DIRECTION('',(1.,0.,0.));
#1899 = PCURVE('',#1873,#1900);
#1900 = DEFINITIONAL_REPRESENTATION('',(#1901),#1905);
#1901 = LINE('',#1902,#1903);
#1902 = CARTESIAN_POINT('',(-0.,-24.));
#1903 = VECTOR('',#1904,1.);
#1904 = DIRECTION('',(-1.,0.));
#1905 = ( GEOMETRIC_REPRESENTATION_CONTEXT(2) 
PARAMETRIC_REPRESENTATION_CONTEXT() REPRESENTATION_CONTEXT('2D SPACE',''
  ) );
#1906 = PCURVE('',#1907,#1912);
#1907 = PLANE('',#1908);
#1908 = AXIS2_PLACEMENT_3D('',#1909,#1910,#1911);
#1909 = CARTESIAN_POINT('',(-35.,1.714341265789E-16,24.));
#1910 = DIRECTION('',(0.,0.,1.));
#1911 = DIRECTION('',(1.,0.,-0.));
#1912 = DEFINITIONAL_REPRESENTATION('',(#1913),#1917);
#1913 = CIRCLE('',#1914,2.5);
#1914 = AXIS2_PLACEMENT_2D('',#1915,#1916);
#1915 = CARTESIAN_POINT('',(0.,-1.714341265789E-16));
#1916 = DIRECTION('',(1.,0.));
#1917 = ( GEOMETRIC_REPRESENTATION_CONTEXT(2) 
PARAMETRIC_REPRESENTATION_CONTEXT() REPRESENTATION_CONTEXT('2D SPACE',''
  ) );
#1918 = ORIENTED_EDGE('',*,*,#1862,.F.);
#1919 = ORIENTED_EDGE('',*,*,#1920,.F.);
#1920 = EDGE_CURVE('',#1863,#1863,#1921,.T.);
#1921 = SURFACE_CURVE('',#1922,(#1927,#1934),.PCURVE_S1.);
#1922 = CIRCLE('',#1923,2.5);
#1923 = AXIS2_PLACEMENT_3D('',#1924,#1925,#1926);
#1924 = CARTESIAN_POINT('',(-35.,0.,0.));
#1925 = DIRECTION('',(0.,0.,1.));
#1926 = DIRECTION('',(1.,0.,0.));
#1927 = PCURVE('',#1873,#1928);
#1928 = DEFINITIONAL_REPRESENTATION('',(#1929),#1933);
#1929 = LINE('',#1930,#1931);
#1930 = CARTESIAN_POINT('',(-0.,0.));
#1931 = VECTOR('',#1932,1.);
#1932 = DIRECTION('',(-1.,0.));
#1933 = ( GEOMETRIC_REPRESENTATION_CONTEXT(2) 
PARAMETRIC_REPRESENTATION_CONTEXT() REPRESENTATION_CONTEXT('2D SPACE',''
  ) );
#1934 = PCURVE('',#1935,#1940);
#1935 = PLANE('',#1936);
#1936 = AXIS2_PLACEMENT_3D('',#1937,#1938,#1939);
#1937 = CARTESIAN_POINT('',(-35.,1.714341265789E-16,0.));
#1938 = DIRECTION('',(0.,0.,1.));
#1939 = DIRECTION('',(1.,0.,-0.));
#1940 = DEFINITIONAL_REPRESENTATION('',(#1941),#1945);
#1941 = CIRCLE('',#1942,2.5);
#1942 = AXIS2_PLACEMENT_2D('',#1943,#1944);
#1943 = CARTESIAN_POINT('',(0.,-1.714341265789E-16));
#1944 = DIRECTION('',(1.,0.));
#1945 = ( GEOMETRIC_REPRESENTATION_CONTEXT(2) 
PARAMETRIC_REPRESENTATION_CONTEXT() REPRESENTATION_CONTEXT('2D SPACE',''
  ) );
#1946 = ADVANCED_FACE('',(#1947),#1935,.F.);
#1947 = FACE_BOUND('',#1948,.F.);
#1948 = EDGE_LOOP('',(#1949));
#1949 = ORIENTED_EDGE('',*,*,#1920,.T.);
#1950 = ADVANCED_FACE('',(#1951),#1907,.T.);
#1951 = FACE_BOUND('',#1952,.T.);
#1952 = EDGE_LOOP('',(#1953));
#1953 = ORIENTED_EDGE('',*,*,#1892,.T.);
#1954 = ( GEOMETRIC_REPRESENTATION_CONTEXT(3) 
GLOBAL_UNCERTAINTY_ASSIGNED_CONTEXT((#1958)) 
GLOBAL_UNIT_ASSIGNED_CONTEXT((#1955,#1956,#1957)) REPRESENTATION_CONTEXT
('Context #1','3D Context with UNIT and UNCERTAINTY') );
#1955 = ( LENGTH_UNIT() NAMED_UNIT(*) SI_UNIT(.MILLI.,.METRE.) );
#1956 = ( NAMED_UNIT(*) PLANE_ANGLE_UNIT() SI_UNIT($,.RADIAN.) );
#1957 = ( NAMED_UNIT(*) SI_UNIT($,.STERADIAN.) SOLID_ANGLE_UNIT() );
#1958 = UNCERTAINTY_MEASURE_WITH_UNIT(LENGTH_MEASURE(1.E-07),#1955,
  'distance_accuracy_value','confusion accuracy');
#1959 = CONTEXT_DEPENDENT_SHAPE_REPRESENTATION(#1960,#1962);
#1960 = ( REPRESENTATION_RELATIONSHIP('','',#1855,#10) 
REPRESENTATION_RELATIONSHIP_WITH_TRANSFORMATION(#1961) 
SHAPE_REPRESENTATION_RELATIONSHIP() );
#1961 = ITEM_DEFINED_TRANSFORMATION('','',#11,#27);
#1962 = PRODUCT_DEFINITION_SHAPE('Placement','Placement of an item',
  #1963);
#1963 = NEXT_ASSEMBLY_USAGE_OCCURRENCE('4','motor_shaft_axis_5mm','',#5,
  #1850,$);
#1964 = PRODUCT_RELATED_PRODUCT_CATEGORY('part',$,(#1852));
#1965 = SHAPE_DEFINITION_REPRESENTATION(#1966,#1972);
#1966 = PRODUCT_DEFINITION_SHAPE('','',#1967);
#1967 = PRODUCT_DEFINITION('design','',#1968,#1971);
#1968 = PRODUCT_DEFINITION_FORMATION('','',#1969);
#1969 = PRODUCT('bearing_support_block','bearing_support_block','',(
    #1970));
#1970 = PRODUCT_CONTEXT('',#2,'mechanical');
#1971 = PRODUCT_DEFINITION_CONTEXT('part definition',#2,'design');
#1972 = ADVANCED_BREP_SHAPE_REPRESENTATION('',(#11,#1973),#2303);
#1973 = MANIFOLD_SOLID_BREP('',#1974);
#1974 = CLOSED_SHELL('',(#1975,#2095,#2195,#2242,#2289,#2296));
#1975 = ADVANCED_FACE('',(#1976),#1990,.F.);
#1976 = FACE_BOUND('',#1977,.F.);
#1977 = EDGE_LOOP('',(#1978,#2013,#2041,#2069));
#1978 = ORIENTED_EDGE('',*,*,#1979,.F.);
#1979 = EDGE_CURVE('',#1980,#1982,#1984,.T.);
#1980 = VERTEX_POINT('',#1981);
#1981 = CARTESIAN_POINT('',(18.,-15.,6.));
#1982 = VERTEX_POINT('',#1983);
#1983 = CARTESIAN_POINT('',(18.,-15.,16.));
#1984 = SURFACE_CURVE('',#1985,(#1989,#2001),.PCURVE_S1.);
#1985 = LINE('',#1986,#1987);
#1986 = CARTESIAN_POINT('',(18.,-15.,6.));
#1987 = VECTOR('',#1988,1.);
#1988 = DIRECTION('',(0.,0.,1.));
#1989 = PCURVE('',#1990,#1995);
#1990 = PLANE('',#1991);
#1991 = AXIS2_PLACEMENT_3D('',#1992,#1993,#1994);
#1992 = CARTESIAN_POINT('',(18.,-15.,6.));
#1993 = DIRECTION('',(1.,0.,0.));
#1994 = DIRECTION('',(0.,0.,1.));
#1995 = DEFINITIONAL_REPRESENTATION('',(#1996),#2000);
#1996 = LINE('',#1997,#1998);
#1997 = CARTESIAN_POINT('',(0.,0.));
#1998 = VECTOR('',#1999,1.);
#1999 = DIRECTION('',(1.,0.));
#2000 = ( GEOMETRIC_REPRESENTATION_CONTEXT(2) 
PARAMETRIC_REPRESENTATION_CONTEXT() REPRESENTATION_CONTEXT('2D SPACE',''
  ) );
#2001 = PCURVE('',#2002,#2007);
#2002 = PLANE('',#2003);
#2003 = AXIS2_PLACEMENT_3D('',#2004,#2005,#2006);
#2004 = CARTESIAN_POINT('',(18.,-15.,6.));
#2005 = DIRECTION('',(0.,1.,0.));
#2006 = DIRECTION('',(0.,0.,1.));
#2007 = DEFINITIONAL_REPRESENTATION('',(#2008),#2012);
#2008 = LINE('',#2009,#2010);
#2009 = CARTESIAN_POINT('',(0.,0.));
#2010 = VECTOR('',#2011,1.);
#2011 = DIRECTION('',(1.,0.));
#2012 = ( GEOMETRIC_REPRESENTATION_CONTEXT(2) 
PARAMETRIC_REPRESENTATION_CONTEXT() REPRESENTATION_CONTEXT('2D SPACE',''
  ) );
#2013 = ORIENTED_EDGE('',*,*,#2014,.T.);
#2014 = EDGE_CURVE('',#1980,#2015,#2017,.T.);
#2015 = VERTEX_POINT('',#2016);
#2016 = CARTESIAN_POINT('',(18.,15.,6.));
#2017 = SURFACE_CURVE('',#2018,(#2022,#2029),.PCURVE_S1.);
#2018 = LINE('',#2019,#2020);
#2019 = CARTESIAN_POINT('',(18.,-15.,6.));
#2020 = VECTOR('',#2021,1.);
#2021 = DIRECTION('',(0.,1.,0.));
#2022 = PCURVE('',#1990,#2023);
#2023 = DEFINITIONAL_REPRESENTATION('',(#2024),#2028);
#2024 = LINE('',#2025,#2026);
#2025 = CARTESIAN_POINT('',(0.,0.));
#2026 = VECTOR('',#2027,1.);
#2027 = DIRECTION('',(0.,-1.));
#2028 = ( GEOMETRIC_REPRESENTATION_CONTEXT(2) 
PARAMETRIC_REPRESENTATION_CONTEXT() REPRESENTATION_CONTEXT('2D SPACE',''
  ) );
#2029 = PCURVE('',#2030,#2035);
#2030 = PLANE('',#2031);
#2031 = AXIS2_PLACEMENT_3D('',#2032,#2033,#2034);
#2032 = CARTESIAN_POINT('',(18.,-15.,6.));
#2033 = DIRECTION('',(0.,0.,1.));
#2034 = DIRECTION('',(1.,0.,0.));
#2035 = DEFINITIONAL_REPRESENTATION('',(#2036),#2040);
#2036 = LINE('',#2037,#2038);
#2037 = CARTESIAN_POINT('',(0.,0.));
#2038 = VECTOR('',#2039,1.);
#2039 = DIRECTION('',(0.,1.));
#2040 = ( GEOMETRIC_REPRESENTATION_CONTEXT(2) 
PARAMETRIC_REPRESENTATION_CONTEXT() REPRESENTATION_CONTEXT('2D SPACE',''
  ) );
#2041 = ORIENTED_EDGE('',*,*,#2042,.T.);
#2042 = EDGE_CURVE('',#2015,#2043,#2045,.T.);
#2043 = VERTEX_POINT('',#2044);
#2044 = CARTESIAN_POINT('',(18.,15.,16.));
#2045 = SURFACE_CURVE('',#2046,(#2050,#2057),.PCURVE_S1.);
#2046 = LINE('',#2047,#2048);
#2047 = CARTESIAN_POINT('',(18.,15.,6.));
#2048 = VECTOR('',#2049,1.);
#2049 = DIRECTION('',(0.,0.,1.));
#2050 = PCURVE('',#1990,#2051);
#2051 = DEFINITIONAL_REPRESENTATION('',(#2052),#2056);
#2052 = LINE('',#2053,#2054);
#2053 = CARTESIAN_POINT('',(0.,-30.));
#2054 = VECTOR('',#2055,1.);
#2055 = DIRECTION('',(1.,0.));
#2056 = ( GEOMETRIC_REPRESENTATION_CONTEXT(2) 
PARAMETRIC_REPRESENTATION_CONTEXT() REPRESENTATION_CONTEXT('2D SPACE',''
  ) );
#2057 = PCURVE('',#2058,#2063);
#2058 = PLANE('',#2059);
#2059 = AXIS2_PLACEMENT_3D('',#2060,#2061,#2062);
#2060 = CARTESIAN_POINT('',(18.,15.,6.));
#2061 = DIRECTION('',(0.,1.,0.));
#2062 = DIRECTION('',(0.,0.,1.));
#2063 = DEFINITIONAL_REPRESENTATION('',(#2064),#2068);
#2064 = LINE('',#2065,#2066);
#2065 = CARTESIAN_POINT('',(0.,0.));
#2066 = VECTOR('',#2067,1.);
#2067 = DIRECTION('',(1.,0.));
#2068 = ( GEOMETRIC_REPRESENTATION_CONTEXT(2) 
PARAMETRIC_REPRESENTATION_CONTEXT() REPRESENTATION_CONTEXT('2D SPACE',''
  ) );
#2069 = ORIENTED_EDGE('',*,*,#2070,.F.);
#2070 = EDGE_CURVE('',#1982,#2043,#2071,.T.);
#2071 = SURFACE_CURVE('',#2072,(#2076,#2083),.PCURVE_S1.);
#2072 = LINE('',#2073,#2074);
#2073 = CARTESIAN_POINT('',(18.,-15.,16.));
#2074 = VECTOR('',#2075,1.);
#2075 = DIRECTION('',(0.,1.,0.));
#2076 = PCURVE('',#1990,#2077);
#2077 = DEFINITIONAL_REPRESENTATION('',(#2078),#2082);
#2078 = LINE('',#2079,#2080);
#2079 = CARTESIAN_POINT('',(10.,0.));
#2080 = VECTOR('',#2081,1.);
#2081 = DIRECTION('',(0.,-1.));
#2082 = ( GEOMETRIC_REPRESENTATION_CONTEXT(2) 
PARAMETRIC_REPRESENTATION_CONTEXT() REPRESENTATION_CONTEXT('2D SPACE',''
  ) );
#2083 = PCURVE('',#2084,#2089);
#2084 = PLANE('',#2085);
#2085 = AXIS2_PLACEMENT_3D('',#2086,#2087,#2088);
#2086 = CARTESIAN_POINT('',(18.,-15.,16.));
#2087 = DIRECTION('',(0.,0.,1.));
#2088 = DIRECTION('',(1.,0.,0.));
#2089 = DEFINITIONAL_REPRESENTATION('',(#2090),#2094);
#2090 = LINE('',#2091,#2092);
#2091 = CARTESIAN_POINT('',(0.,0.));
#2092 = VECTOR('',#2093,1.);
#2093 = DIRECTION('',(0.,1.));
#2094 = ( GEOMETRIC_REPRESENTATION_CONTEXT(2) 
PARAMETRIC_REPRESENTATION_CONTEXT() REPRESENTATION_CONTEXT('2D SPACE',''
  ) );
#2095 = ADVANCED_FACE('',(#2096),#2110,.T.);
#2096 = FACE_BOUND('',#2097,.T.);
#2097 = EDGE_LOOP('',(#2098,#2128,#2151,#2174));
#2098 = ORIENTED_EDGE('',*,*,#2099,.F.);
#2099 = EDGE_CURVE('',#2100,#2102,#2104,.T.);
#2100 = VERTEX_POINT('',#2101);
#2101 = CARTESIAN_POINT('',(52.,-15.,6.));
#2102 = VERTEX_POINT('',#2103);
#2103 = CARTESIAN_POINT('',(52.,-15.,16.));
#2104 = SURFACE_CURVE('',#2105,(#2109,#2121),.PCURVE_S1.);
#2105 = LINE('',#2106,#2107);
#2106 = CARTESIAN_POINT('',(52.,-15.,6.));
#2107 = VECTOR('',#2108,1.);
#2108 = DIRECTION('',(0.,0.,1.));
#2109 = PCURVE('',#2110,#2115);
#2110 = PLANE('',#2111);
#2111 = AXIS2_PLACEMENT_3D('',#2112,#2113,#2114);
#2112 = CARTESIAN_POINT('',(52.,-15.,6.));
#2113 = DIRECTION('',(1.,0.,0.));
#2114 = DIRECTION('',(0.,0.,1.));
#2115 = DEFINITIONAL_REPRESENTATION('',(#2116),#2120);
#2116 = LINE('',#2117,#2118);
#2117 = CARTESIAN_POINT('',(0.,0.));
#2118 = VECTOR('',#2119,1.);
#2119 = DIRECTION('',(1.,0.));
#2120 = ( GEOMETRIC_REPRESENTATION_CONTEXT(2) 
PARAMETRIC_REPRESENTATION_CONTEXT() REPRESENTATION_CONTEXT('2D SPACE',''
  ) );
#2121 = PCURVE('',#2002,#2122);
#2122 = DEFINITIONAL_REPRESENTATION('',(#2123),#2127);
#2123 = LINE('',#2124,#2125);
#2124 = CARTESIAN_POINT('',(0.,34.));
#2125 = VECTOR('',#2126,1.);
#2126 = DIRECTION('',(1.,0.));
#2127 = ( GEOMETRIC_REPRESENTATION_CONTEXT(2) 
PARAMETRIC_REPRESENTATION_CONTEXT() REPRESENTATION_CONTEXT('2D SPACE',''
  ) );
#2128 = ORIENTED_EDGE('',*,*,#2129,.T.);
#2129 = EDGE_CURVE('',#2100,#2130,#2132,.T.);
#2130 = VERTEX_POINT('',#2131);
#2131 = CARTESIAN_POINT('',(52.,15.,6.));
#2132 = SURFACE_CURVE('',#2133,(#2137,#2144),.PCURVE_S1.);
#2133 = LINE('',#2134,#2135);
#2134 = CARTESIAN_POINT('',(52.,-15.,6.));
#2135 = VECTOR('',#2136,1.);
#2136 = DIRECTION('',(0.,1.,0.));
#2137 = PCURVE('',#2110,#2138);
#2138 = DEFINITIONAL_REPRESENTATION('',(#2139),#2143);
#2139 = LINE('',#2140,#2141);
#2140 = CARTESIAN_POINT('',(0.,0.));
#2141 = VECTOR('',#2142,1.);
#2142 = DIRECTION('',(0.,-1.));
#2143 = ( GEOMETRIC_REPRESENTATION_CONTEXT(2) 
PARAMETRIC_REPRESENTATION_CONTEXT() REPRESENTATION_CONTEXT('2D SPACE',''
  ) );
#2144 = PCURVE('',#2030,#2145);
#2145 = DEFINITIONAL_REPRESENTATION('',(#2146),#2150);
#2146 = LINE('',#2147,#2148);
#2147 = CARTESIAN_POINT('',(34.,0.));
#2148 = VECTOR('',#2149,1.);
#2149 = DIRECTION('',(0.,1.));
#2150 = ( GEOMETRIC_REPRESENTATION_CONTEXT(2) 
PARAMETRIC_REPRESENTATION_CONTEXT() REPRESENTATION_CONTEXT('2D SPACE',''
  ) );
#2151 = ORIENTED_EDGE('',*,*,#2152,.T.);
#2152 = EDGE_CURVE('',#2130,#2153,#2155,.T.);
#2153 = VERTEX_POINT('',#2154);
#2154 = CARTESIAN_POINT('',(52.,15.,16.));
#2155 = SURFACE_CURVE('',#2156,(#2160,#2167),.PCURVE_S1.);
#2156 = LINE('',#2157,#2158);
#2157 = CARTESIAN_POINT('',(52.,15.,6.));
#2158 = VECTOR('',#2159,1.);
#2159 = DIRECTION('',(0.,0.,1.));
#2160 = PCURVE('',#2110,#2161);
#2161 = DEFINITIONAL_REPRESENTATION('',(#2162),#2166);
#2162 = LINE('',#2163,#2164);
#2163 = CARTESIAN_POINT('',(0.,-30.));
#2164 = VECTOR('',#2165,1.);
#2165 = DIRECTION('',(1.,0.));
#2166 = ( GEOMETRIC_REPRESENTATION_CONTEXT(2) 
PARAMETRIC_REPRESENTATION_CONTEXT() REPRESENTATION_CONTEXT('2D SPACE',''
  ) );
#2167 = PCURVE('',#2058,#2168);
#2168 = DEFINITIONAL_REPRESENTATION('',(#2169),#2173);
#2169 = LINE('',#2170,#2171);
#2170 = CARTESIAN_POINT('',(0.,34.));
#2171 = VECTOR('',#2172,1.);
#2172 = DIRECTION('',(1.,0.));
#2173 = ( GEOMETRIC_REPRESENTATION_CONTEXT(2) 
PARAMETRIC_REPRESENTATION_CONTEXT() REPRESENTATION_CONTEXT('2D SPACE',''
  ) );
#2174 = ORIENTED_EDGE('',*,*,#2175,.F.);
#2175 = EDGE_CURVE('',#2102,#2153,#2176,.T.);
#2176 = SURFACE_CURVE('',#2177,(#2181,#2188),.PCURVE_S1.);
#2177 = LINE('',#2178,#2179);
#2178 = CARTESIAN_POINT('',(52.,-15.,16.));
#2179 = VECTOR('',#2180,1.);
#2180 = DIRECTION('',(0.,1.,0.));
#2181 = PCURVE('',#2110,#2182);
#2182 = DEFINITIONAL_REPRESENTATION('',(#2183),#2187);
#2183 = LINE('',#2184,#2185);
#2184 = CARTESIAN_POINT('',(10.,0.));
#2185 = VECTOR('',#2186,1.);
#2186 = DIRECTION('',(0.,-1.));
#2187 = ( GEOMETRIC_REPRESENTATION_CONTEXT(2) 
PARAMETRIC_REPRESENTATION_CONTEXT() REPRESENTATION_CONTEXT('2D SPACE',''
  ) );
#2188 = PCURVE('',#2084,#2189);
#2189 = DEFINITIONAL_REPRESENTATION('',(#2190),#2194);
#2190 = LINE('',#2191,#2192);
#2191 = CARTESIAN_POINT('',(34.,0.));
#2192 = VECTOR('',#2193,1.);
#2193 = DIRECTION('',(0.,1.));
#2194 = ( GEOMETRIC_REPRESENTATION_CONTEXT(2) 
PARAMETRIC_REPRESENTATION_CONTEXT() REPRESENTATION_CONTEXT('2D SPACE',''
  ) );
#2195 = ADVANCED_FACE('',(#2196),#2002,.F.);
#2196 = FACE_BOUND('',#2197,.F.);
#2197 = EDGE_LOOP('',(#2198,#2219,#2220,#2241));
#2198 = ORIENTED_EDGE('',*,*,#2199,.F.);
#2199 = EDGE_CURVE('',#1980,#2100,#2200,.T.);
#2200 = SURFACE_CURVE('',#2201,(#2205,#2212),.PCURVE_S1.);
#2201 = LINE('',#2202,#2203);
#2202 = CARTESIAN_POINT('',(18.,-15.,6.));
#2203 = VECTOR('',#2204,1.);
#2204 = DIRECTION('',(1.,0.,0.));
#2205 = PCURVE('',#2002,#2206);
#2206 = DEFINITIONAL_REPRESENTATION('',(#2207),#2211);
#2207 = LINE('',#2208,#2209);
#2208 = CARTESIAN_POINT('',(0.,0.));
#2209 = VECTOR('',#2210,1.);
#2210 = DIRECTION('',(0.,1.));
#2211 = ( GEOMETRIC_REPRESENTATION_CONTEXT(2) 
PARAMETRIC_REPRESENTATION_CONTEXT() REPRESENTATION_CONTEXT('2D SPACE',''
  ) );
#2212 = PCURVE('',#2030,#2213);
#2213 = DEFINITIONAL_REPRESENTATION('',(#2214),#2218);
#2214 = LINE('',#2215,#2216);
#2215 = CARTESIAN_POINT('',(0.,0.));
#2216 = VECTOR('',#2217,1.);
#2217 = DIRECTION('',(1.,0.));
#2218 = ( GEOMETRIC_REPRESENTATION_CONTEXT(2) 
PARAMETRIC_REPRESENTATION_CONTEXT() REPRESENTATION_CONTEXT('2D SPACE',''
  ) );
#2219 = ORIENTED_EDGE('',*,*,#1979,.T.);
#2220 = ORIENTED_EDGE('',*,*,#2221,.T.);
#2221 = EDGE_CURVE('',#1982,#2102,#2222,.T.);
#2222 = SURFACE_CURVE('',#2223,(#2227,#2234),.PCURVE_S1.);
#2223 = LINE('',#2224,#2225);
#2224 = CARTESIAN_POINT('',(18.,-15.,16.));
#2225 = VECTOR('',#2226,1.);
#2226 = DIRECTION('',(1.,0.,0.));
#2227 = PCURVE('',#2002,#2228);
#2228 = DEFINITIONAL_REPRESENTATION('',(#2229),#2233);
#2229 = LINE('',#2230,#2231);
#2230 = CARTESIAN_POINT('',(10.,0.));
#2231 = VECTOR('',#2232,1.);
#2232 = DIRECTION('',(0.,1.));
#2233 = ( GEOMETRIC_REPRESENTATION_CONTEXT(2) 
PARAMETRIC_REPRESENTATION_CONTEXT() REPRESENTATION_CONTEXT('2D SPACE',''
  ) );
#2234 = PCURVE('',#2084,#2235);
#2235 = DEFINITIONAL_REPRESENTATION('',(#2236),#2240);
#2236 = LINE('',#2237,#2238);
#2237 = CARTESIAN_POINT('',(0.,0.));
#2238 = VECTOR('',#2239,1.);
#2239 = DIRECTION('',(1.,0.));
#2240 = ( GEOMETRIC_REPRESENTATION_CONTEXT(2) 
PARAMETRIC_REPRESENTATION_CONTEXT() REPRESENTATION_CONTEXT('2D SPACE',''
  ) );
#2241 = ORIENTED_EDGE('',*,*,#2099,.F.);
#2242 = ADVANCED_FACE('',(#2243),#2058,.T.);
#2243 = FACE_BOUND('',#2244,.T.);
#2244 = EDGE_LOOP('',(#2245,#2266,#2267,#2288));
#2245 = ORIENTED_EDGE('',*,*,#2246,.F.);
#2246 = EDGE_CURVE('',#2015,#2130,#2247,.T.);
#2247 = SURFACE_CURVE('',#2248,(#2252,#2259),.PCURVE_S1.);
#2248 = LINE('',#2249,#2250);
#2249 = CARTESIAN_POINT('',(18.,15.,6.));
#2250 = VECTOR('',#2251,1.);
#2251 = DIRECTION('',(1.,0.,0.));
#2252 = PCURVE('',#2058,#2253);
#2253 = DEFINITIONAL_REPRESENTATION('',(#2254),#2258);
#2254 = LINE('',#2255,#2256);
#2255 = CARTESIAN_POINT('',(0.,0.));
#2256 = VECTOR('',#2257,1.);
#2257 = DIRECTION('',(0.,1.));
#2258 = ( GEOMETRIC_REPRESENTATION_CONTEXT(2) 
PARAMETRIC_REPRESENTATION_CONTEXT() REPRESENTATION_CONTEXT('2D SPACE',''
  ) );
#2259 = PCURVE('',#2030,#2260);
#2260 = DEFINITIONAL_REPRESENTATION('',(#2261),#2265);
#2261 = LINE('',#2262,#2263);
#2262 = CARTESIAN_POINT('',(0.,30.));
#2263 = VECTOR('',#2264,1.);
#2264 = DIRECTION('',(1.,0.));
#2265 = ( GEOMETRIC_REPRESENTATION_CONTEXT(2) 
PARAMETRIC_REPRESENTATION_CONTEXT() REPRESENTATION_CONTEXT('2D SPACE',''
  ) );
#2266 = ORIENTED_EDGE('',*,*,#2042,.T.);
#2267 = ORIENTED_EDGE('',*,*,#2268,.T.);
#2268 = EDGE_CURVE('',#2043,#2153,#2269,.T.);
#2269 = SURFACE_CURVE('',#2270,(#2274,#2281),.PCURVE_S1.);
#2270 = LINE('',#2271,#2272);
#2271 = CARTESIAN_POINT('',(18.,15.,16.));
#2272 = VECTOR('',#2273,1.);
#2273 = DIRECTION('',(1.,0.,0.));
#2274 = PCURVE('',#2058,#2275);
#2275 = DEFINITIONAL_REPRESENTATION('',(#2276),#2280);
#2276 = LINE('',#2277,#2278);
#2277 = CARTESIAN_POINT('',(10.,0.));
#2278 = VECTOR('',#2279,1.);
#2279 = DIRECTION('',(0.,1.));
#2280 = ( GEOMETRIC_REPRESENTATION_CONTEXT(2) 
PARAMETRIC_REPRESENTATION_CONTEXT() REPRESENTATION_CONTEXT('2D SPACE',''
  ) );
#2281 = PCURVE('',#2084,#2282);
#2282 = DEFINITIONAL_REPRESENTATION('',(#2283),#2287);
#2283 = LINE('',#2284,#2285);
#2284 = CARTESIAN_POINT('',(0.,30.));
#2285 = VECTOR('',#2286,1.);
#2286 = DIRECTION('',(1.,0.));
#2287 = ( GEOMETRIC_REPRESENTATION_CONTEXT(2) 
PARAMETRIC_REPRESENTATION_CONTEXT() REPRESENTATION_CONTEXT('2D SPACE',''
  ) );
#2288 = ORIENTED_EDGE('',*,*,#2152,.F.);
#2289 = ADVANCED_FACE('',(#2290),#2030,.F.);
#2290 = FACE_BOUND('',#2291,.F.);
#2291 = EDGE_LOOP('',(#2292,#2293,#2294,#2295));
#2292 = ORIENTED_EDGE('',*,*,#2014,.F.);
#2293 = ORIENTED_EDGE('',*,*,#2199,.T.);
#2294 = ORIENTED_EDGE('',*,*,#2129,.T.);
#2295 = ORIENTED_EDGE('',*,*,#2246,.F.);
#2296 = ADVANCED_FACE('',(#2297),#2084,.T.);
#2297 = FACE_BOUND('',#2298,.T.);
#2298 = EDGE_LOOP('',(#2299,#2300,#2301,#2302));
#2299 = ORIENTED_EDGE('',*,*,#2070,.F.);
#2300 = ORIENTED_EDGE('',*,*,#2221,.T.);
#2301 = ORIENTED_EDGE('',*,*,#2175,.T.);
#2302 = ORIENTED_EDGE('',*,*,#2268,.F.);
#2303 = ( GEOMETRIC_REPRESENTATION_CONTEXT(3) 
GLOBAL_UNCERTAINTY_ASSIGNED_CONTEXT((#2307)) 
GLOBAL_UNIT_ASSIGNED_CONTEXT((#2304,#2305,#2306)) REPRESENTATION_CONTEXT
('Context #1','3D Context with UNIT and UNCERTAINTY') );
#2304 = ( LENGTH_UNIT() NAMED_UNIT(*) SI_UNIT(.MILLI.,.METRE.) );
#2305 = ( NAMED_UNIT(*) PLANE_ANGLE_UNIT() SI_UNIT($,.RADIAN.) );
#2306 = ( NAMED_UNIT(*) SI_UNIT($,.STERADIAN.) SOLID_ANGLE_UNIT() );
#2307 = UNCERTAINTY_MEASURE_WITH_UNIT(LENGTH_MEASURE(1.E-07),#2304,
  'distance_accuracy_value','confusion accuracy');
#2308 = CONTEXT_DEPENDENT_SHAPE_REPRESENTATION(#2309,#2311);
#2309 = ( REPRESENTATION_RELATIONSHIP('','',#1972,#10) 
REPRESENTATION_RELATIONSHIP_WITH_TRANSFORMATION(#2310) 
SHAPE_REPRESENTATION_RELATIONSHIP() );
#2310 = ITEM_DEFINED_TRANSFORMATION('','',#11,#31);
#2311 = PRODUCT_DEFINITION_SHAPE('Placement','Placement of an item',
  #2312);
#2312 = NEXT_ASSEMBLY_USAGE_OCCURRENCE('5','bearing_support_block','',#5
  ,#1967,$);
#2313 = PRODUCT_RELATED_PRODUCT_CATEGORY('part',$,(#1969));
#2314 = SHAPE_DEFINITION_REPRESENTATION(#2315,#2321);
#2315 = PRODUCT_DEFINITION_SHAPE('','',#2316);
#2316 = PRODUCT_DEFINITION('design','',#2317,#2320);
#2317 = PRODUCT_DEFINITION_FORMATION('','',#2318);
#2318 = PRODUCT('source_locked_bearing_608zz',
  'source_locked_bearing_608zz','',(#2319));
#2319 = PRODUCT_CONTEXT('',#2,'mechanical');
#2320 = PRODUCT_DEFINITION_CONTEXT('part definition',#2,'design');
#2321 = ADVANCED_BREP_SHAPE_REPRESENTATION('',(#11,#2322),#2986);
#2322 = MANIFOLD_SOLID_BREP('',#2323);
#2323 = CLOSED_SHELL('',(#2324,#2392,#2445,#2500,#2555,#2590,#2647,#2706
    ,#2745,#2784,#2839,#2894,#2929,#2959));
#2324 = ADVANCED_FACE('',(#2325,#2361),#2338,.F.);
#2325 = FACE_BOUND('',#2326,.F.);
#2326 = EDGE_LOOP('',(#2327));
#2327 = ORIENTED_EDGE('',*,*,#2328,.T.);
#2328 = EDGE_CURVE('',#2329,#2329,#2331,.T.);
#2329 = VERTEX_POINT('',#2330);
#2330 = CARTESIAN_POINT('',(45.75,2.313805712685E-15,13.25));
#2331 = SURFACE_CURVE('',#2332,(#2337,#2349),.PCURVE_S1.);
#2332 = CIRCLE('',#2333,10.75);
#2333 = AXIS2_PLACEMENT_3D('',#2334,#2335,#2336);
#2334 = CARTESIAN_POINT('',(35.,1.554312234475E-15,13.25));
#2335 = DIRECTION('',(1.99048077319E-48,-4.440892098501E-16,-1.));
#2336 = DIRECTION('',(1.,7.065055611251E-17,-3.137514963947E-32));
#2337 = PCURVE('',#2338,#2343);
#2338 = PLANE('',#2339);
#2339 = AXIS2_PLACEMENT_3D('',#2340,#2341,#2342);
#2340 = CARTESIAN_POINT('',(35.,1.554312234475E-15,13.25));
#2341 = DIRECTION('',(0.,-4.440892098501E-16,-1.));
#2342 = DIRECTION('',(1.,7.065055611251E-17,-3.137514963947E-32));
#2343 = DEFINITIONAL_REPRESENTATION('',(#2344),#2348);
#2344 = CIRCLE('',#2345,10.75);
#2345 = AXIS2_PLACEMENT_2D('',#2346,#2347);
#2346 = CARTESIAN_POINT('',(0.,0.));
#2347 = DIRECTION('',(1.,-1.393336541232E-47));
#2348 = ( GEOMETRIC_REPRESENTATION_CONTEXT(2) 
PARAMETRIC_REPRESENTATION_CONTEXT() REPRESENTATION_CONTEXT('2D SPACE',''
  ) );
#2349 = PCURVE('',#2350,#2355);
#2350 = CONICAL_SURFACE('',#2351,11.,0.785398163397);
#2351 = AXIS2_PLACEMENT_3D('',#2352,#2353,#2354);
#2352 = CARTESIAN_POINT('',(35.,1.443289932013E-15,13.));
#2353 = DIRECTION('',(0.,-4.440892098501E-16,-1.));
#2354 = DIRECTION('',(1.,7.065055611251E-17,-3.137514963947E-32));
#2355 = DEFINITIONAL_REPRESENTATION('',(#2356),#2360);
#2356 = LINE('',#2357,#2358);
#2357 = CARTESIAN_POINT('',(0.,-0.25));
#2358 = VECTOR('',#2359,1.);
#2359 = DIRECTION('',(1.,0.));
#2360 = ( GEOMETRIC_REPRESENTATION_CONTEXT(2) 
PARAMETRIC_REPRESENTATION_CONTEXT() REPRESENTATION_CONTEXT('2D SPACE',''
  ) );
#2361 = FACE_BOUND('',#2362,.F.);
#2362 = EDGE_LOOP('',(#2363));
#2363 = ORIENTED_EDGE('',*,*,#2364,.F.);
#2364 = EDGE_CURVE('',#2365,#2365,#2367,.T.);
#2365 = VERTEX_POINT('',#2366);
#2366 = CARTESIAN_POINT('',(44.25,2.331468351713E-15,13.25));
#2367 = SURFACE_CURVE('',#2368,(#2373,#2380),.PCURVE_S1.);
#2368 = CIRCLE('',#2369,9.25);
#2369 = AXIS2_PLACEMENT_3D('',#2370,#2371,#2372);
#2370 = CARTESIAN_POINT('',(35.,1.554312234475E-15,13.25));
#2371 = DIRECTION('',(-7.544998065977E-48,-4.440892098501E-16,-1.));
#2372 = DIRECTION('',(1.,8.40168775392E-17,-3.731098876046E-32));
#2373 = PCURVE('',#2338,#2374);
#2374 = DEFINITIONAL_REPRESENTATION('',(#2375),#2379);
#2375 = CIRCLE('',#2376,9.25);
#2376 = AXIS2_PLACEMENT_2D('',#2377,#2378);
#2377 = CARTESIAN_POINT('',(0.,0.));
#2378 = DIRECTION('',(1.,-1.336632142669E-17));
#2379 = ( GEOMETRIC_REPRESENTATION_CONTEXT(2) 
PARAMETRIC_REPRESENTATION_CONTEXT() REPRESENTATION_CONTEXT('2D SPACE',''
  ) );
#2380 = PCURVE('',#2381,#2386);
#2381 = CONICAL_SURFACE('',#2382,9.000000245096,0.785397673205);
#2382 = AXIS2_PLACEMENT_3D('',#2383,#2384,#2385);
#2383 = CARTESIAN_POINT('',(35.,1.443289932013E-15,13.));
#2384 = DIRECTION('',(0.,4.440892098501E-16,1.));
#2385 = DIRECTION('',(1.,8.01827718171E-17,-3.560830377985E-32));
#2386 = DEFINITIONAL_REPRESENTATION('',(#2387),#2391);
#2387 = LINE('',#2388,#2389);
#2388 = CARTESIAN_POINT('',(6.28318530718,0.25));
#2389 = VECTOR('',#2390,1.);
#2390 = DIRECTION('',(-1.,0.));
#2391 = ( GEOMETRIC_REPRESENTATION_CONTEXT(2) 
PARAMETRIC_REPRESENTATION_CONTEXT() REPRESENTATION_CONTEXT('2D SPACE',''
  ) );
#2392 = ADVANCED_FACE('',(#2393),#2350,.T.);
#2393 = FACE_BOUND('',#2394,.T.);
#2394 = EDGE_LOOP('',(#2395,#2416,#2417,#2418));
#2395 = ORIENTED_EDGE('',*,*,#2396,.F.);
#2396 = EDGE_CURVE('',#2329,#2397,#2399,.T.);
#2397 = VERTEX_POINT('',#2398);
#2398 = CARTESIAN_POINT('',(46.,2.22044604925E-15,13.));
#2399 = SEAM_CURVE('',#2400,(#2404,#2410),.PCURVE_S1.);
#2400 = LINE('',#2401,#2402);
#2401 = CARTESIAN_POINT('',(46.,2.22044604925E-15,13.));
#2402 = VECTOR('',#2403,1.);
#2403 = DIRECTION('',(0.707106781187,-2.640610044148E-16,-0.707106781187
    ));
#2404 = PCURVE('',#2350,#2405);
#2405 = DEFINITIONAL_REPRESENTATION('',(#2406),#2409);
#2406 = B_SPLINE_CURVE_WITH_KNOTS('',1,(#2407,#2408),.UNSPECIFIED.,.F.,
  .F.,(2,2),(-0.353553390593,0.),.PIECEWISE_BEZIER_KNOTS.);
#2407 = CARTESIAN_POINT('',(0.,-0.25));
#2408 = CARTESIAN_POINT('',(0.,0.));
#2409 = ( GEOMETRIC_REPRESENTATION_CONTEXT(2) 
PARAMETRIC_REPRESENTATION_CONTEXT() REPRESENTATION_CONTEXT('2D SPACE',''
  ) );
#2410 = PCURVE('',#2350,#2411);
#2411 = DEFINITIONAL_REPRESENTATION('',(#2412),#2415);
#2412 = B_SPLINE_CURVE_WITH_KNOTS('',1,(#2413,#2414),.UNSPECIFIED.,.F.,
  .F.,(2,2),(-0.353553390593,0.),.PIECEWISE_BEZIER_KNOTS.);
#2413 = CARTESIAN_POINT('',(6.28318530718,-0.25));
#2414 = CARTESIAN_POINT('',(6.28318530718,0.));
#2415 = ( GEOMETRIC_REPRESENTATION_CONTEXT(2) 
PARAMETRIC_REPRESENTATION_CONTEXT() REPRESENTATION_CONTEXT('2D SPACE',''
  ) );
#2416 = ORIENTED_EDGE('',*,*,#2328,.T.);
#2417 = ORIENTED_EDGE('',*,*,#2396,.T.);
#2418 = ORIENTED_EDGE('',*,*,#2419,.F.);
#2419 = EDGE_CURVE('',#2397,#2397,#2420,.T.);
#2420 = SURFACE_CURVE('',#2421,(#2426,#2433),.PCURVE_S1.);
#2421 = CIRCLE('',#2422,11.);
#2422 = AXIS2_PLACEMENT_3D('',#2423,#2424,#2425);
#2423 = CARTESIAN_POINT('',(35.,1.443289932013E-15,13.));
#2424 = DIRECTION('',(1.99048077319E-48,-4.440892098501E-16,-1.));
#2425 = DIRECTION('',(1.,7.065055611251E-17,-3.137514963947E-32));
#2426 = PCURVE('',#2350,#2427);
#2427 = DEFINITIONAL_REPRESENTATION('',(#2428),#2432);
#2428 = LINE('',#2429,#2430);
#2429 = CARTESIAN_POINT('',(0.,0.));
#2430 = VECTOR('',#2431,1.);
#2431 = DIRECTION('',(1.,0.));
#2432 = ( GEOMETRIC_REPRESENTATION_CONTEXT(2) 
PARAMETRIC_REPRESENTATION_CONTEXT() REPRESENTATION_CONTEXT('2D SPACE',''
  ) );
#2433 = PCURVE('',#2434,#2439);
#2434 = CYLINDRICAL_SURFACE('',#2435,11.);
#2435 = AXIS2_PLACEMENT_3D('',#2436,#2437,#2438);
#2436 = CARTESIAN_POINT('',(35.,-1.554312234475E-15,6.25));
#2437 = DIRECTION('',(0.,4.440892098501E-16,1.));
#2438 = DIRECTION('',(1.,-7.065055611251E-17,3.137514963947E-32));
#2439 = DEFINITIONAL_REPRESENTATION('',(#2440),#2444);
#2440 = LINE('',#2441,#2442);
#2441 = CARTESIAN_POINT('',(6.28318530718,6.75));
#2442 = VECTOR('',#2443,1.);
#2443 = DIRECTION('',(-1.,0.));
#2444 = ( GEOMETRIC_REPRESENTATION_CONTEXT(2) 
PARAMETRIC_REPRESENTATION_CONTEXT() REPRESENTATION_CONTEXT('2D SPACE',''
  ) );
#2445 = ADVANCED_FACE('',(#2446),#2381,.F.);
#2446 = FACE_BOUND('',#2447,.F.);
#2447 = EDGE_LOOP('',(#2448,#2471,#2472,#2473));
#2448 = ORIENTED_EDGE('',*,*,#2449,.T.);
#2449 = EDGE_CURVE('',#2450,#2365,#2452,.T.);
#2450 = VERTEX_POINT('',#2451);
#2451 = CARTESIAN_POINT('',(44.000000245096,2.164934898019E-15,13.));
#2452 = SEAM_CURVE('',#2453,(#2457,#2464),.PCURVE_S1.);
#2453 = LINE('',#2454,#2455);
#2454 = CARTESIAN_POINT('',(44.000000245096,2.164934898019E-15,13.));
#2455 = VECTOR('',#2456,1.);
#2456 = DIRECTION('',(0.707106434568,4.710279684993E-16,0.707107127805)
  );
#2457 = PCURVE('',#2381,#2458);
#2458 = DEFINITIONAL_REPRESENTATION('',(#2459),#2463);
#2459 = LINE('',#2460,#2461);
#2460 = CARTESIAN_POINT('',(6.28318530718,0.));
#2461 = VECTOR('',#2462,1.);
#2462 = DIRECTION('',(-0.,1.));
#2463 = ( GEOMETRIC_REPRESENTATION_CONTEXT(2) 
PARAMETRIC_REPRESENTATION_CONTEXT() REPRESENTATION_CONTEXT('2D SPACE',''
  ) );
#2464 = PCURVE('',#2381,#2465);
#2465 = DEFINITIONAL_REPRESENTATION('',(#2466),#2470);
#2466 = LINE('',#2467,#2468);
#2467 = CARTESIAN_POINT('',(-4.138911435803E-13,0.));
#2468 = VECTOR('',#2469,1.);
#2469 = DIRECTION('',(-0.,1.));
#2470 = ( GEOMETRIC_REPRESENTATION_CONTEXT(2) 
PARAMETRIC_REPRESENTATION_CONTEXT() REPRESENTATION_CONTEXT('2D SPACE',''
  ) );
#2471 = ORIENTED_EDGE('',*,*,#2364,.T.);
#2472 = ORIENTED_EDGE('',*,*,#2449,.F.);
#2473 = ORIENTED_EDGE('',*,*,#2474,.F.);
#2474 = EDGE_CURVE('',#2450,#2450,#2475,.T.);
#2475 = SURFACE_CURVE('',#2476,(#2481,#2488),.PCURVE_S1.);
#2476 = CIRCLE('',#2477,9.000000245096);
#2477 = AXIS2_PLACEMENT_3D('',#2478,#2479,#2480);
#2478 = CARTESIAN_POINT('',(35.,1.443289932013E-15,13.));
#2479 = DIRECTION('',(2.43272822756E-48,-4.440892098501E-16,-1.));
#2480 = DIRECTION('',(1.,8.01827718171E-17,-3.560830377985E-32));
#2481 = PCURVE('',#2381,#2482);
#2482 = DEFINITIONAL_REPRESENTATION('',(#2483),#2487);
#2483 = LINE('',#2484,#2485);
#2484 = CARTESIAN_POINT('',(6.28318530718,0.));
#2485 = VECTOR('',#2486,1.);
#2486 = DIRECTION('',(-1.,0.));
#2487 = ( GEOMETRIC_REPRESENTATION_CONTEXT(2) 
PARAMETRIC_REPRESENTATION_CONTEXT() REPRESENTATION_CONTEXT('2D SPACE',''
  ) );
#2488 = PCURVE('',#2489,#2494);
#2489 = PLANE('',#2490);
#2490 = AXIS2_PLACEMENT_3D('',#2491,#2492,#2493);
#2491 = CARTESIAN_POINT('',(35.,1.443289932013E-15,13.));
#2492 = DIRECTION('',(0.,-4.440892098501E-16,-1.));
#2493 = DIRECTION('',(1.,1.069103692162E-16,-4.747774139E-32));
#2494 = DEFINITIONAL_REPRESENTATION('',(#2495),#2499);
#2495 = CIRCLE('',#2496,9.000000245096);
#2496 = AXIS2_PLACEMENT_2D('',#2497,#2498);
#2497 = CARTESIAN_POINT('',(0.,0.));
#2498 = DIRECTION('',(1.,2.67275973991E-17));
#2499 = ( GEOMETRIC_REPRESENTATION_CONTEXT(2) 
PARAMETRIC_REPRESENTATION_CONTEXT() REPRESENTATION_CONTEXT('2D SPACE',''
  ) );
#2500 = ADVANCED_FACE('',(#2501),#2434,.T.);
#2501 = FACE_BOUND('',#2502,.T.);
#2502 = EDGE_LOOP('',(#2503,#2504,#2527,#2554));
#2503 = ORIENTED_EDGE('',*,*,#2419,.T.);
#2504 = ORIENTED_EDGE('',*,*,#2505,.F.);
#2505 = EDGE_CURVE('',#2506,#2397,#2508,.T.);
#2506 = VERTEX_POINT('',#2507);
#2507 = CARTESIAN_POINT('',(46.,-2.22044604925E-15,6.5));
#2508 = SEAM_CURVE('',#2509,(#2513,#2520),.PCURVE_S1.);
#2509 = LINE('',#2510,#2511);
#2510 = CARTESIAN_POINT('',(46.,-2.331468351713E-15,6.25));
#2511 = VECTOR('',#2512,1.);
#2512 = DIRECTION('',(0.,6.661338147751E-16,1.));
#2513 = PCURVE('',#2434,#2514);
#2514 = DEFINITIONAL_REPRESENTATION('',(#2515),#2519);
#2515 = LINE('',#2516,#2517);
#2516 = CARTESIAN_POINT('',(0.,0.));
#2517 = VECTOR('',#2518,1.);
#2518 = DIRECTION('',(-0.,1.));
#2519 = ( GEOMETRIC_REPRESENTATION_CONTEXT(2) 
PARAMETRIC_REPRESENTATION_CONTEXT() REPRESENTATION_CONTEXT('2D SPACE',''
  ) );
#2520 = PCURVE('',#2434,#2521);
#2521 = DEFINITIONAL_REPRESENTATION('',(#2522),#2526);
#2522 = LINE('',#2523,#2524);
#2523 = CARTESIAN_POINT('',(6.283185307179,0.));
#2524 = VECTOR('',#2525,1.);
#2525 = DIRECTION('',(-0.,1.));
#2526 = ( GEOMETRIC_REPRESENTATION_CONTEXT(2) 
PARAMETRIC_REPRESENTATION_CONTEXT() REPRESENTATION_CONTEXT('2D SPACE',''
  ) );
#2527 = ORIENTED_EDGE('',*,*,#2528,.F.);
#2528 = EDGE_CURVE('',#2506,#2506,#2529,.T.);
#2529 = SURFACE_CURVE('',#2530,(#2535,#2542),.PCURVE_S1.);
#2530 = CIRCLE('',#2531,11.);
#2531 = AXIS2_PLACEMENT_3D('',#2532,#2533,#2534);
#2532 = CARTESIAN_POINT('',(35.,-1.443289932013E-15,6.5));
#2533 = DIRECTION('',(3.483341353079E-48,-4.440892098501E-16,-1.));
#2534 = DIRECTION('',(1.,-7.065055611251E-17,3.137514963947E-32));
#2535 = PCURVE('',#2434,#2536);
#2536 = DEFINITIONAL_REPRESENTATION('',(#2537),#2541);
#2537 = LINE('',#2538,#2539);
#2538 = CARTESIAN_POINT('',(6.28318530718,0.25));
#2539 = VECTOR('',#2540,1.);
#2540 = DIRECTION('',(-1.,0.));
#2541 = ( GEOMETRIC_REPRESENTATION_CONTEXT(2) 
PARAMETRIC_REPRESENTATION_CONTEXT() REPRESENTATION_CONTEXT('2D SPACE',''
  ) );
#2542 = PCURVE('',#2543,#2548);
#2543 = CONICAL_SURFACE('',#2544,11.,0.785398163397);
#2544 = AXIS2_PLACEMENT_3D('',#2545,#2546,#2547);
#2545 = CARTESIAN_POINT('',(35.,-1.443289932013E-15,6.5));
#2546 = DIRECTION('',(0.,4.440892098501E-16,1.));
#2547 = DIRECTION('',(1.,-7.065055611251E-17,3.137514963947E-32));
#2548 = DEFINITIONAL_REPRESENTATION('',(#2549),#2553);
#2549 = LINE('',#2550,#2551);
#2550 = CARTESIAN_POINT('',(6.28318530718,0.));
#2551 = VECTOR('',#2552,1.);
#2552 = DIRECTION('',(-1.,0.));
#2553 = ( GEOMETRIC_REPRESENTATION_CONTEXT(2) 
PARAMETRIC_REPRESENTATION_CONTEXT() REPRESENTATION_CONTEXT('2D SPACE',''
  ) );
#2554 = ORIENTED_EDGE('',*,*,#2505,.T.);
#2555 = ADVANCED_FACE('',(#2556,#2587),#2489,.F.);
#2556 = FACE_BOUND('',#2557,.T.);
#2557 = EDGE_LOOP('',(#2558));
#2558 = ORIENTED_EDGE('',*,*,#2559,.T.);
#2559 = EDGE_CURVE('',#2560,#2560,#2562,.T.);
#2560 = VERTEX_POINT('',#2561);
#2561 = CARTESIAN_POINT('',(41.749999754904,2.164934898019E-15,13.));
#2562 = SURFACE_CURVE('',#2563,(#2568,#2575),.PCURVE_S1.);
#2563 = CIRCLE('',#2564,6.749999754904);
#2564 = AXIS2_PLACEMENT_3D('',#2565,#2566,#2567);
#2565 = CARTESIAN_POINT('',(35.,1.443289932013E-15,13.));
#2566 = DIRECTION('',(-5.879145355485E-48,-4.440892098501E-16,-1.));
#2567 = DIRECTION('',(1.,1.069103692162E-16,-4.747774139E-32));
#2568 = PCURVE('',#2489,#2569);
#2569 = DEFINITIONAL_REPRESENTATION('',(#2570),#2574);
#2570 = CIRCLE('',#2571,6.749999754904);
#2571 = AXIS2_PLACEMENT_2D('',#2572,#2573);
#2572 = CARTESIAN_POINT('',(0.,0.));
#2573 = DIRECTION('',(1.,-2.108435265935E-47));
#2574 = ( GEOMETRIC_REPRESENTATION_CONTEXT(2) 
PARAMETRIC_REPRESENTATION_CONTEXT() REPRESENTATION_CONTEXT('2D SPACE',''
  ) );
#2575 = PCURVE('',#2576,#2581);
#2576 = CONICAL_SURFACE('',#2577,6.5,0.785397673205);
#2577 = AXIS2_PLACEMENT_3D('',#2578,#2579,#2580);
#2578 = CARTESIAN_POINT('',(35.,1.554312234475E-15,13.25));
#2579 = DIRECTION('',(0.,-4.440892098501E-16,-1.));
#2580 = DIRECTION('',(1.,1.19562479575E-16,-5.309640708218E-32));
#2581 = DEFINITIONAL_REPRESENTATION('',(#2582),#2586);
#2582 = LINE('',#2583,#2584);
#2583 = CARTESIAN_POINT('',(0.,0.25));
#2584 = VECTOR('',#2585,1.);
#2585 = DIRECTION('',(1.,0.));
#2586 = ( GEOMETRIC_REPRESENTATION_CONTEXT(2) 
PARAMETRIC_REPRESENTATION_CONTEXT() REPRESENTATION_CONTEXT('2D SPACE',''
  ) );
#2587 = FACE_BOUND('',#2588,.T.);
#2588 = EDGE_LOOP('',(#2589));
#2589 = ORIENTED_EDGE('',*,*,#2474,.F.);
#2590 = ADVANCED_FACE('',(#2591),#2543,.T.);
#2591 = FACE_BOUND('',#2592,.T.);
#2592 = EDGE_LOOP('',(#2593,#2614,#2615,#2616));
#2593 = ORIENTED_EDGE('',*,*,#2594,.F.);
#2594 = EDGE_CURVE('',#2506,#2595,#2597,.T.);
#2595 = VERTEX_POINT('',#2596);
#2596 = CARTESIAN_POINT('',(45.75,-2.313805712685E-15,6.25));
#2597 = SEAM_CURVE('',#2598,(#2602,#2608),.PCURVE_S1.);
#2598 = LINE('',#2599,#2600);
#2599 = CARTESIAN_POINT('',(46.,-2.22044604925E-15,6.5));
#2600 = VECTOR('',#2601,1.);
#2601 = DIRECTION('',(-0.707106781187,-2.640610044148E-16,
    -0.707106781187));
#2602 = PCURVE('',#2543,#2603);
#2603 = DEFINITIONAL_REPRESENTATION('',(#2604),#2607);
#2604 = B_SPLINE_CURVE_WITH_KNOTS('',1,(#2605,#2606),.UNSPECIFIED.,.F.,
  .F.,(2,2),(0.,0.353553390593),.PIECEWISE_BEZIER_KNOTS.);
#2605 = CARTESIAN_POINT('',(6.28318530718,0.));
#2606 = CARTESIAN_POINT('',(6.28318530718,-0.25));
#2607 = ( GEOMETRIC_REPRESENTATION_CONTEXT(2) 
PARAMETRIC_REPRESENTATION_CONTEXT() REPRESENTATION_CONTEXT('2D SPACE',''
  ) );
#2608 = PCURVE('',#2543,#2609);
#2609 = DEFINITIONAL_REPRESENTATION('',(#2610),#2613);
#2610 = B_SPLINE_CURVE_WITH_KNOTS('',1,(#2611,#2612),.UNSPECIFIED.,.F.,
  .F.,(2,2),(0.,0.353553390593),.PIECEWISE_BEZIER_KNOTS.);
#2611 = CARTESIAN_POINT('',(-4.138911435803E-13,0.));
#2612 = CARTESIAN_POINT('',(-4.138911435803E-13,-0.25));
#2613 = ( GEOMETRIC_REPRESENTATION_CONTEXT(2) 
PARAMETRIC_REPRESENTATION_CONTEXT() REPRESENTATION_CONTEXT('2D SPACE',''
  ) );
#2614 = ORIENTED_EDGE('',*,*,#2528,.T.);
#2615 = ORIENTED_EDGE('',*,*,#2594,.T.);
#2616 = ORIENTED_EDGE('',*,*,#2617,.F.);
#2617 = EDGE_CURVE('',#2595,#2595,#2618,.T.);
#2618 = SURFACE_CURVE('',#2619,(#2624,#2631),.PCURVE_S1.);
#2619 = CIRCLE('',#2620,10.75);
#2620 = AXIS2_PLACEMENT_3D('',#2621,#2622,#2623);
#2621 = CARTESIAN_POINT('',(35.,-1.554312234475E-15,6.25));
#2622 = DIRECTION('',(3.483341353079E-48,-4.440892098501E-16,-1.));
#2623 = DIRECTION('',(1.,-7.065055611251E-17,3.137514963947E-32));
#2624 = PCURVE('',#2543,#2625);
#2625 = DEFINITIONAL_REPRESENTATION('',(#2626),#2630);
#2626 = LINE('',#2627,#2628);
#2627 = CARTESIAN_POINT('',(6.28318530718,-0.25));
#2628 = VECTOR('',#2629,1.);
#2629 = DIRECTION('',(-1.,0.));
#2630 = ( GEOMETRIC_REPRESENTATION_CONTEXT(2) 
PARAMETRIC_REPRESENTATION_CONTEXT() REPRESENTATION_CONTEXT('2D SPACE',''
  ) );
#2631 = PCURVE('',#2632,#2637);
#2632 = PLANE('',#2633);
#2633 = AXIS2_PLACEMENT_3D('',#2634,#2635,#2636);
#2634 = CARTESIAN_POINT('',(35.,-1.554312234475E-15,6.25));
#2635 = DIRECTION('',(0.,4.440892098501E-16,1.));
#2636 = DIRECTION('',(-1.,8.40168775392E-17,-3.731098876046E-32));
#2637 = DEFINITIONAL_REPRESENTATION('',(#2638),#2646);
#2638 = ( BOUNDED_CURVE() B_SPLINE_CURVE(2,(#2639,#2640,#2641,#2642,
#2643,#2644,#2645),.UNSPECIFIED.,.T.,.F.) B_SPLINE_CURVE_WITH_KNOTS((1,2
    ,2,2,2,1),(-2.094395102393,0.,2.094395102393,4.188790204786,
6.28318530718,8.377580409573),.UNSPECIFIED.) CURVE() 
GEOMETRIC_REPRESENTATION_ITEM() RATIONAL_B_SPLINE_CURVE((1.,0.5,1.,0.5,
1.,0.5,1.)) REPRESENTATION_ITEM('') );
#2639 = CARTESIAN_POINT('',(-10.75,-1.436879553369E-16));
#2640 = CARTESIAN_POINT('',(-10.75,18.619546181365));
#2641 = CARTESIAN_POINT('',(5.375,9.309773090683));
#2642 = CARTESIAN_POINT('',(21.5,2.920366528841E-15));
#2643 = CARTESIAN_POINT('',(5.375,-9.309773090683));
#2644 = CARTESIAN_POINT('',(-10.75,-18.61954618136));
#2645 = CARTESIAN_POINT('',(-10.75,-1.436879553369E-16));
#2646 = ( GEOMETRIC_REPRESENTATION_CONTEXT(2) 
PARAMETRIC_REPRESENTATION_CONTEXT() REPRESENTATION_CONTEXT('2D SPACE',''
  ) );
#2647 = ADVANCED_FACE('',(#2648),#2576,.T.);
#2648 = FACE_BOUND('',#2649,.T.);
#2649 = EDGE_LOOP('',(#2650,#2683,#2704,#2705));
#2650 = ORIENTED_EDGE('',*,*,#2651,.T.);
#2651 = EDGE_CURVE('',#2652,#2652,#2654,.T.);
#2652 = VERTEX_POINT('',#2653);
#2653 = CARTESIAN_POINT('',(41.5,2.331468351713E-15,13.25));
#2654 = SURFACE_CURVE('',#2655,(#2660,#2667),.PCURVE_S1.);
#2655 = CIRCLE('',#2656,6.5);
#2656 = AXIS2_PLACEMENT_3D('',#2657,#2658,#2659);
#2657 = CARTESIAN_POINT('',(35.,1.554312234475E-15,13.25));
#2658 = DIRECTION('',(-9.263391291239E-48,-4.440892098501E-16,-1.));
#2659 = DIRECTION('',(1.,1.19562479575E-16,-5.309640708218E-32));
#2660 = PCURVE('',#2576,#2661);
#2661 = DEFINITIONAL_REPRESENTATION('',(#2662),#2666);
#2662 = LINE('',#2663,#2664);
#2663 = CARTESIAN_POINT('',(0.,0.));
#2664 = VECTOR('',#2665,1.);
#2665 = DIRECTION('',(1.,0.));
#2666 = ( GEOMETRIC_REPRESENTATION_CONTEXT(2) 
PARAMETRIC_REPRESENTATION_CONTEXT() REPRESENTATION_CONTEXT('2D SPACE',''
  ) );
#2667 = PCURVE('',#2668,#2673);
#2668 = PLANE('',#2669);
#2669 = AXIS2_PLACEMENT_3D('',#2670,#2671,#2672);
#2670 = CARTESIAN_POINT('',(35.,1.554312234475E-15,13.25));
#2671 = DIRECTION('',(0.,4.440892098501E-16,1.));
#2672 = DIRECTION('',(-1.,-1.19562479575E-16,5.309640708218E-32));
#2673 = DEFINITIONAL_REPRESENTATION('',(#2674),#2682);
#2674 = ( BOUNDED_CURVE() B_SPLINE_CURVE(2,(#2675,#2676,#2677,#2678,
#2679,#2680,#2681),.UNSPECIFIED.,.T.,.F.) B_SPLINE_CURVE_WITH_KNOTS((1,2
    ,2,2,2,1),(-2.094395102393,0.,2.094395102393,4.188790204786,
6.28318530718,8.377580409573),.UNSPECIFIED.) CURVE() 
GEOMETRIC_REPRESENTATION_ITEM() RATIONAL_B_SPLINE_CURVE((1.,0.5,1.,0.5,
1.,0.5,1.)) REPRESENTATION_ITEM('') );
#2675 = CARTESIAN_POINT('',(-6.5,-1.532670195355E-46));
#2676 = CARTESIAN_POINT('',(-6.5,11.258330249198));
#2677 = CARTESIAN_POINT('',(3.25,5.629165124599));
#2678 = CARTESIAN_POINT('',(13.,1.592040838892E-15));
#2679 = CARTESIAN_POINT('',(3.25,-5.629165124599));
#2680 = CARTESIAN_POINT('',(-6.5,-11.25833024919));
#2681 = CARTESIAN_POINT('',(-6.5,-1.532670195355E-46));
#2682 = ( GEOMETRIC_REPRESENTATION_CONTEXT(2) 
PARAMETRIC_REPRESENTATION_CONTEXT() REPRESENTATION_CONTEXT('2D SPACE',''
  ) );
#2683 = ORIENTED_EDGE('',*,*,#2684,.T.);
#2684 = EDGE_CURVE('',#2652,#2560,#2685,.T.);
#2685 = SEAM_CURVE('',#2686,(#2690,#2697),.PCURVE_S1.);
#2686 = LINE('',#2687,#2688);
#2687 = CARTESIAN_POINT('',(41.5,2.331468351713E-15,13.25));
#2688 = VECTOR('',#2689,1.);
#2689 = DIRECTION('',(0.707106434568,-4.710279684993E-16,-0.707107127805
    ));
#2690 = PCURVE('',#2576,#2691);
#2691 = DEFINITIONAL_REPRESENTATION('',(#2692),#2696);
#2692 = LINE('',#2693,#2694);
#2693 = CARTESIAN_POINT('',(6.28318530718,0.));
#2694 = VECTOR('',#2695,1.);
#2695 = DIRECTION('',(0.,1.));
#2696 = ( GEOMETRIC_REPRESENTATION_CONTEXT(2) 
PARAMETRIC_REPRESENTATION_CONTEXT() REPRESENTATION_CONTEXT('2D SPACE',''
  ) );
#2697 = PCURVE('',#2576,#2698);
#2698 = DEFINITIONAL_REPRESENTATION('',(#2699),#2703);
#2699 = LINE('',#2700,#2701);
#2700 = CARTESIAN_POINT('',(4.138911435803E-13,0.));
#2701 = VECTOR('',#2702,1.);
#2702 = DIRECTION('',(0.,1.));
#2703 = ( GEOMETRIC_REPRESENTATION_CONTEXT(2) 
PARAMETRIC_REPRESENTATION_CONTEXT() REPRESENTATION_CONTEXT('2D SPACE',''
  ) );
#2704 = ORIENTED_EDGE('',*,*,#2559,.F.);
#2705 = ORIENTED_EDGE('',*,*,#2684,.F.);
#2706 = ADVANCED_FACE('',(#2707,#2710),#2632,.F.);
#2707 = FACE_BOUND('',#2708,.F.);
#2708 = EDGE_LOOP('',(#2709));
#2709 = ORIENTED_EDGE('',*,*,#2617,.F.);
#2710 = FACE_BOUND('',#2711,.F.);
#2711 = EDGE_LOOP('',(#2712));
#2712 = ORIENTED_EDGE('',*,*,#2713,.T.);
#2713 = EDGE_CURVE('',#2714,#2714,#2716,.T.);
#2714 = VERTEX_POINT('',#2715);
#2715 = CARTESIAN_POINT('',(44.25,-2.331468351713E-15,6.25));
#2716 = SURFACE_CURVE('',#2717,(#2722,#2733),.PCURVE_S1.);
#2717 = CIRCLE('',#2718,9.25);
#2718 = AXIS2_PLACEMENT_3D('',#2719,#2720,#2721);
#2719 = CARTESIAN_POINT('',(35.,-1.554312234475E-15,6.25));
#2720 = DIRECTION('',(7.544998065977E-48,-4.440892098501E-16,-1.));
#2721 = DIRECTION('',(1.,-8.40168775392E-17,3.731098876046E-32));
#2722 = PCURVE('',#2632,#2723);
#2723 = DEFINITIONAL_REPRESENTATION('',(#2724),#2732);
#2724 = ( BOUNDED_CURVE() B_SPLINE_CURVE(2,(#2725,#2726,#2727,#2728,
#2729,#2730,#2731),.UNSPECIFIED.,.T.,.F.) B_SPLINE_CURVE_WITH_KNOTS((1,2
    ,2,2,2,1),(-2.094395102393,0.,2.094395102393,4.188790204786,
6.28318530718,8.377580409573),.UNSPECIFIED.) CURVE() 
GEOMETRIC_REPRESENTATION_ITEM() RATIONAL_B_SPLINE_CURVE((1.,0.5,1.,0.5,
1.,0.5,1.)) REPRESENTATION_ITEM('') );
#2725 = CARTESIAN_POINT('',(-9.25,1.532670195356E-46));
#2726 = CARTESIAN_POINT('',(-9.25,16.021469970012));
#2727 = CARTESIAN_POINT('',(4.625,8.010734985006));
#2728 = CARTESIAN_POINT('',(18.5,2.265596578423E-15));
#2729 = CARTESIAN_POINT('',(4.625,-8.010734985006));
#2730 = CARTESIAN_POINT('',(-9.25,-16.02146997001));
#2731 = CARTESIAN_POINT('',(-9.25,1.532670195356E-46));
#2732 = ( GEOMETRIC_REPRESENTATION_CONTEXT(2) 
PARAMETRIC_REPRESENTATION_CONTEXT() REPRESENTATION_CONTEXT('2D SPACE',''
  ) );
#2733 = PCURVE('',#2734,#2739);
#2734 = CONICAL_SURFACE('',#2735,9.000000245096,0.785397673205);
#2735 = AXIS2_PLACEMENT_3D('',#2736,#2737,#2738);
#2736 = CARTESIAN_POINT('',(35.,-1.443289932013E-15,6.5));
#2737 = DIRECTION('',(0.,-4.440892098501E-16,-1.));
#2738 = DIRECTION('',(1.,-8.01827718171E-17,3.560830377985E-32));
#2739 = DEFINITIONAL_REPRESENTATION('',(#2740),#2744);
#2740 = LINE('',#2741,#2742);
#2741 = CARTESIAN_POINT('',(0.,0.25));
#2742 = VECTOR('',#2743,1.);
#2743 = DIRECTION('',(1.,0.));
#2744 = ( GEOMETRIC_REPRESENTATION_CONTEXT(2) 
PARAMETRIC_REPRESENTATION_CONTEXT() REPRESENTATION_CONTEXT('2D SPACE',''
  ) );
#2745 = ADVANCED_FACE('',(#2746,#2749),#2668,.T.);
#2746 = FACE_BOUND('',#2747,.F.);
#2747 = EDGE_LOOP('',(#2748));
#2748 = ORIENTED_EDGE('',*,*,#2651,.T.);
#2749 = FACE_BOUND('',#2750,.F.);
#2750 = EDGE_LOOP('',(#2751));
#2751 = ORIENTED_EDGE('',*,*,#2752,.F.);
#2752 = EDGE_CURVE('',#2753,#2753,#2755,.T.);
#2753 = VERTEX_POINT('',#2754);
#2754 = CARTESIAN_POINT('',(39.,2.331468351713E-15,13.25));
#2755 = SURFACE_CURVE('',#2756,(#2761,#2772),.PCURVE_S1.);
#2756 = CIRCLE('',#2757,4.);
#2757 = AXIS2_PLACEMENT_3D('',#2758,#2759,#2760);
#2758 = CARTESIAN_POINT('',(35.,1.554312234475E-15,13.25));
#2759 = DIRECTION('',(-8.210733189493E-48,-4.440892098501E-16,-1.));
#2760 = DIRECTION('',(1.,1.942890293094E-16,-8.628166150855E-32));
#2761 = PCURVE('',#2668,#2762);
#2762 = DEFINITIONAL_REPRESENTATION('',(#2763),#2771);
#2763 = ( BOUNDED_CURVE() B_SPLINE_CURVE(2,(#2764,#2765,#2766,#2767,
#2768,#2769,#2770),.UNSPECIFIED.,.T.,.F.) B_SPLINE_CURVE_WITH_KNOTS((1,2
    ,2,2,2,1),(-2.094395102393,0.,2.094395102393,4.188790204786,
6.28318530718,8.377580409573),.UNSPECIFIED.) CURVE() 
GEOMETRIC_REPRESENTATION_ITEM() RATIONAL_B_SPLINE_CURVE((1.,0.5,1.,0.5,
1.,0.5,1.)) REPRESENTATION_ITEM('') );
#2764 = CARTESIAN_POINT('',(-4.,-2.989061989376E-16));
#2765 = CARTESIAN_POINT('',(-4.,6.928203230276));
#2766 = CARTESIAN_POINT('',(2.,3.464101615138));
#2767 = CARTESIAN_POINT('',(8.,1.577529837193E-15));
#2768 = CARTESIAN_POINT('',(2.,-3.464101615138));
#2769 = CARTESIAN_POINT('',(-4.,-6.928203230276));
#2770 = CARTESIAN_POINT('',(-4.,-2.989061989376E-16));
#2771 = ( GEOMETRIC_REPRESENTATION_CONTEXT(2) 
PARAMETRIC_REPRESENTATION_CONTEXT() REPRESENTATION_CONTEXT('2D SPACE',''
  ) );
#2772 = PCURVE('',#2773,#2778);
#2773 = CYLINDRICAL_SURFACE('',#2774,4.);
#2774 = AXIS2_PLACEMENT_3D('',#2775,#2776,#2777);
#2775 = CARTESIAN_POINT('',(35.,1.554312234475E-15,13.25));
#2776 = DIRECTION('',(0.,-4.440892098501E-16,-1.));
#2777 = DIRECTION('',(1.,1.942890293094E-16,-8.628166150855E-32));
#2778 = DEFINITIONAL_REPRESENTATION('',(#2779),#2783);
#2779 = LINE('',#2780,#2781);
#2780 = CARTESIAN_POINT('',(0.,0.));
#2781 = VECTOR('',#2782,1.);
#2782 = DIRECTION('',(1.,0.));
#2783 = ( GEOMETRIC_REPRESENTATION_CONTEXT(2) 
PARAMETRIC_REPRESENTATION_CONTEXT() REPRESENTATION_CONTEXT('2D SPACE',''
  ) );
#2784 = ADVANCED_FACE('',(#2785),#2734,.F.);
#2785 = FACE_BOUND('',#2786,.F.);
#2786 = EDGE_LOOP('',(#2787,#2816,#2837,#2838));
#2787 = ORIENTED_EDGE('',*,*,#2788,.T.);
#2788 = EDGE_CURVE('',#2789,#2789,#2791,.T.);
#2789 = VERTEX_POINT('',#2790);
#2790 = CARTESIAN_POINT('',(44.000000245096,-2.164934898019E-15,6.5));
#2791 = SURFACE_CURVE('',#2792,(#2797,#2804),.PCURVE_S1.);
#2792 = CIRCLE('',#2793,9.000000245096);
#2793 = AXIS2_PLACEMENT_3D('',#2794,#2795,#2796);
#2794 = CARTESIAN_POINT('',(35.,-1.443289932013E-15,6.5));
#2795 = DIRECTION('',(3.041093898709E-48,-4.440892098501E-16,-1.));
#2796 = DIRECTION('',(1.,-8.01827718171E-17,3.560830377985E-32));
#2797 = PCURVE('',#2734,#2798);
#2798 = DEFINITIONAL_REPRESENTATION('',(#2799),#2803);
#2799 = LINE('',#2800,#2801);
#2800 = CARTESIAN_POINT('',(0.,0.));
#2801 = VECTOR('',#2802,1.);
#2802 = DIRECTION('',(1.,0.));
#2803 = ( GEOMETRIC_REPRESENTATION_CONTEXT(2) 
PARAMETRIC_REPRESENTATION_CONTEXT() REPRESENTATION_CONTEXT('2D SPACE',''
  ) );
#2804 = PCURVE('',#2805,#2810);
#2805 = PLANE('',#2806);
#2806 = AXIS2_PLACEMENT_3D('',#2807,#2808,#2809);
#2807 = CARTESIAN_POINT('',(35.,-1.443289932013E-15,6.5));
#2808 = DIRECTION('',(0.,-4.440892098501E-16,-1.));
#2809 = DIRECTION('',(1.,-1.069103692162E-16,4.747774139E-32));
#2810 = DEFINITIONAL_REPRESENTATION('',(#2811),#2815);
#2811 = CIRCLE('',#2812,9.000000245096);
#2812 = AXIS2_PLACEMENT_2D('',#2813,#2814);
#2813 = CARTESIAN_POINT('',(0.,0.));
#2814 = DIRECTION('',(1.,-2.67275973991E-17));
#2815 = ( GEOMETRIC_REPRESENTATION_CONTEXT(2) 
PARAMETRIC_REPRESENTATION_CONTEXT() REPRESENTATION_CONTEXT('2D SPACE',''
  ) );
#2816 = ORIENTED_EDGE('',*,*,#2817,.T.);
#2817 = EDGE_CURVE('',#2789,#2714,#2818,.T.);
#2818 = SEAM_CURVE('',#2819,(#2823,#2830),.PCURVE_S1.);
#2819 = LINE('',#2820,#2821);
#2820 = CARTESIAN_POINT('',(44.000000245096,-2.164934898019E-15,6.5));
#2821 = VECTOR('',#2822,1.);
#2822 = DIRECTION('',(0.707106434568,-4.710279684993E-16,-0.707107127805
    ));
#2823 = PCURVE('',#2734,#2824);
#2824 = DEFINITIONAL_REPRESENTATION('',(#2825),#2829);
#2825 = LINE('',#2826,#2827);
#2826 = CARTESIAN_POINT('',(6.28318530718,0.));
#2827 = VECTOR('',#2828,1.);
#2828 = DIRECTION('',(0.,1.));
#2829 = ( GEOMETRIC_REPRESENTATION_CONTEXT(2) 
PARAMETRIC_REPRESENTATION_CONTEXT() REPRESENTATION_CONTEXT('2D SPACE',''
  ) );
#2830 = PCURVE('',#2734,#2831);
#2831 = DEFINITIONAL_REPRESENTATION('',(#2832),#2836);
#2832 = LINE('',#2833,#2834);
#2833 = CARTESIAN_POINT('',(4.138911435803E-13,0.));
#2834 = VECTOR('',#2835,1.);
#2835 = DIRECTION('',(0.,1.));
#2836 = ( GEOMETRIC_REPRESENTATION_CONTEXT(2) 
PARAMETRIC_REPRESENTATION_CONTEXT() REPRESENTATION_CONTEXT('2D SPACE',''
  ) );
#2837 = ORIENTED_EDGE('',*,*,#2713,.F.);
#2838 = ORIENTED_EDGE('',*,*,#2817,.F.);
#2839 = ADVANCED_FACE('',(#2840),#2773,.F.);
#2840 = FACE_BOUND('',#2841,.F.);
#2841 = EDGE_LOOP('',(#2842,#2843,#2866,#2893));
#2842 = ORIENTED_EDGE('',*,*,#2752,.T.);
#2843 = ORIENTED_EDGE('',*,*,#2844,.T.);
#2844 = EDGE_CURVE('',#2753,#2845,#2847,.T.);
#2845 = VERTEX_POINT('',#2846);
#2846 = CARTESIAN_POINT('',(39.,-2.331468351713E-15,6.25));
#2847 = SEAM_CURVE('',#2848,(#2852,#2859),.PCURVE_S1.);
#2848 = LINE('',#2849,#2850);
#2849 = CARTESIAN_POINT('',(39.,2.331468351713E-15,13.25));
#2850 = VECTOR('',#2851,1.);
#2851 = DIRECTION('',(0.,-6.661338147751E-16,-1.));
#2852 = PCURVE('',#2773,#2853);
#2853 = DEFINITIONAL_REPRESENTATION('',(#2854),#2858);
#2854 = LINE('',#2855,#2856);
#2855 = CARTESIAN_POINT('',(6.28318530718,0.));
#2856 = VECTOR('',#2857,1.);
#2857 = DIRECTION('',(0.,1.));
#2858 = ( GEOMETRIC_REPRESENTATION_CONTEXT(2) 
PARAMETRIC_REPRESENTATION_CONTEXT() REPRESENTATION_CONTEXT('2D SPACE',''
  ) );
#2859 = PCURVE('',#2773,#2860);
#2860 = DEFINITIONAL_REPRESENTATION('',(#2861),#2865);
#2861 = LINE('',#2862,#2863);
#2862 = CARTESIAN_POINT('',(4.138911435803E-13,0.));
#2863 = VECTOR('',#2864,1.);
#2864 = DIRECTION('',(0.,1.));
#2865 = ( GEOMETRIC_REPRESENTATION_CONTEXT(2) 
PARAMETRIC_REPRESENTATION_CONTEXT() REPRESENTATION_CONTEXT('2D SPACE',''
  ) );
#2866 = ORIENTED_EDGE('',*,*,#2867,.F.);
#2867 = EDGE_CURVE('',#2845,#2845,#2868,.T.);
#2868 = SURFACE_CURVE('',#2869,(#2874,#2881),.PCURVE_S1.);
#2869 = CIRCLE('',#2870,4.);
#2870 = AXIS2_PLACEMENT_3D('',#2871,#2872,#2873);
#2871 = CARTESIAN_POINT('',(35.,-1.554312234475E-15,6.25));
#2872 = DIRECTION('',(8.210733189493E-48,-4.440892098501E-16,-1.));
#2873 = DIRECTION('',(1.,-1.942890293094E-16,8.628166150855E-32));
#2874 = PCURVE('',#2773,#2875);
#2875 = DEFINITIONAL_REPRESENTATION('',(#2876),#2880);
#2876 = LINE('',#2877,#2878);
#2877 = CARTESIAN_POINT('',(0.,7.));
#2878 = VECTOR('',#2879,1.);
#2879 = DIRECTION('',(1.,0.));
#2880 = ( GEOMETRIC_REPRESENTATION_CONTEXT(2) 
PARAMETRIC_REPRESENTATION_CONTEXT() REPRESENTATION_CONTEXT('2D SPACE',''
  ) );
#2881 = PCURVE('',#2882,#2887);
#2882 = PLANE('',#2883);
#2883 = AXIS2_PLACEMENT_3D('',#2884,#2885,#2886);
#2884 = CARTESIAN_POINT('',(35.,-1.554312234475E-15,6.25));
#2885 = DIRECTION('',(0.,-4.440892098501E-16,-1.));
#2886 = DIRECTION('',(1.,-1.942890293094E-16,8.628166150855E-32));
#2887 = DEFINITIONAL_REPRESENTATION('',(#2888),#2892);
#2888 = CIRCLE('',#2889,4.);
#2889 = AXIS2_PLACEMENT_2D('',#2890,#2891);
#2890 = CARTESIAN_POINT('',(0.,0.));
#2891 = DIRECTION('',(1.,3.831675488389E-47));
#2892 = ( GEOMETRIC_REPRESENTATION_CONTEXT(2) 
PARAMETRIC_REPRESENTATION_CONTEXT() REPRESENTATION_CONTEXT('2D SPACE',''
  ) );
#2893 = ORIENTED_EDGE('',*,*,#2844,.F.);
#2894 = ADVANCED_FACE('',(#2895,#2926),#2805,.T.);
#2895 = FACE_BOUND('',#2896,.F.);
#2896 = EDGE_LOOP('',(#2897));
#2897 = ORIENTED_EDGE('',*,*,#2898,.T.);
#2898 = EDGE_CURVE('',#2899,#2899,#2901,.T.);
#2899 = VERTEX_POINT('',#2900);
#2900 = CARTESIAN_POINT('',(41.749999754904,-2.164934898019E-15,6.5));
#2901 = SURFACE_CURVE('',#2902,(#2907,#2914),.PCURVE_S1.);
#2902 = CIRCLE('',#2903,6.749999754904);
#2903 = AXIS2_PLACEMENT_3D('',#2904,#2905,#2906);
#2904 = CARTESIAN_POINT('',(35.,-1.443289932013E-15,6.5));
#2905 = DIRECTION('',(5.879145355485E-48,-4.440892098501E-16,-1.));
#2906 = DIRECTION('',(1.,-1.069103692162E-16,4.747774139E-32));
#2907 = PCURVE('',#2805,#2908);
#2908 = DEFINITIONAL_REPRESENTATION('',(#2909),#2913);
#2909 = CIRCLE('',#2910,6.749999754904);
#2910 = AXIS2_PLACEMENT_2D('',#2911,#2912);
#2911 = CARTESIAN_POINT('',(0.,0.));
#2912 = DIRECTION('',(1.,2.108435265935E-47));
#2913 = ( GEOMETRIC_REPRESENTATION_CONTEXT(2) 
PARAMETRIC_REPRESENTATION_CONTEXT() REPRESENTATION_CONTEXT('2D SPACE',''
  ) );
#2914 = PCURVE('',#2915,#2920);
#2915 = CONICAL_SURFACE('',#2916,6.5,0.785397673205);
#2916 = AXIS2_PLACEMENT_3D('',#2917,#2918,#2919);
#2917 = CARTESIAN_POINT('',(35.,-1.554312234475E-15,6.25));
#2918 = DIRECTION('',(0.,4.440892098501E-16,1.));
#2919 = DIRECTION('',(1.,-1.19562479575E-16,5.309640708218E-32));
#2920 = DEFINITIONAL_REPRESENTATION('',(#2921),#2925);
#2921 = LINE('',#2922,#2923);
#2922 = CARTESIAN_POINT('',(6.28318530718,0.25));
#2923 = VECTOR('',#2924,1.);
#2924 = DIRECTION('',(-1.,0.));
#2925 = ( GEOMETRIC_REPRESENTATION_CONTEXT(2) 
PARAMETRIC_REPRESENTATION_CONTEXT() REPRESENTATION_CONTEXT('2D SPACE',''
  ) );
#2926 = FACE_BOUND('',#2927,.F.);
#2927 = EDGE_LOOP('',(#2928));
#2928 = ORIENTED_EDGE('',*,*,#2788,.F.);
#2929 = ADVANCED_FACE('',(#2930,#2933),#2882,.T.);
#2930 = FACE_BOUND('',#2931,.F.);
#2931 = EDGE_LOOP('',(#2932));
#2932 = ORIENTED_EDGE('',*,*,#2867,.T.);
#2933 = FACE_BOUND('',#2934,.F.);
#2934 = EDGE_LOOP('',(#2935));
#2935 = ORIENTED_EDGE('',*,*,#2936,.F.);
#2936 = EDGE_CURVE('',#2937,#2937,#2939,.T.);
#2937 = VERTEX_POINT('',#2938);
#2938 = CARTESIAN_POINT('',(41.5,-2.331468351713E-15,6.25));
#2939 = SURFACE_CURVE('',#2940,(#2945,#2952),.PCURVE_S1.);
#2940 = CIRCLE('',#2941,6.5);
#2941 = AXIS2_PLACEMENT_3D('',#2942,#2943,#2944);
#2942 = CARTESIAN_POINT('',(35.,-1.554312234475E-15,6.25));
#2943 = DIRECTION('',(9.263391291239E-48,-4.440892098501E-16,-1.));
#2944 = DIRECTION('',(1.,-1.19562479575E-16,5.309640708218E-32));
#2945 = PCURVE('',#2882,#2946);
#2946 = DEFINITIONAL_REPRESENTATION('',(#2947),#2951);
#2947 = CIRCLE('',#2948,6.5);
#2948 = AXIS2_PLACEMENT_2D('',#2949,#2950);
#2949 = CARTESIAN_POINT('',(0.,0.));
#2950 = DIRECTION('',(1.,-7.47265497344E-17));
#2951 = ( GEOMETRIC_REPRESENTATION_CONTEXT(2) 
PARAMETRIC_REPRESENTATION_CONTEXT() REPRESENTATION_CONTEXT('2D SPACE',''
  ) );
#2952 = PCURVE('',#2915,#2953);
#2953 = DEFINITIONAL_REPRESENTATION('',(#2954),#2958);
#2954 = LINE('',#2955,#2956);
#2955 = CARTESIAN_POINT('',(6.28318530718,0.));
#2956 = VECTOR('',#2957,1.);
#2957 = DIRECTION('',(-1.,0.));
#2958 = ( GEOMETRIC_REPRESENTATION_CONTEXT(2) 
PARAMETRIC_REPRESENTATION_CONTEXT() REPRESENTATION_CONTEXT('2D SPACE',''
  ) );
#2959 = ADVANCED_FACE('',(#2960),#2915,.T.);
#2960 = FACE_BOUND('',#2961,.T.);
#2961 = EDGE_LOOP('',(#2962,#2983,#2984,#2985));
#2962 = ORIENTED_EDGE('',*,*,#2963,.T.);
#2963 = EDGE_CURVE('',#2937,#2899,#2964,.T.);
#2964 = SEAM_CURVE('',#2965,(#2969,#2976),.PCURVE_S1.);
#2965 = LINE('',#2966,#2967);
#2966 = CARTESIAN_POINT('',(41.5,-2.331468351713E-15,6.25));
#2967 = VECTOR('',#2968,1.);
#2968 = DIRECTION('',(0.707106434568,4.710279684993E-16,0.707107127805)
  );
#2969 = PCURVE('',#2915,#2970);
#2970 = DEFINITIONAL_REPRESENTATION('',(#2971),#2975);
#2971 = LINE('',#2972,#2973);
#2972 = CARTESIAN_POINT('',(6.28318530718,0.));
#2973 = VECTOR('',#2974,1.);
#2974 = DIRECTION('',(-0.,1.));
#2975 = ( GEOMETRIC_REPRESENTATION_CONTEXT(2) 
PARAMETRIC_REPRESENTATION_CONTEXT() REPRESENTATION_CONTEXT('2D SPACE',''
  ) );
#2976 = PCURVE('',#2915,#2977);
#2977 = DEFINITIONAL_REPRESENTATION('',(#2978),#2982);
#2978 = LINE('',#2979,#2980);
#2979 = CARTESIAN_POINT('',(-4.138911435803E-13,0.));
#2980 = VECTOR('',#2981,1.);
#2981 = DIRECTION('',(-0.,1.));
#2982 = ( GEOMETRIC_REPRESENTATION_CONTEXT(2) 
PARAMETRIC_REPRESENTATION_CONTEXT() REPRESENTATION_CONTEXT('2D SPACE',''
  ) );
#2983 = ORIENTED_EDGE('',*,*,#2898,.T.);
#2984 = ORIENTED_EDGE('',*,*,#2963,.F.);
#2985 = ORIENTED_EDGE('',*,*,#2936,.F.);
#2986 = ( GEOMETRIC_REPRESENTATION_CONTEXT(3) 
GLOBAL_UNCERTAINTY_ASSIGNED_CONTEXT((#2990)) 
GLOBAL_UNIT_ASSIGNED_CONTEXT((#2987,#2988,#2989)) REPRESENTATION_CONTEXT
('Context #1','3D Context with UNIT and UNCERTAINTY') );
#2987 = ( LENGTH_UNIT() NAMED_UNIT(*) SI_UNIT(.MILLI.,.METRE.) );
#2988 = ( NAMED_UNIT(*) PLANE_ANGLE_UNIT() SI_UNIT($,.RADIAN.) );
#2989 = ( NAMED_UNIT(*) SI_UNIT($,.STERADIAN.) SOLID_ANGLE_UNIT() );
#2990 = UNCERTAINTY_MEASURE_WITH_UNIT(LENGTH_MEASURE(1.E-07),#2987,
  'distance_accuracy_value','confusion accuracy');
#2991 = CONTEXT_DEPENDENT_SHAPE_REPRESENTATION(#2992,#2994);
#2992 = ( REPRESENTATION_RELATIONSHIP('','',#2321,#10) 
REPRESENTATION_RELATIONSHIP_WITH_TRANSFORMATION(#2993) 
SHAPE_REPRESENTATION_RELATIONSHIP() );
#2993 = ITEM_DEFINED_TRANSFORMATION('','',#11,#35);
#2994 = PRODUCT_DEFINITION_SHAPE('Placement','Placement of an item',
  #2995);
#2995 = NEXT_ASSEMBLY_USAGE_OCCURRENCE('6','source_locked_bearing_608zz'
  ,'',#5,#2316,$);
#2996 = PRODUCT_RELATED_PRODUCT_CATEGORY('part',$,(#2318));
#2997 = SHAPE_DEFINITION_REPRESENTATION(#2998,#3004);
#2998 = PRODUCT_DEFINITION_SHAPE('','',#2999);
#2999 = PRODUCT_DEFINITION('design','',#3000,#3003);
#3000 = PRODUCT_DEFINITION_FORMATION('','',#3001);
#3001 = PRODUCT('output_shaft_axis_8mm','output_shaft_axis_8mm','',(
    #3002));
#3002 = PRODUCT_CONTEXT('',#2,'mechanical');
#3003 = PRODUCT_DEFINITION_CONTEXT('part definition',#2,'design');
#3004 = ADVANCED_BREP_SHAPE_REPRESENTATION('',(#11,#3005),#3103);
#3005 = MANIFOLD_SOLID_BREP('',#3006);
#3006 = CLOSED_SHELL('',(#3007,#3095,#3099));
#3007 = ADVANCED_FACE('',(#3008),#3022,.T.);
#3008 = FACE_BOUND('',#3009,.F.);
#3009 = EDGE_LOOP('',(#3010,#3040,#3067,#3068));
#3010 = ORIENTED_EDGE('',*,*,#3011,.T.);
#3011 = EDGE_CURVE('',#3012,#3014,#3016,.T.);
#3012 = VERTEX_POINT('',#3013);
#3013 = CARTESIAN_POINT('',(39.,0.,0.));
#3014 = VERTEX_POINT('',#3015);
#3015 = CARTESIAN_POINT('',(39.,0.,45.));
#3016 = SEAM_CURVE('',#3017,(#3021,#3033),.PCURVE_S1.);
#3017 = LINE('',#3018,#3019);
#3018 = CARTESIAN_POINT('',(39.,0.,0.));
#3019 = VECTOR('',#3020,1.);
#3020 = DIRECTION('',(0.,0.,1.));
#3021 = PCURVE('',#3022,#3027);
#3022 = CYLINDRICAL_SURFACE('',#3023,4.);
#3023 = AXIS2_PLACEMENT_3D('',#3024,#3025,#3026);
#3024 = CARTESIAN_POINT('',(35.,0.,0.));
#3025 = DIRECTION('',(-0.,-0.,-1.));
#3026 = DIRECTION('',(1.,0.,0.));
#3027 = DEFINITIONAL_REPRESENTATION('',(#3028),#3032);
#3028 = LINE('',#3029,#3030);
#3029 = CARTESIAN_POINT('',(-0.,0.));
#3030 = VECTOR('',#3031,1.);
#3031 = DIRECTION('',(-0.,-1.));
#3032 = ( GEOMETRIC_REPRESENTATION_CONTEXT(2) 
PARAMETRIC_REPRESENTATION_CONTEXT() REPRESENTATION_CONTEXT('2D SPACE',''
  ) );
#3033 = PCURVE('',#3022,#3034);
#3034 = DEFINITIONAL_REPRESENTATION('',(#3035),#3039);
#3035 = LINE('',#3036,#3037);
#3036 = CARTESIAN_POINT('',(-6.28318530718,0.));
#3037 = VECTOR('',#3038,1.);
#3038 = DIRECTION('',(-0.,-1.));
#3039 = ( GEOMETRIC_REPRESENTATION_CONTEXT(2) 
PARAMETRIC_REPRESENTATION_CONTEXT() REPRESENTATION_CONTEXT('2D SPACE',''
  ) );
#3040 = ORIENTED_EDGE('',*,*,#3041,.T.);
#3041 = EDGE_CURVE('',#3014,#3014,#3042,.T.);
#3042 = SURFACE_CURVE('',#3043,(#3048,#3055),.PCURVE_S1.);
#3043 = CIRCLE('',#3044,4.);
#3044 = AXIS2_PLACEMENT_3D('',#3045,#3046,#3047);
#3045 = CARTESIAN_POINT('',(35.,0.,45.));
#3046 = DIRECTION('',(0.,0.,1.));
#3047 = DIRECTION('',(1.,0.,0.));
#3048 = PCURVE('',#3022,#3049);
#3049 = DEFINITIONAL_REPRESENTATION('',(#3050),#3054);
#3050 = LINE('',#3051,#3052);
#3051 = CARTESIAN_POINT('',(-0.,-45.));
#3052 = VECTOR('',#3053,1.);
#3053 = DIRECTION('',(-1.,0.));
#3054 = ( GEOMETRIC_REPRESENTATION_CONTEXT(2) 
PARAMETRIC_REPRESENTATION_CONTEXT() REPRESENTATION_CONTEXT('2D SPACE',''
  ) );
#3055 = PCURVE('',#3056,#3061);
#3056 = PLANE('',#3057);
#3057 = AXIS2_PLACEMENT_3D('',#3058,#3059,#3060);
#3058 = CARTESIAN_POINT('',(35.,3.49503809816E-16,45.));
#3059 = DIRECTION('',(0.,0.,1.));
#3060 = DIRECTION('',(1.,0.,-0.));
#3061 = DEFINITIONAL_REPRESENTATION('',(#3062),#3066);
#3062 = CIRCLE('',#3063,4.);
#3063 = AXIS2_PLACEMENT_2D('',#3064,#3065);
#3064 = CARTESIAN_POINT('',(0.,-3.49503809816E-16));
#3065 = DIRECTION('',(1.,0.));
#3066 = ( GEOMETRIC_REPRESENTATION_CONTEXT(2) 
PARAMETRIC_REPRESENTATION_CONTEXT() REPRESENTATION_CONTEXT('2D SPACE',''
  ) );
#3067 = ORIENTED_EDGE('',*,*,#3011,.F.);
#3068 = ORIENTED_EDGE('',*,*,#3069,.F.);
#3069 = EDGE_CURVE('',#3012,#3012,#3070,.T.);
#3070 = SURFACE_CURVE('',#3071,(#3076,#3083),.PCURVE_S1.);
#3071 = CIRCLE('',#3072,4.);
#3072 = AXIS2_PLACEMENT_3D('',#3073,#3074,#3075);
#3073 = CARTESIAN_POINT('',(35.,0.,0.));
#3074 = DIRECTION('',(0.,0.,1.));
#3075 = DIRECTION('',(1.,0.,0.));
#3076 = PCURVE('',#3022,#3077);
#3077 = DEFINITIONAL_REPRESENTATION('',(#3078),#3082);
#3078 = LINE('',#3079,#3080);
#3079 = CARTESIAN_POINT('',(-0.,0.));
#3080 = VECTOR('',#3081,1.);
#3081 = DIRECTION('',(-1.,0.));
#3082 = ( GEOMETRIC_REPRESENTATION_CONTEXT(2) 
PARAMETRIC_REPRESENTATION_CONTEXT() REPRESENTATION_CONTEXT('2D SPACE',''
  ) );
#3083 = PCURVE('',#3084,#3089);
#3084 = PLANE('',#3085);
#3085 = AXIS2_PLACEMENT_3D('',#3086,#3087,#3088);
#3086 = CARTESIAN_POINT('',(35.,3.49503809816E-16,0.));
#3087 = DIRECTION('',(0.,0.,1.));
#3088 = DIRECTION('',(1.,0.,-0.));
#3089 = DEFINITIONAL_REPRESENTATION('',(#3090),#3094);
#3090 = CIRCLE('',#3091,4.);
#3091 = AXIS2_PLACEMENT_2D('',#3092,#3093);
#3092 = CARTESIAN_POINT('',(0.,-3.49503809816E-16));
#3093 = DIRECTION('',(1.,0.));
#3094 = ( GEOMETRIC_REPRESENTATION_CONTEXT(2) 
PARAMETRIC_REPRESENTATION_CONTEXT() REPRESENTATION_CONTEXT('2D SPACE',''
  ) );
#3095 = ADVANCED_FACE('',(#3096),#3084,.F.);
#3096 = FACE_BOUND('',#3097,.F.);
#3097 = EDGE_LOOP('',(#3098));
#3098 = ORIENTED_EDGE('',*,*,#3069,.T.);
#3099 = ADVANCED_FACE('',(#3100),#3056,.T.);
#3100 = FACE_BOUND('',#3101,.T.);
#3101 = EDGE_LOOP('',(#3102));
#3102 = ORIENTED_EDGE('',*,*,#3041,.T.);
#3103 = ( GEOMETRIC_REPRESENTATION_CONTEXT(3) 
GLOBAL_UNCERTAINTY_ASSIGNED_CONTEXT((#3107)) 
GLOBAL_UNIT_ASSIGNED_CONTEXT((#3104,#3105,#3106)) REPRESENTATION_CONTEXT
('Context #1','3D Context with UNIT and UNCERTAINTY') );
#3104 = ( LENGTH_UNIT() NAMED_UNIT(*) SI_UNIT(.MILLI.,.METRE.) );
#3105 = ( NAMED_UNIT(*) PLANE_ANGLE_UNIT() SI_UNIT($,.RADIAN.) );
#3106 = ( NAMED_UNIT(*) SI_UNIT($,.STERADIAN.) SOLID_ANGLE_UNIT() );
#3107 = UNCERTAINTY_MEASURE_WITH_UNIT(LENGTH_MEASURE(1.E-07),#3104,
  'distance_accuracy_value','confusion accuracy');
#3108 = CONTEXT_DEPENDENT_SHAPE_REPRESENTATION(#3109,#3111);
#3109 = ( REPRESENTATION_RELATIONSHIP('','',#3004,#10) 
REPRESENTATION_RELATIONSHIP_WITH_TRANSFORMATION(#3110) 
SHAPE_REPRESENTATION_RELATIONSHIP() );
#3110 = ITEM_DEFINED_TRANSFORMATION('','',#11,#39);
#3111 = PRODUCT_DEFINITION_SHAPE('Placement','Placement of an item',
  #3112);
#3112 = NEXT_ASSEMBLY_USAGE_OCCURRENCE('7','output_shaft_axis_8mm','',#5
  ,#2999,$);
#3113 = PRODUCT_RELATED_PRODUCT_CATEGORY('part',$,(#3001));
#3114 = SHAPE_DEFINITION_REPRESENTATION(#3115,#3121);
#3115 = PRODUCT_DEFINITION_SHAPE('','',#3116);
#3116 = PRODUCT_DEFINITION('design','',#3117,#3120);
#3117 = PRODUCT_DEFINITION_FORMATION('','',#3118);
#3118 = PRODUCT('motor_gt2_20t_5mm_pulley_body',
  'motor_gt2_20t_5mm_pulley_body','',(#3119));
#3119 = PRODUCT_CONTEXT('',#2,'mechanical');
#3120 = PRODUCT_DEFINITION_CONTEXT('part definition',#2,'design');
#3121 = ADVANCED_BREP_SHAPE_REPRESENTATION('',(#11,#3122),#3304);
#3122 = MANIFOLD_SOLID_BREP('',#3123);
#3123 = CLOSED_SHELL('',(#3124,#3212,#3290,#3297));
#3124 = ADVANCED_FACE('',(#3125),#3139,.T.);
#3125 = FACE_BOUND('',#3126,.F.);
#3126 = EDGE_LOOP('',(#3127,#3157,#3184,#3185));
#3127 = ORIENTED_EDGE('',*,*,#3128,.T.);
#3128 = EDGE_CURVE('',#3129,#3131,#3133,.T.);
#3129 = VERTEX_POINT('',#3130);
#3130 = CARTESIAN_POINT('',(-27.,0.,9.5));
#3131 = VERTEX_POINT('',#3132);
#3132 = CARTESIAN_POINT('',(-27.,0.,17.5));
#3133 = SEAM_CURVE('',#3134,(#3138,#3150),.PCURVE_S1.);
#3134 = LINE('',#3135,#3136);
#3135 = CARTESIAN_POINT('',(-27.,0.,9.5));
#3136 = VECTOR('',#3137,1.);
#3137 = DIRECTION('',(0.,0.,1.));
#3138 = PCURVE('',#3139,#3144);
#3139 = CYLINDRICAL_SURFACE('',#3140,8.);
#3140 = AXIS2_PLACEMENT_3D('',#3141,#3142,#3143);
#3141 = CARTESIAN_POINT('',(-35.,0.,9.5));
#3142 = DIRECTION('',(-0.,-0.,-1.));
#3143 = DIRECTION('',(1.,0.,0.));
#3144 = DEFINITIONAL_REPRESENTATION('',(#3145),#3149);
#3145 = LINE('',#3146,#3147);
#3146 = CARTESIAN_POINT('',(-0.,0.));
#3147 = VECTOR('',#3148,1.);
#3148 = DIRECTION('',(-0.,-1.));
#3149 = ( GEOMETRIC_REPRESENTATION_CONTEXT(2) 
PARAMETRIC_REPRESENTATION_CONTEXT() REPRESENTATION_CONTEXT('2D SPACE',''
  ) );
#3150 = PCURVE('',#3139,#3151);
#3151 = DEFINITIONAL_REPRESENTATION('',(#3152),#3156);
#3152 = LINE('',#3153,#3154);
#3153 = CARTESIAN_POINT('',(-6.28318530718,0.));
#3154 = VECTOR('',#3155,1.);
#3155 = DIRECTION('',(-0.,-1.));
#3156 = ( GEOMETRIC_REPRESENTATION_CONTEXT(2) 
PARAMETRIC_REPRESENTATION_CONTEXT() REPRESENTATION_CONTEXT('2D SPACE',''
  ) );
#3157 = ORIENTED_EDGE('',*,*,#3158,.T.);
#3158 = EDGE_CURVE('',#3131,#3131,#3159,.T.);
#3159 = SURFACE_CURVE('',#3160,(#3165,#3172),.PCURVE_S1.);
#3160 = CIRCLE('',#3161,8.);
#3161 = AXIS2_PLACEMENT_3D('',#3162,#3163,#3164);
#3162 = CARTESIAN_POINT('',(-35.,0.,17.5));
#3163 = DIRECTION('',(0.,0.,1.));
#3164 = DIRECTION('',(1.,0.,0.));
#3165 = PCURVE('',#3139,#3166);
#3166 = DEFINITIONAL_REPRESENTATION('',(#3167),#3171);
#3167 = LINE('',#3168,#3169);
#3168 = CARTESIAN_POINT('',(-0.,-8.));
#3169 = VECTOR('',#3170,1.);
#3170 = DIRECTION('',(-1.,0.));
#3171 = ( GEOMETRIC_REPRESENTATION_CONTEXT(2) 
PARAMETRIC_REPRESENTATION_CONTEXT() REPRESENTATION_CONTEXT('2D SPACE',''
  ) );
#3172 = PCURVE('',#3173,#3178);
#3173 = PLANE('',#3174);
#3174 = AXIS2_PLACEMENT_3D('',#3175,#3176,#3177);
#3175 = CARTESIAN_POINT('',(-35.,6.990076196319E-16,17.5));
#3176 = DIRECTION('',(0.,0.,1.));
#3177 = DIRECTION('',(1.,0.,-0.));
#3178 = DEFINITIONAL_REPRESENTATION('',(#3179),#3183);
#3179 = CIRCLE('',#3180,8.);
#3180 = AXIS2_PLACEMENT_2D('',#3181,#3182);
#3181 = CARTESIAN_POINT('',(0.,-6.990076196319E-16));
#3182 = DIRECTION('',(1.,0.));
#3183 = ( GEOMETRIC_REPRESENTATION_CONTEXT(2) 
PARAMETRIC_REPRESENTATION_CONTEXT() REPRESENTATION_CONTEXT('2D SPACE',''
  ) );
#3184 = ORIENTED_EDGE('',*,*,#3128,.F.);
#3185 = ORIENTED_EDGE('',*,*,#3186,.F.);
#3186 = EDGE_CURVE('',#3129,#3129,#3187,.T.);
#3187 = SURFACE_CURVE('',#3188,(#3193,#3200),.PCURVE_S1.);
#3188 = CIRCLE('',#3189,8.);
#3189 = AXIS2_PLACEMENT_3D('',#3190,#3191,#3192);
#3190 = CARTESIAN_POINT('',(-35.,0.,9.5));
#3191 = DIRECTION('',(0.,0.,1.));
#3192 = DIRECTION('',(1.,0.,0.));
#3193 = PCURVE('',#3139,#3194);
#3194 = DEFINITIONAL_REPRESENTATION('',(#3195),#3199);
#3195 = LINE('',#3196,#3197);
#3196 = CARTESIAN_POINT('',(-0.,0.));
#3197 = VECTOR('',#3198,1.);
#3198 = DIRECTION('',(-1.,0.));
#3199 = ( GEOMETRIC_REPRESENTATION_CONTEXT(2) 
PARAMETRIC_REPRESENTATION_CONTEXT() REPRESENTATION_CONTEXT('2D SPACE',''
  ) );
#3200 = PCURVE('',#3201,#3206);
#3201 = PLANE('',#3202);
#3202 = AXIS2_PLACEMENT_3D('',#3203,#3204,#3205);
#3203 = CARTESIAN_POINT('',(-35.,6.990076196319E-16,9.5));
#3204 = DIRECTION('',(0.,0.,1.));
#3205 = DIRECTION('',(1.,0.,-0.));
#3206 = DEFINITIONAL_REPRESENTATION('',(#3207),#3211);
#3207 = CIRCLE('',#3208,8.);
#3208 = AXIS2_PLACEMENT_2D('',#3209,#3210);
#3209 = CARTESIAN_POINT('',(0.,-6.990076196319E-16));
#3210 = DIRECTION('',(1.,0.));
#3211 = ( GEOMETRIC_REPRESENTATION_CONTEXT(2) 
PARAMETRIC_REPRESENTATION_CONTEXT() REPRESENTATION_CONTEXT('2D SPACE',''
  ) );
#3212 = ADVANCED_FACE('',(#3213),#3227,.F.);
#3213 = FACE_BOUND('',#3214,.T.);
#3214 = EDGE_LOOP('',(#3215,#3245,#3267,#3268));
#3215 = ORIENTED_EDGE('',*,*,#3216,.T.);
#3216 = EDGE_CURVE('',#3217,#3219,#3221,.T.);
#3217 = VERTEX_POINT('',#3218);
#3218 = CARTESIAN_POINT('',(-32.5,-2.814364031323E-16,9.5));
#3219 = VERTEX_POINT('',#3220);
#3220 = CARTESIAN_POINT('',(-32.5,-2.814364031323E-16,17.5));
#3221 = SEAM_CURVE('',#3222,(#3226,#3238),.PCURVE_S1.);
#3222 = LINE('',#3223,#3224);
#3223 = CARTESIAN_POINT('',(-32.5,-2.814364031323E-16,9.5));
#3224 = VECTOR('',#3225,1.);
#3225 = DIRECTION('',(0.,0.,1.));
#3226 = PCURVE('',#3227,#3232);
#3227 = CYLINDRICAL_SURFACE('',#3228,2.5);
#3228 = AXIS2_PLACEMENT_3D('',#3229,#3230,#3231);
#3229 = CARTESIAN_POINT('',(-35.,-2.814364031323E-16,9.5));
#3230 = DIRECTION('',(-0.,-0.,-1.));
#3231 = DIRECTION('',(1.,0.,0.));
#3232 = DEFINITIONAL_REPRESENTATION('',(#3233),#3237);
#3233 = LINE('',#3234,#3235);
#3234 = CARTESIAN_POINT('',(-0.,0.));
#3235 = VECTOR('',#3236,1.);
#3236 = DIRECTION('',(-0.,-1.));
#3237 = ( GEOMETRIC_REPRESENTATION_CONTEXT(2) 
PARAMETRIC_REPRESENTATION_CONTEXT() REPRESENTATION_CONTEXT('2D SPACE',''
  ) );
#3238 = PCURVE('',#3227,#3239);
#3239 = DEFINITIONAL_REPRESENTATION('',(#3240),#3244);
#3240 = LINE('',#3241,#3242);
#3241 = CARTESIAN_POINT('',(-6.28318530718,0.));
#3242 = VECTOR('',#3243,1.);
#3243 = DIRECTION('',(-0.,-1.));
#3244 = ( GEOMETRIC_REPRESENTATION_CONTEXT(2) 
PARAMETRIC_REPRESENTATION_CONTEXT() REPRESENTATION_CONTEXT('2D SPACE',''
  ) );
#3245 = ORIENTED_EDGE('',*,*,#3246,.T.);
#3246 = EDGE_CURVE('',#3219,#3219,#3247,.T.);
#3247 = SURFACE_CURVE('',#3248,(#3253,#3260),.PCURVE_S1.);
#3248 = CIRCLE('',#3249,2.5);
#3249 = AXIS2_PLACEMENT_3D('',#3250,#3251,#3252);
#3250 = CARTESIAN_POINT('',(-35.,-2.814364031323E-16,17.5));
#3251 = DIRECTION('',(0.,0.,1.));
#3252 = DIRECTION('',(1.,0.,0.));
#3253 = PCURVE('',#3227,#3254);
#3254 = DEFINITIONAL_REPRESENTATION('',(#3255),#3259);
#3255 = LINE('',#3256,#3257);
#3256 = CARTESIAN_POINT('',(-0.,-8.));
#3257 = VECTOR('',#3258,1.);
#3258 = DIRECTION('',(-1.,0.));
#3259 = ( GEOMETRIC_REPRESENTATION_CONTEXT(2) 
PARAMETRIC_REPRESENTATION_CONTEXT() REPRESENTATION_CONTEXT('2D SPACE',''
  ) );
#3260 = PCURVE('',#3173,#3261);
#3261 = DEFINITIONAL_REPRESENTATION('',(#3262),#3266);
#3262 = CIRCLE('',#3263,2.5);
#3263 = AXIS2_PLACEMENT_2D('',#3264,#3265);
#3264 = CARTESIAN_POINT('',(3.552713678801E-14,-9.804440227642E-16));
#3265 = DIRECTION('',(1.,0.));
#3266 = ( GEOMETRIC_REPRESENTATION_CONTEXT(2) 
PARAMETRIC_REPRESENTATION_CONTEXT() REPRESENTATION_CONTEXT('2D SPACE',''
  ) );
#3267 = ORIENTED_EDGE('',*,*,#3216,.F.);
#3268 = ORIENTED_EDGE('',*,*,#3269,.F.);
#3269 = EDGE_CURVE('',#3217,#3217,#3270,.T.);
#3270 = SURFACE_CURVE('',#3271,(#3276,#3283),.PCURVE_S1.);
#3271 = CIRCLE('',#3272,2.5);
#3272 = AXIS2_PLACEMENT_3D('',#3273,#3274,#3275);
#3273 = CARTESIAN_POINT('',(-35.,-2.814364031323E-16,9.5));
#3274 = DIRECTION('',(0.,0.,1.));
#3275 = DIRECTION('',(1.,0.,0.));
#3276 = PCURVE('',#3227,#3277);
#3277 = DEFINITIONAL_REPRESENTATION('',(#3278),#3282);
#3278 = LINE('',#3279,#3280);
#3279 = CARTESIAN_POINT('',(-0.,0.));
#3280 = VECTOR('',#3281,1.);
#3281 = DIRECTION('',(-1.,0.));
#3282 = ( GEOMETRIC_REPRESENTATION_CONTEXT(2) 
PARAMETRIC_REPRESENTATION_CONTEXT() REPRESENTATION_CONTEXT('2D SPACE',''
  ) );
#3283 = PCURVE('',#3201,#3284);
#3284 = DEFINITIONAL_REPRESENTATION('',(#3285),#3289);
#3285 = CIRCLE('',#3286,2.5);
#3286 = AXIS2_PLACEMENT_2D('',#3287,#3288);
#3287 = CARTESIAN_POINT('',(3.552713678801E-14,-9.804440227642E-16));
#3288 = DIRECTION('',(1.,0.));
#3289 = ( GEOMETRIC_REPRESENTATION_CONTEXT(2) 
PARAMETRIC_REPRESENTATION_CONTEXT() REPRESENTATION_CONTEXT('2D SPACE',''
  ) );
#3290 = ADVANCED_FACE('',(#3291,#3294),#3201,.F.);
#3291 = FACE_BOUND('',#3292,.F.);
#3292 = EDGE_LOOP('',(#3293));
#3293 = ORIENTED_EDGE('',*,*,#3186,.T.);
#3294 = FACE_BOUND('',#3295,.F.);
#3295 = EDGE_LOOP('',(#3296));
#3296 = ORIENTED_EDGE('',*,*,#3269,.F.);
#3297 = ADVANCED_FACE('',(#3298,#3301),#3173,.T.);
#3298 = FACE_BOUND('',#3299,.T.);
#3299 = EDGE_LOOP('',(#3300));
#3300 = ORIENTED_EDGE('',*,*,#3158,.T.);
#3301 = FACE_BOUND('',#3302,.T.);
#3302 = EDGE_LOOP('',(#3303));
#3303 = ORIENTED_EDGE('',*,*,#3246,.F.);
#3304 = ( GEOMETRIC_REPRESENTATION_CONTEXT(3) 
GLOBAL_UNCERTAINTY_ASSIGNED_CONTEXT((#3308)) 
GLOBAL_UNIT_ASSIGNED_CONTEXT((#3305,#3306,#3307)) REPRESENTATION_CONTEXT
('Context #1','3D Context with UNIT and UNCERTAINTY') );
#3305 = ( LENGTH_UNIT() NAMED_UNIT(*) SI_UNIT(.MILLI.,.METRE.) );
#3306 = ( NAMED_UNIT(*) PLANE_ANGLE_UNIT() SI_UNIT($,.RADIAN.) );
#3307 = ( NAMED_UNIT(*) SI_UNIT($,.STERADIAN.) SOLID_ANGLE_UNIT() );
#3308 = UNCERTAINTY_MEASURE_WITH_UNIT(LENGTH_MEASURE(1.E-07),#3305,
  'distance_accuracy_value','confusion accuracy');
#3309 = CONTEXT_DEPENDENT_SHAPE_REPRESENTATION(#3310,#3312);
#3310 = ( REPRESENTATION_RELATIONSHIP('','',#3121,#10) 
REPRESENTATION_RELATIONSHIP_WITH_TRANSFORMATION(#3311) 
SHAPE_REPRESENTATION_RELATIONSHIP() );
#3311 = ITEM_DEFINED_TRANSFORMATION('','',#11,#43);
#3312 = PRODUCT_DEFINITION_SHAPE('Placement','Placement of an item',
  #3313);
#3313 = NEXT_ASSEMBLY_USAGE_OCCURRENCE('8',
  'motor_gt2_20t_5mm_pulley_body','',#5,#3116,$);
#3314 = PRODUCT_RELATED_PRODUCT_CATEGORY('part',$,(#3118));
#3315 = SHAPE_DEFINITION_REPRESENTATION(#3316,#3322);
#3316 = PRODUCT_DEFINITION_SHAPE('','',#3317);
#3317 = PRODUCT_DEFINITION('design','',#3318,#3321);
#3318 = PRODUCT_DEFINITION_FORMATION('','',#3319);
#3319 = PRODUCT('motor_gt2_20t_5mm_pulley_pitch_plane_marker',
  'motor_gt2_20t_5mm_pulley_pitch_plane_marker','',(#3320));
#3320 = PRODUCT_CONTEXT('',#2,'mechanical');
#3321 = PRODUCT_DEFINITION_CONTEXT('part definition',#2,'design');
#3322 = ADVANCED_BREP_SHAPE_REPRESENTATION('',(#11,#3323),#3421);
#3323 = MANIFOLD_SOLID_BREP('',#3324);
#3324 = CLOSED_SHELL('',(#3325,#3413,#3417));
#3325 = ADVANCED_FACE('',(#3326),#3340,.T.);
#3326 = FACE_BOUND('',#3327,.F.);
#3327 = EDGE_LOOP('',(#3328,#3358,#3385,#3386));
#3328 = ORIENTED_EDGE('',*,*,#3329,.T.);
#3329 = EDGE_CURVE('',#3330,#3332,#3334,.T.);
#3330 = VERTEX_POINT('',#3331);
#3331 = CARTESIAN_POINT('',(-28.63380227632,0.,13.325));
#3332 = VERTEX_POINT('',#3333);
#3333 = CARTESIAN_POINT('',(-28.63380227632,0.,13.675));
#3334 = SEAM_CURVE('',#3335,(#3339,#3351),.PCURVE_S1.);
#3335 = LINE('',#3336,#3337);
#3336 = CARTESIAN_POINT('',(-28.63380227632,0.,13.325));
#3337 = VECTOR('',#3338,1.);
#3338 = DIRECTION('',(0.,0.,1.));
#3339 = PCURVE('',#3340,#3345);
#3340 = CYLINDRICAL_SURFACE('',#3341,6.366197723676);
#3341 = AXIS2_PLACEMENT_3D('',#3342,#3343,#3344);
#3342 = CARTESIAN_POINT('',(-35.,0.,13.325));
#3343 = DIRECTION('',(-0.,-0.,-1.));
#3344 = DIRECTION('',(1.,0.,0.));
#3345 = DEFINITIONAL_REPRESENTATION('',(#3346),#3350);
#3346 = LINE('',#3347,#3348);
#3347 = CARTESIAN_POINT('',(-0.,0.));
#3348 = VECTOR('',#3349,1.);
#3349 = DIRECTION('',(-0.,-1.));
#3350 = ( GEOMETRIC_REPRESENTATION_CONTEXT(2) 
PARAMETRIC_REPRESENTATION_CONTEXT() REPRESENTATION_CONTEXT('2D SPACE',''
  ) );
#3351 = PCURVE('',#3340,#3352);
#3352 = DEFINITIONAL_REPRESENTATION('',(#3353),#3357);
#3353 = LINE('',#3354,#3355);
#3354 = CARTESIAN_POINT('',(-6.28318530718,0.));
#3355 = VECTOR('',#3356,1.);
#3356 = DIRECTION('',(-0.,-1.));
#3357 = ( GEOMETRIC_REPRESENTATION_CONTEXT(2) 
PARAMETRIC_REPRESENTATION_CONTEXT() REPRESENTATION_CONTEXT('2D SPACE',''
  ) );
#3358 = ORIENTED_EDGE('',*,*,#3359,.T.);
#3359 = EDGE_CURVE('',#3332,#3332,#3360,.T.);
#3360 = SURFACE_CURVE('',#3361,(#3366,#3373),.PCURVE_S1.);
#3361 = CIRCLE('',#3362,6.366197723676);
#3362 = AXIS2_PLACEMENT_3D('',#3363,#3364,#3365);
#3363 = CARTESIAN_POINT('',(-35.,0.,13.675));
#3364 = DIRECTION('',(0.,0.,1.));
#3365 = DIRECTION('',(1.,0.,0.));
#3366 = PCURVE('',#3340,#3367);
#3367 = DEFINITIONAL_REPRESENTATION('',(#3368),#3372);
#3368 = LINE('',#3369,#3370);
#3369 = CARTESIAN_POINT('',(-0.,-0.35));
#3370 = VECTOR('',#3371,1.);
#3371 = DIRECTION('',(-1.,0.));
#3372 = ( GEOMETRIC_REPRESENTATION_CONTEXT(2) 
PARAMETRIC_REPRESENTATION_CONTEXT() REPRESENTATION_CONTEXT('2D SPACE',''
  ) );
#3373 = PCURVE('',#3374,#3379);
#3374 = PLANE('',#3375);
#3375 = AXIS2_PLACEMENT_3D('',#3376,#3377,#3378);
#3376 = CARTESIAN_POINT('',(-35.,5.99309852754E-16,13.675));
#3377 = DIRECTION('',(0.,0.,1.));
#3378 = DIRECTION('',(1.,0.,-0.));
#3379 = DEFINITIONAL_REPRESENTATION('',(#3380),#3384);
#3380 = CIRCLE('',#3381,6.366197723676);
#3381 = AXIS2_PLACEMENT_2D('',#3382,#3383);
#3382 = CARTESIAN_POINT('',(0.,-5.99309852754E-16));
#3383 = DIRECTION('',(1.,0.));
#3384 = ( GEOMETRIC_REPRESENTATION_CONTEXT(2) 
PARAMETRIC_REPRESENTATION_CONTEXT() REPRESENTATION_CONTEXT('2D SPACE',''
  ) );
#3385 = ORIENTED_EDGE('',*,*,#3329,.F.);
#3386 = ORIENTED_EDGE('',*,*,#3387,.F.);
#3387 = EDGE_CURVE('',#3330,#3330,#3388,.T.);
#3388 = SURFACE_CURVE('',#3389,(#3394,#3401),.PCURVE_S1.);
#3389 = CIRCLE('',#3390,6.366197723676);
#3390 = AXIS2_PLACEMENT_3D('',#3391,#3392,#3393);
#3391 = CARTESIAN_POINT('',(-35.,0.,13.325));
#3392 = DIRECTION('',(0.,0.,1.));
#3393 = DIRECTION('',(1.,0.,0.));
#3394 = PCURVE('',#3340,#3395);
#3395 = DEFINITIONAL_REPRESENTATION('',(#3396),#3400);
#3396 = LINE('',#3397,#3398);
#3397 = CARTESIAN_POINT('',(-0.,0.));
#3398 = VECTOR('',#3399,1.);
#3399 = DIRECTION('',(-1.,0.));
#3400 = ( GEOMETRIC_REPRESENTATION_CONTEXT(2) 
PARAMETRIC_REPRESENTATION_CONTEXT() REPRESENTATION_CONTEXT('2D SPACE',''
  ) );
#3401 = PCURVE('',#3402,#3407);
#3402 = PLANE('',#3403);
#3403 = AXIS2_PLACEMENT_3D('',#3404,#3405,#3406);
#3404 = CARTESIAN_POINT('',(-35.,5.99309852754E-16,13.325));
#3405 = DIRECTION('',(0.,0.,1.));
#3406 = DIRECTION('',(1.,0.,-0.));
#3407 = DEFINITIONAL_REPRESENTATION('',(#3408),#3412);
#3408 = CIRCLE('',#3409,6.366197723676);
#3409 = AXIS2_PLACEMENT_2D('',#3410,#3411);
#3410 = CARTESIAN_POINT('',(0.,-5.99309852754E-16));
#3411 = DIRECTION('',(1.,0.));
#3412 = ( GEOMETRIC_REPRESENTATION_CONTEXT(2) 
PARAMETRIC_REPRESENTATION_CONTEXT() REPRESENTATION_CONTEXT('2D SPACE',''
  ) );
#3413 = ADVANCED_FACE('',(#3414),#3402,.F.);
#3414 = FACE_BOUND('',#3415,.F.);
#3415 = EDGE_LOOP('',(#3416));
#3416 = ORIENTED_EDGE('',*,*,#3387,.T.);
#3417 = ADVANCED_FACE('',(#3418),#3374,.T.);
#3418 = FACE_BOUND('',#3419,.T.);
#3419 = EDGE_LOOP('',(#3420));
#3420 = ORIENTED_EDGE('',*,*,#3359,.T.);
#3421 = ( GEOMETRIC_REPRESENTATION_CONTEXT(3) 
GLOBAL_UNCERTAINTY_ASSIGNED_CONTEXT((#3425)) 
GLOBAL_UNIT_ASSIGNED_CONTEXT((#3422,#3423,#3424)) REPRESENTATION_CONTEXT
('Context #1','3D Context with UNIT and UNCERTAINTY') );
#3422 = ( LENGTH_UNIT() NAMED_UNIT(*) SI_UNIT(.MILLI.,.METRE.) );
#3423 = ( NAMED_UNIT(*) PLANE_ANGLE_UNIT() SI_UNIT($,.RADIAN.) );
#3424 = ( NAMED_UNIT(*) SI_UNIT($,.STERADIAN.) SOLID_ANGLE_UNIT() );
#3425 = UNCERTAINTY_MEASURE_WITH_UNIT(LENGTH_MEASURE(1.E-07),#3422,
  'distance_accuracy_value','confusion accuracy');
#3426 = CONTEXT_DEPENDENT_SHAPE_REPRESENTATION(#3427,#3429);
#3427 = ( REPRESENTATION_RELATIONSHIP('','',#3322,#10) 
REPRESENTATION_RELATIONSHIP_WITH_TRANSFORMATION(#3428) 
SHAPE_REPRESENTATION_RELATIONSHIP() );
#3428 = ITEM_DEFINED_TRANSFORMATION('','',#11,#47);
#3429 = PRODUCT_DEFINITION_SHAPE('Placement','Placement of an item',
  #3430);
#3430 = NEXT_ASSEMBLY_USAGE_OCCURRENCE('9',
  'motor_gt2_20t_5mm_pulley_pitch_plane_marker','',#5,#3317,$);
#3431 = PRODUCT_RELATED_PRODUCT_CATEGORY('part',$,(#3319));
#3432 = SHAPE_DEFINITION_REPRESENTATION(#3433,#3439);
#3433 = PRODUCT_DEFINITION_SHAPE('','',#3434);
#3434 = PRODUCT_DEFINITION('design','',#3435,#3438);
#3435 = PRODUCT_DEFINITION_FORMATION('','',#3436);
#3436 = PRODUCT('output_gt2_20t_8mm_pulley_body',
  'output_gt2_20t_8mm_pulley_body','',(#3437));
#3437 = PRODUCT_CONTEXT('',#2,'mechanical');
#3438 = PRODUCT_DEFINITION_CONTEXT('part definition',#2,'design');
#3439 = ADVANCED_BREP_SHAPE_REPRESENTATION('',(#11,#3440),#3622);
#3440 = MANIFOLD_SOLID_BREP('',#3441);
#3441 = CLOSED_SHELL('',(#3442,#3530,#3608,#3615));
#3442 = ADVANCED_FACE('',(#3443),#3457,.T.);
#3443 = FACE_BOUND('',#3444,.F.);
#3444 = EDGE_LOOP('',(#3445,#3475,#3502,#3503));
#3445 = ORIENTED_EDGE('',*,*,#3446,.T.);
#3446 = EDGE_CURVE('',#3447,#3449,#3451,.T.);
#3447 = VERTEX_POINT('',#3448);
#3448 = CARTESIAN_POINT('',(43.,0.,9.5));
#3449 = VERTEX_POINT('',#3450);
#3450 = CARTESIAN_POINT('',(43.,0.,17.5));
#3451 = SEAM_CURVE('',#3452,(#3456,#3468),.PCURVE_S1.);
#3452 = LINE('',#3453,#3454);
#3453 = CARTESIAN_POINT('',(43.,0.,9.5));
#3454 = VECTOR('',#3455,1.);
#3455 = DIRECTION('',(0.,0.,1.));
#3456 = PCURVE('',#3457,#3462);
#3457 = CYLINDRICAL_SURFACE('',#3458,8.);
#3458 = AXIS2_PLACEMENT_3D('',#3459,#3460,#3461);
#3459 = CARTESIAN_POINT('',(35.,0.,9.5));
#3460 = DIRECTION('',(-0.,-0.,-1.));
#3461 = DIRECTION('',(1.,0.,0.));
#3462 = DEFINITIONAL_REPRESENTATION('',(#3463),#3467);
#3463 = LINE('',#3464,#3465);
#3464 = CARTESIAN_POINT('',(-0.,0.));
#3465 = VECTOR('',#3466,1.);
#3466 = DIRECTION('',(-0.,-1.));
#3467 = ( GEOMETRIC_REPRESENTATION_CONTEXT(2) 
PARAMETRIC_REPRESENTATION_CONTEXT() REPRESENTATION_CONTEXT('2D SPACE',''
  ) );
#3468 = PCURVE('',#3457,#3469);
#3469 = DEFINITIONAL_REPRESENTATION('',(#3470),#3474);
#3470 = LINE('',#3471,#3472);
#3471 = CARTESIAN_POINT('',(-6.28318530718,0.));
#3472 = VECTOR('',#3473,1.);
#3473 = DIRECTION('',(-0.,-1.));
#3474 = ( GEOMETRIC_REPRESENTATION_CONTEXT(2) 
PARAMETRIC_REPRESENTATION_CONTEXT() REPRESENTATION_CONTEXT('2D SPACE',''
  ) );
#3475 = ORIENTED_EDGE('',*,*,#3476,.T.);
#3476 = EDGE_CURVE('',#3449,#3449,#3477,.T.);
#3477 = SURFACE_CURVE('',#3478,(#3483,#3490),.PCURVE_S1.);
#3478 = CIRCLE('',#3479,8.);
#3479 = AXIS2_PLACEMENT_3D('',#3480,#3481,#3482);
#3480 = CARTESIAN_POINT('',(35.,0.,17.5));
#3481 = DIRECTION('',(0.,0.,1.));
#3482 = DIRECTION('',(1.,0.,0.));
#3483 = PCURVE('',#3457,#3484);
#3484 = DEFINITIONAL_REPRESENTATION('',(#3485),#3489);
#3485 = LINE('',#3486,#3487);
#3486 = CARTESIAN_POINT('',(-0.,-8.));
#3487 = VECTOR('',#3488,1.);
#3488 = DIRECTION('',(-1.,0.));
#3489 = ( GEOMETRIC_REPRESENTATION_CONTEXT(2) 
PARAMETRIC_REPRESENTATION_CONTEXT() REPRESENTATION_CONTEXT('2D SPACE',''
  ) );
#3490 = PCURVE('',#3491,#3496);
#3491 = PLANE('',#3492);
#3492 = AXIS2_PLACEMENT_3D('',#3493,#3494,#3495);
#3493 = CARTESIAN_POINT('',(35.,6.990076196319E-16,17.5));
#3494 = DIRECTION('',(0.,0.,1.));
#3495 = DIRECTION('',(1.,0.,-0.));
#3496 = DEFINITIONAL_REPRESENTATION('',(#3497),#3501);
#3497 = CIRCLE('',#3498,8.);
#3498 = AXIS2_PLACEMENT_2D('',#3499,#3500);
#3499 = CARTESIAN_POINT('',(0.,-6.990076196319E-16));
#3500 = DIRECTION('',(1.,0.));
#3501 = ( GEOMETRIC_REPRESENTATION_CONTEXT(2) 
PARAMETRIC_REPRESENTATION_CONTEXT() REPRESENTATION_CONTEXT('2D SPACE',''
  ) );
#3502 = ORIENTED_EDGE('',*,*,#3446,.F.);
#3503 = ORIENTED_EDGE('',*,*,#3504,.F.);
#3504 = EDGE_CURVE('',#3447,#3447,#3505,.T.);
#3505 = SURFACE_CURVE('',#3506,(#3511,#3518),.PCURVE_S1.);
#3506 = CIRCLE('',#3507,8.);
#3507 = AXIS2_PLACEMENT_3D('',#3508,#3509,#3510);
#3508 = CARTESIAN_POINT('',(35.,0.,9.5));
#3509 = DIRECTION('',(0.,0.,1.));
#3510 = DIRECTION('',(1.,0.,0.));
#3511 = PCURVE('',#3457,#3512);
#3512 = DEFINITIONAL_REPRESENTATION('',(#3513),#3517);
#3513 = LINE('',#3514,#3515);
#3514 = CARTESIAN_POINT('',(-0.,0.));
#3515 = VECTOR('',#3516,1.);
#3516 = DIRECTION('',(-1.,0.));
#3517 = ( GEOMETRIC_REPRESENTATION_CONTEXT(2) 
PARAMETRIC_REPRESENTATION_CONTEXT() REPRESENTATION_CONTEXT('2D SPACE',''
  ) );
#3518 = PCURVE('',#3519,#3524);
#3519 = PLANE('',#3520);
#3520 = AXIS2_PLACEMENT_3D('',#3521,#3522,#3523);
#3521 = CARTESIAN_POINT('',(35.,6.990076196319E-16,9.5));
#3522 = DIRECTION('',(0.,0.,1.));
#3523 = DIRECTION('',(1.,0.,-0.));
#3524 = DEFINITIONAL_REPRESENTATION('',(#3525),#3529);
#3525 = CIRCLE('',#3526,8.);
#3526 = AXIS2_PLACEMENT_2D('',#3527,#3528);
#3527 = CARTESIAN_POINT('',(0.,-6.990076196319E-16));
#3528 = DIRECTION('',(1.,0.));
#3529 = ( GEOMETRIC_REPRESENTATION_CONTEXT(2) 
PARAMETRIC_REPRESENTATION_CONTEXT() REPRESENTATION_CONTEXT('2D SPACE',''
  ) );
#3530 = ADVANCED_FACE('',(#3531),#3545,.F.);
#3531 = FACE_BOUND('',#3532,.T.);
#3532 = EDGE_LOOP('',(#3533,#3563,#3585,#3586));
#3533 = ORIENTED_EDGE('',*,*,#3534,.T.);
#3534 = EDGE_CURVE('',#3535,#3537,#3539,.T.);
#3535 = VERTEX_POINT('',#3536);
#3536 = CARTESIAN_POINT('',(39.,-2.814364031323E-16,9.5));
#3537 = VERTEX_POINT('',#3538);
#3538 = CARTESIAN_POINT('',(39.,-2.814364031323E-16,17.5));
#3539 = SEAM_CURVE('',#3540,(#3544,#3556),.PCURVE_S1.);
#3540 = LINE('',#3541,#3542);
#3541 = CARTESIAN_POINT('',(39.,-2.814364031323E-16,9.5));
#3542 = VECTOR('',#3543,1.);
#3543 = DIRECTION('',(0.,0.,1.));
#3544 = PCURVE('',#3545,#3550);
#3545 = CYLINDRICAL_SURFACE('',#3546,4.);
#3546 = AXIS2_PLACEMENT_3D('',#3547,#3548,#3549);
#3547 = CARTESIAN_POINT('',(35.,-2.814364031323E-16,9.5));
#3548 = DIRECTION('',(-0.,-0.,-1.));
#3549 = DIRECTION('',(1.,0.,0.));
#3550 = DEFINITIONAL_REPRESENTATION('',(#3551),#3555);
#3551 = LINE('',#3552,#3553);
#3552 = CARTESIAN_POINT('',(-0.,0.));
#3553 = VECTOR('',#3554,1.);
#3554 = DIRECTION('',(-0.,-1.));
#3555 = ( GEOMETRIC_REPRESENTATION_CONTEXT(2) 
PARAMETRIC_REPRESENTATION_CONTEXT() REPRESENTATION_CONTEXT('2D SPACE',''
  ) );
#3556 = PCURVE('',#3545,#3557);
#3557 = DEFINITIONAL_REPRESENTATION('',(#3558),#3562);
#3558 = LINE('',#3559,#3560);
#3559 = CARTESIAN_POINT('',(-6.28318530718,0.));
#3560 = VECTOR('',#3561,1.);
#3561 = DIRECTION('',(-0.,-1.));
#3562 = ( GEOMETRIC_REPRESENTATION_CONTEXT(2) 
PARAMETRIC_REPRESENTATION_CONTEXT() REPRESENTATION_CONTEXT('2D SPACE',''
  ) );
#3563 = ORIENTED_EDGE('',*,*,#3564,.T.);
#3564 = EDGE_CURVE('',#3537,#3537,#3565,.T.);
#3565 = SURFACE_CURVE('',#3566,(#3571,#3578),.PCURVE_S1.);
#3566 = CIRCLE('',#3567,4.);
#3567 = AXIS2_PLACEMENT_3D('',#3568,#3569,#3570);
#3568 = CARTESIAN_POINT('',(35.,-2.814364031323E-16,17.5));
#3569 = DIRECTION('',(0.,0.,1.));
#3570 = DIRECTION('',(1.,0.,0.));
#3571 = PCURVE('',#3545,#3572);
#3572 = DEFINITIONAL_REPRESENTATION('',(#3573),#3577);
#3573 = LINE('',#3574,#3575);
#3574 = CARTESIAN_POINT('',(-0.,-8.));
#3575 = VECTOR('',#3576,1.);
#3576 = DIRECTION('',(-1.,0.));
#3577 = ( GEOMETRIC_REPRESENTATION_CONTEXT(2) 
PARAMETRIC_REPRESENTATION_CONTEXT() REPRESENTATION_CONTEXT('2D SPACE',''
  ) );
#3578 = PCURVE('',#3491,#3579);
#3579 = DEFINITIONAL_REPRESENTATION('',(#3580),#3584);
#3580 = CIRCLE('',#3581,4.);
#3581 = AXIS2_PLACEMENT_2D('',#3582,#3583);
#3582 = CARTESIAN_POINT('',(3.552713678801E-14,-9.804440227642E-16));
#3583 = DIRECTION('',(1.,0.));
#3584 = ( GEOMETRIC_REPRESENTATION_CONTEXT(2) 
PARAMETRIC_REPRESENTATION_CONTEXT() REPRESENTATION_CONTEXT('2D SPACE',''
  ) );
#3585 = ORIENTED_EDGE('',*,*,#3534,.F.);
#3586 = ORIENTED_EDGE('',*,*,#3587,.F.);
#3587 = EDGE_CURVE('',#3535,#3535,#3588,.T.);
#3588 = SURFACE_CURVE('',#3589,(#3594,#3601),.PCURVE_S1.);
#3589 = CIRCLE('',#3590,4.);
#3590 = AXIS2_PLACEMENT_3D('',#3591,#3592,#3593);
#3591 = CARTESIAN_POINT('',(35.,-2.814364031323E-16,9.5));
#3592 = DIRECTION('',(0.,0.,1.));
#3593 = DIRECTION('',(1.,0.,0.));
#3594 = PCURVE('',#3545,#3595);
#3595 = DEFINITIONAL_REPRESENTATION('',(#3596),#3600);
#3596 = LINE('',#3597,#3598);
#3597 = CARTESIAN_POINT('',(-0.,0.));
#3598 = VECTOR('',#3599,1.);
#3599 = DIRECTION('',(-1.,0.));
#3600 = ( GEOMETRIC_REPRESENTATION_CONTEXT(2) 
PARAMETRIC_REPRESENTATION_CONTEXT() REPRESENTATION_CONTEXT('2D SPACE',''
  ) );
#3601 = PCURVE('',#3519,#3602);
#3602 = DEFINITIONAL_REPRESENTATION('',(#3603),#3607);
#3603 = CIRCLE('',#3604,4.);
#3604 = AXIS2_PLACEMENT_2D('',#3605,#3606);
#3605 = CARTESIAN_POINT('',(3.552713678801E-14,-9.804440227642E-16));
#3606 = DIRECTION('',(1.,0.));
#3607 = ( GEOMETRIC_REPRESENTATION_CONTEXT(2) 
PARAMETRIC_REPRESENTATION_CONTEXT() REPRESENTATION_CONTEXT('2D SPACE',''
  ) );
#3608 = ADVANCED_FACE('',(#3609,#3612),#3519,.F.);
#3609 = FACE_BOUND('',#3610,.F.);
#3610 = EDGE_LOOP('',(#3611));
#3611 = ORIENTED_EDGE('',*,*,#3504,.T.);
#3612 = FACE_BOUND('',#3613,.F.);
#3613 = EDGE_LOOP('',(#3614));
#3614 = ORIENTED_EDGE('',*,*,#3587,.F.);
#3615 = ADVANCED_FACE('',(#3616,#3619),#3491,.T.);
#3616 = FACE_BOUND('',#3617,.T.);
#3617 = EDGE_LOOP('',(#3618));
#3618 = ORIENTED_EDGE('',*,*,#3476,.T.);
#3619 = FACE_BOUND('',#3620,.T.);
#3620 = EDGE_LOOP('',(#3621));
#3621 = ORIENTED_EDGE('',*,*,#3564,.F.);
#3622 = ( GEOMETRIC_REPRESENTATION_CONTEXT(3) 
GLOBAL_UNCERTAINTY_ASSIGNED_CONTEXT((#3626)) 
GLOBAL_UNIT_ASSIGNED_CONTEXT((#3623,#3624,#3625)) REPRESENTATION_CONTEXT
('Context #1','3D Context with UNIT and UNCERTAINTY') );
#3623 = ( LENGTH_UNIT() NAMED_UNIT(*) SI_UNIT(.MILLI.,.METRE.) );
#3624 = ( NAMED_UNIT(*) PLANE_ANGLE_UNIT() SI_UNIT($,.RADIAN.) );
#3625 = ( NAMED_UNIT(*) SI_UNIT($,.STERADIAN.) SOLID_ANGLE_UNIT() );
#3626 = UNCERTAINTY_MEASURE_WITH_UNIT(LENGTH_MEASURE(1.E-07),#3623,
  'distance_accuracy_value','confusion accuracy');
#3627 = CONTEXT_DEPENDENT_SHAPE_REPRESENTATION(#3628,#3630);
#3628 = ( REPRESENTATION_RELATIONSHIP('','',#3439,#10) 
REPRESENTATION_RELATIONSHIP_WITH_TRANSFORMATION(#3629) 
SHAPE_REPRESENTATION_RELATIONSHIP() );
#3629 = ITEM_DEFINED_TRANSFORMATION('','',#11,#51);
#3630 = PRODUCT_DEFINITION_SHAPE('Placement','Placement of an item',
  #3631);
#3631 = NEXT_ASSEMBLY_USAGE_OCCURRENCE('10',
  'output_gt2_20t_8mm_pulley_body','',#5,#3434,$);
#3632 = PRODUCT_RELATED_PRODUCT_CATEGORY('part',$,(#3436));
#3633 = SHAPE_DEFINITION_REPRESENTATION(#3634,#3640);
#3634 = PRODUCT_DEFINITION_SHAPE('','',#3635);
#3635 = PRODUCT_DEFINITION('design','',#3636,#3639);
#3636 = PRODUCT_DEFINITION_FORMATION('','',#3637);
#3637 = PRODUCT('output_gt2_20t_8mm_pulley_pitch_plane_marker',
  'output_gt2_20t_8mm_pulley_pitch_plane_marker','',(#3638));
#3638 = PRODUCT_CONTEXT('',#2,'mechanical');
#3639 = PRODUCT_DEFINITION_CONTEXT('part definition',#2,'design');
#3640 = ADVANCED_BREP_SHAPE_REPRESENTATION('',(#11,#3641),#3739);
#3641 = MANIFOLD_SOLID_BREP('',#3642);
#3642 = CLOSED_SHELL('',(#3643,#3731,#3735));
#3643 = ADVANCED_FACE('',(#3644),#3658,.T.);
#3644 = FACE_BOUND('',#3645,.F.);
#3645 = EDGE_LOOP('',(#3646,#3676,#3703,#3704));
#3646 = ORIENTED_EDGE('',*,*,#3647,.T.);
#3647 = EDGE_CURVE('',#3648,#3650,#3652,.T.);
#3648 = VERTEX_POINT('',#3649);
#3649 = CARTESIAN_POINT('',(41.366197723676,0.,13.325));
#3650 = VERTEX_POINT('',#3651);
#3651 = CARTESIAN_POINT('',(41.366197723676,0.,13.675));
#3652 = SEAM_CURVE('',#3653,(#3657,#3669),.PCURVE_S1.);
#3653 = LINE('',#3654,#3655);
#3654 = CARTESIAN_POINT('',(41.366197723676,0.,13.325));
#3655 = VECTOR('',#3656,1.);
#3656 = DIRECTION('',(0.,0.,1.));
#3657 = PCURVE('',#3658,#3663);
#3658 = CYLINDRICAL_SURFACE('',#3659,6.366197723676);
#3659 = AXIS2_PLACEMENT_3D('',#3660,#3661,#3662);
#3660 = CARTESIAN_POINT('',(35.,0.,13.325));
#3661 = DIRECTION('',(-0.,-0.,-1.));
#3662 = DIRECTION('',(1.,0.,0.));
#3663 = DEFINITIONAL_REPRESENTATION('',(#3664),#3668);
#3664 = LINE('',#3665,#3666);
#3665 = CARTESIAN_POINT('',(-0.,0.));
#3666 = VECTOR('',#3667,1.);
#3667 = DIRECTION('',(-0.,-1.));
#3668 = ( GEOMETRIC_REPRESENTATION_CONTEXT(2) 
PARAMETRIC_REPRESENTATION_CONTEXT() REPRESENTATION_CONTEXT('2D SPACE',''
  ) );
#3669 = PCURVE('',#3658,#3670);
#3670 = DEFINITIONAL_REPRESENTATION('',(#3671),#3675);
#3671 = LINE('',#3672,#3673);
#3672 = CARTESIAN_POINT('',(-6.28318530718,0.));
#3673 = VECTOR('',#3674,1.);
#3674 = DIRECTION('',(-0.,-1.));
#3675 = ( GEOMETRIC_REPRESENTATION_CONTEXT(2) 
PARAMETRIC_REPRESENTATION_CONTEXT() REPRESENTATION_CONTEXT('2D SPACE',''
  ) );
#3676 = ORIENTED_EDGE('',*,*,#3677,.T.);
#3677 = EDGE_CURVE('',#3650,#3650,#3678,.T.);
#3678 = SURFACE_CURVE('',#3679,(#3684,#3691),.PCURVE_S1.);
#3679 = CIRCLE('',#3680,6.366197723676);
#3680 = AXIS2_PLACEMENT_3D('',#3681,#3682,#3683);
#3681 = CARTESIAN_POINT('',(35.,0.,13.675));
#3682 = DIRECTION('',(0.,0.,1.));
#3683 = DIRECTION('',(1.,0.,0.));
#3684 = PCURVE('',#3658,#3685);
#3685 = DEFINITIONAL_REPRESENTATION('',(#3686),#3690);
#3686 = LINE('',#3687,#3688);
#3687 = CARTESIAN_POINT('',(-0.,-0.35));
#3688 = VECTOR('',#3689,1.);
#3689 = DIRECTION('',(-1.,0.));
#3690 = ( GEOMETRIC_REPRESENTATION_CONTEXT(2) 
PARAMETRIC_REPRESENTATION_CONTEXT() REPRESENTATION_CONTEXT('2D SPACE',''
  ) );
#3691 = PCURVE('',#3692,#3697);
#3692 = PLANE('',#3693);
#3693 = AXIS2_PLACEMENT_3D('',#3694,#3695,#3696);
#3694 = CARTESIAN_POINT('',(35.,5.99309852754E-16,13.675));
#3695 = DIRECTION('',(0.,0.,1.));
#3696 = DIRECTION('',(1.,0.,-0.));
#3697 = DEFINITIONAL_REPRESENTATION('',(#3698),#3702);
#3698 = CIRCLE('',#3699,6.366197723676);
#3699 = AXIS2_PLACEMENT_2D('',#3700,#3701);
#3700 = CARTESIAN_POINT('',(0.,-5.99309852754E-16));
#3701 = DIRECTION('',(1.,0.));
#3702 = ( GEOMETRIC_REPRESENTATION_CONTEXT(2) 
PARAMETRIC_REPRESENTATION_CONTEXT() REPRESENTATION_CONTEXT('2D SPACE',''
  ) );
#3703 = ORIENTED_EDGE('',*,*,#3647,.F.);
#3704 = ORIENTED_EDGE('',*,*,#3705,.F.);
#3705 = EDGE_CURVE('',#3648,#3648,#3706,.T.);
#3706 = SURFACE_CURVE('',#3707,(#3712,#3719),.PCURVE_S1.);
#3707 = CIRCLE('',#3708,6.366197723676);
#3708 = AXIS2_PLACEMENT_3D('',#3709,#3710,#3711);
#3709 = CARTESIAN_POINT('',(35.,0.,13.325));
#3710 = DIRECTION('',(0.,0.,1.));
#3711 = DIRECTION('',(1.,0.,0.));
#3712 = PCURVE('',#3658,#3713);
#3713 = DEFINITIONAL_REPRESENTATION('',(#3714),#3718);
#3714 = LINE('',#3715,#3716);
#3715 = CARTESIAN_POINT('',(-0.,0.));
#3716 = VECTOR('',#3717,1.);
#3717 = DIRECTION('',(-1.,0.));
#3718 = ( GEOMETRIC_REPRESENTATION_CONTEXT(2) 
PARAMETRIC_REPRESENTATION_CONTEXT() REPRESENTATION_CONTEXT('2D SPACE',''
  ) );
#3719 = PCURVE('',#3720,#3725);
#3720 = PLANE('',#3721);
#3721 = AXIS2_PLACEMENT_3D('',#3722,#3723,#3724);
#3722 = CARTESIAN_POINT('',(35.,5.99309852754E-16,13.325));
#3723 = DIRECTION('',(0.,0.,1.));
#3724 = DIRECTION('',(1.,0.,-0.));
#3725 = DEFINITIONAL_REPRESENTATION('',(#3726),#3730);
#3726 = CIRCLE('',#3727,6.366197723676);
#3727 = AXIS2_PLACEMENT_2D('',#3728,#3729);
#3728 = CARTESIAN_POINT('',(0.,-5.99309852754E-16));
#3729 = DIRECTION('',(1.,0.));
#3730 = ( GEOMETRIC_REPRESENTATION_CONTEXT(2) 
PARAMETRIC_REPRESENTATION_CONTEXT() REPRESENTATION_CONTEXT('2D SPACE',''
  ) );
#3731 = ADVANCED_FACE('',(#3732),#3720,.F.);
#3732 = FACE_BOUND('',#3733,.F.);
#3733 = EDGE_LOOP('',(#3734));
#3734 = ORIENTED_EDGE('',*,*,#3705,.T.);
#3735 = ADVANCED_FACE('',(#3736),#3692,.T.);
#3736 = FACE_BOUND('',#3737,.T.);
#3737 = EDGE_LOOP('',(#3738));
#3738 = ORIENTED_EDGE('',*,*,#3677,.T.);
#3739 = ( GEOMETRIC_REPRESENTATION_CONTEXT(3) 
GLOBAL_UNCERTAINTY_ASSIGNED_CONTEXT((#3743)) 
GLOBAL_UNIT_ASSIGNED_CONTEXT((#3740,#3741,#3742)) REPRESENTATION_CONTEXT
('Context #1','3D Context with UNIT and UNCERTAINTY') );
#3740 = ( LENGTH_UNIT() NAMED_UNIT(*) SI_UNIT(.MILLI.,.METRE.) );
#3741 = ( NAMED_UNIT(*) PLANE_ANGLE_UNIT() SI_UNIT($,.RADIAN.) );
#3742 = ( NAMED_UNIT(*) SI_UNIT($,.STERADIAN.) SOLID_ANGLE_UNIT() );
#3743 = UNCERTAINTY_MEASURE_WITH_UNIT(LENGTH_MEASURE(1.E-07),#3740,
  'distance_accuracy_value','confusion accuracy');
#3744 = CONTEXT_DEPENDENT_SHAPE_REPRESENTATION(#3745,#3747);
#3745 = ( REPRESENTATION_RELATIONSHIP('','',#3640,#10) 
REPRESENTATION_RELATIONSHIP_WITH_TRANSFORMATION(#3746) 
SHAPE_REPRESENTATION_RELATIONSHIP() );
#3746 = ITEM_DEFINED_TRANSFORMATION('','',#11,#55);
#3747 = PRODUCT_DEFINITION_SHAPE('Placement','Placement of an item',
  #3748);
#3748 = NEXT_ASSEMBLY_USAGE_OCCURRENCE('11',
  'output_gt2_20t_8mm_pulley_pitch_plane_marker','',#5,#3635,$);
#3749 = PRODUCT_RELATED_PRODUCT_CATEGORY('part',$,(#3637));
#3750 = SHAPE_DEFINITION_REPRESENTATION(#3751,#3757);
#3751 = PRODUCT_DEFINITION_SHAPE('','',#3752);
#3752 = PRODUCT_DEFINITION('design','',#3753,#3756);
#3753 = PRODUCT_DEFINITION_FORMATION('','',#3754);
#3754 = PRODUCT('gt2_belt_top_span','gt2_belt_top_span','',(#3755));
#3755 = PRODUCT_CONTEXT('',#2,'mechanical');
#3756 = PRODUCT_DEFINITION_CONTEXT('part definition',#2,'design');
#3757 = ADVANCED_BREP_SHAPE_REPRESENTATION('',(#11,#3758),#4088);
#3758 = MANIFOLD_SOLID_BREP('',#3759);
#3759 = CLOSED_SHELL('',(#3760,#3880,#3980,#4027,#4074,#4081));
#3760 = ADVANCED_FACE('',(#3761),#3775,.F.);
#3761 = FACE_BOUND('',#3762,.F.);
#3762 = EDGE_LOOP('',(#3763,#3798,#3826,#3854));
#3763 = ORIENTED_EDGE('',*,*,#3764,.F.);
#3764 = EDGE_CURVE('',#3765,#3767,#3769,.T.);
#3765 = VERTEX_POINT('',#3766);
#3766 = CARTESIAN_POINT('',(-35.,5.666197723676,10.5));
#3767 = VERTEX_POINT('',#3768);
#3768 = CARTESIAN_POINT('',(-35.,5.666197723676,16.5));
#3769 = SURFACE_CURVE('',#3770,(#3774,#3786),.PCURVE_S1.);
#3770 = LINE('',#3771,#3772);
#3771 = CARTESIAN_POINT('',(-35.,5.666197723676,10.5));
#3772 = VECTOR('',#3773,1.);
#3773 = DIRECTION('',(0.,0.,1.));
#3774 = PCURVE('',#3775,#3780);
#3775 = PLANE('',#3776);
#3776 = AXIS2_PLACEMENT_3D('',#3777,#3778,#3779);
#3777 = CARTESIAN_POINT('',(-35.,5.666197723676,10.5));
#3778 = DIRECTION('',(1.,0.,0.));
#3779 = DIRECTION('',(0.,0.,1.));
#3780 = DEFINITIONAL_REPRESENTATION('',(#3781),#3785);
#3781 = LINE('',#3782,#3783);
#3782 = CARTESIAN_POINT('',(0.,0.));
#3783 = VECTOR('',#3784,1.);
#3784 = DIRECTION('',(1.,0.));
#3785 = ( GEOMETRIC_REPRESENTATION_CONTEXT(2) 
PARAMETRIC_REPRESENTATION_CONTEXT() REPRESENTATION_CONTEXT('2D SPACE',''
  ) );
#3786 = PCURVE('',#3787,#3792);
#3787 = PLANE('',#3788);
#3788 = AXIS2_PLACEMENT_3D('',#3789,#3790,#3791);
#3789 = CARTESIAN_POINT('',(-35.,5.666197723676,10.5));
#3790 = DIRECTION('',(0.,1.,0.));
#3791 = DIRECTION('',(0.,0.,1.));
#3792 = DEFINITIONAL_REPRESENTATION('',(#3793),#3797);
#3793 = LINE('',#3794,#3795);
#3794 = CARTESIAN_POINT('',(0.,0.));
#3795 = VECTOR('',#3796,1.);
#3796 = DIRECTION('',(1.,0.));
#3797 = ( GEOMETRIC_REPRESENTATION_CONTEXT(2) 
PARAMETRIC_REPRESENTATION_CONTEXT() REPRESENTATION_CONTEXT('2D SPACE',''
  ) );
#3798 = ORIENTED_EDGE('',*,*,#3799,.T.);
#3799 = EDGE_CURVE('',#3765,#3800,#3802,.T.);
#3800 = VERTEX_POINT('',#3801);
#3801 = CARTESIAN_POINT('',(-35.,7.066197723676,10.5));
#3802 = SURFACE_CURVE('',#3803,(#3807,#3814),.PCURVE_S1.);
#3803 = LINE('',#3804,#3805);
#3804 = CARTESIAN_POINT('',(-35.,5.666197723676,10.5));
#3805 = VECTOR('',#3806,1.);
#3806 = DIRECTION('',(0.,1.,0.));
#3807 = PCURVE('',#3775,#3808);
#3808 = DEFINITIONAL_REPRESENTATION('',(#3809),#3813);
#3809 = LINE('',#3810,#3811);
#3810 = CARTESIAN_POINT('',(0.,0.));
#3811 = VECTOR('',#3812,1.);
#3812 = DIRECTION('',(0.,-1.));
#3813 = ( GEOMETRIC_REPRESENTATION_CONTEXT(2) 
PARAMETRIC_REPRESENTATION_CONTEXT() REPRESENTATION_CONTEXT('2D SPACE',''
  ) );
#3814 = PCURVE('',#3815,#3820);
#3815 = PLANE('',#3816);
#3816 = AXIS2_PLACEMENT_3D('',#3817,#3818,#3819);
#3817 = CARTESIAN_POINT('',(-35.,5.666197723676,10.5));
#3818 = DIRECTION('',(0.,0.,1.));
#3819 = DIRECTION('',(1.,0.,0.));
#3820 = DEFINITIONAL_REPRESENTATION('',(#3821),#3825);
#3821 = LINE('',#3822,#3823);
#3822 = CARTESIAN_POINT('',(0.,0.));
#3823 = VECTOR('',#3824,1.);
#3824 = DIRECTION('',(0.,1.));
#3825 = ( GEOMETRIC_REPRESENTATION_CONTEXT(2) 
PARAMETRIC_REPRESENTATION_CONTEXT() REPRESENTATION_CONTEXT('2D SPACE',''
  ) );
#3826 = ORIENTED_EDGE('',*,*,#3827,.T.);
#3827 = EDGE_CURVE('',#3800,#3828,#3830,.T.);
#3828 = VERTEX_POINT('',#3829);
#3829 = CARTESIAN_POINT('',(-35.,7.066197723676,16.5));
#3830 = SURFACE_CURVE('',#3831,(#3835,#3842),.PCURVE_S1.);
#3831 = LINE('',#3832,#3833);
#3832 = CARTESIAN_POINT('',(-35.,7.066197723676,10.5));
#3833 = VECTOR('',#3834,1.);
#3834 = DIRECTION('',(0.,0.,1.));
#3835 = PCURVE('',#3775,#3836);
#3836 = DEFINITIONAL_REPRESENTATION('',(#3837),#3841);
#3837 = LINE('',#3838,#3839);
#3838 = CARTESIAN_POINT('',(0.,-1.4));
#3839 = VECTOR('',#3840,1.);
#3840 = DIRECTION('',(1.,0.));
#3841 = ( GEOMETRIC_REPRESENTATION_CONTEXT(2) 
PARAMETRIC_REPRESENTATION_CONTEXT() REPRESENTATION_CONTEXT('2D SPACE',''
  ) );
#3842 = PCURVE('',#3843,#3848);
#3843 = PLANE('',#3844);
#3844 = AXIS2_PLACEMENT_3D('',#3845,#3846,#3847);
#3845 = CARTESIAN_POINT('',(-35.,7.066197723676,10.5));
#3846 = DIRECTION('',(0.,1.,0.));
#3847 = DIRECTION('',(0.,0.,1.));
#3848 = DEFINITIONAL_REPRESENTATION('',(#3849),#3853);
#3849 = LINE('',#3850,#3851);
#3850 = CARTESIAN_POINT('',(0.,0.));
#3851 = VECTOR('',#3852,1.);
#3852 = DIRECTION('',(1.,0.));
#3853 = ( GEOMETRIC_REPRESENTATION_CONTEXT(2) 
PARAMETRIC_REPRESENTATION_CONTEXT() REPRESENTATION_CONTEXT('2D SPACE',''
  ) );
#3854 = ORIENTED_EDGE('',*,*,#3855,.F.);
#3855 = EDGE_CURVE('',#3767,#3828,#3856,.T.);
#3856 = SURFACE_CURVE('',#3857,(#3861,#3868),.PCURVE_S1.);
#3857 = LINE('',#3858,#3859);
#3858 = CARTESIAN_POINT('',(-35.,5.666197723676,16.5));
#3859 = VECTOR('',#3860,1.);
#3860 = DIRECTION('',(0.,1.,0.));
#3861 = PCURVE('',#3775,#3862);
#3862 = DEFINITIONAL_REPRESENTATION('',(#3863),#3867);
#3863 = LINE('',#3864,#3865);
#3864 = CARTESIAN_POINT('',(6.,0.));
#3865 = VECTOR('',#3866,1.);
#3866 = DIRECTION('',(0.,-1.));
#3867 = ( GEOMETRIC_REPRESENTATION_CONTEXT(2) 
PARAMETRIC_REPRESENTATION_CONTEXT() REPRESENTATION_CONTEXT('2D SPACE',''
  ) );
#3868 = PCURVE('',#3869,#3874);
#3869 = PLANE('',#3870);
#3870 = AXIS2_PLACEMENT_3D('',#3871,#3872,#3873);
#3871 = CARTESIAN_POINT('',(-35.,5.666197723676,16.5));
#3872 = DIRECTION('',(0.,0.,1.));
#3873 = DIRECTION('',(1.,0.,0.));
#3874 = DEFINITIONAL_REPRESENTATION('',(#3875),#3879);
#3875 = LINE('',#3876,#3877);
#3876 = CARTESIAN_POINT('',(0.,0.));
#3877 = VECTOR('',#3878,1.);
#3878 = DIRECTION('',(0.,1.));
#3879 = ( GEOMETRIC_REPRESENTATION_CONTEXT(2) 
PARAMETRIC_REPRESENTATION_CONTEXT() REPRESENTATION_CONTEXT('2D SPACE',''
  ) );
#3880 = ADVANCED_FACE('',(#3881),#3895,.T.);
#3881 = FACE_BOUND('',#3882,.T.);
#3882 = EDGE_LOOP('',(#3883,#3913,#3936,#3959));
#3883 = ORIENTED_EDGE('',*,*,#3884,.F.);
#3884 = EDGE_CURVE('',#3885,#3887,#3889,.T.);
#3885 = VERTEX_POINT('',#3886);
#3886 = CARTESIAN_POINT('',(35.,5.666197723676,10.5));
#3887 = VERTEX_POINT('',#3888);
#3888 = CARTESIAN_POINT('',(35.,5.666197723676,16.5));
#3889 = SURFACE_CURVE('',#3890,(#3894,#3906),.PCURVE_S1.);
#3890 = LINE('',#3891,#3892);
#3891 = CARTESIAN_POINT('',(35.,5.666197723676,10.5));
#3892 = VECTOR('',#3893,1.);
#3893 = DIRECTION('',(0.,0.,1.));
#3894 = PCURVE('',#3895,#3900);
#3895 = PLANE('',#3896);
#3896 = AXIS2_PLACEMENT_3D('',#3897,#3898,#3899);
#3897 = CARTESIAN_POINT('',(35.,5.666197723676,10.5));
#3898 = DIRECTION('',(1.,0.,0.));
#3899 = DIRECTION('',(0.,0.,1.));
#3900 = DEFINITIONAL_REPRESENTATION('',(#3901),#3905);
#3901 = LINE('',#3902,#3903);
#3902 = CARTESIAN_POINT('',(0.,0.));
#3903 = VECTOR('',#3904,1.);
#3904 = DIRECTION('',(1.,0.));
#3905 = ( GEOMETRIC_REPRESENTATION_CONTEXT(2) 
PARAMETRIC_REPRESENTATION_CONTEXT() REPRESENTATION_CONTEXT('2D SPACE',''
  ) );
#3906 = PCURVE('',#3787,#3907);
#3907 = DEFINITIONAL_REPRESENTATION('',(#3908),#3912);
#3908 = LINE('',#3909,#3910);
#3909 = CARTESIAN_POINT('',(0.,70.));
#3910 = VECTOR('',#3911,1.);
#3911 = DIRECTION('',(1.,0.));
#3912 = ( GEOMETRIC_REPRESENTATION_CONTEXT(2) 
PARAMETRIC_REPRESENTATION_CONTEXT() REPRESENTATION_CONTEXT('2D SPACE',''
  ) );
#3913 = ORIENTED_EDGE('',*,*,#3914,.T.);
#3914 = EDGE_CURVE('',#3885,#3915,#3917,.T.);
#3915 = VERTEX_POINT('',#3916);
#3916 = CARTESIAN_POINT('',(35.,7.066197723676,10.5));
#3917 = SURFACE_CURVE('',#3918,(#3922,#3929),.PCURVE_S1.);
#3918 = LINE('',#3919,#3920);
#3919 = CARTESIAN_POINT('',(35.,5.666197723676,10.5));
#3920 = VECTOR('',#3921,1.);
#3921 = DIRECTION('',(0.,1.,0.));
#3922 = PCURVE('',#3895,#3923);
#3923 = DEFINITIONAL_REPRESENTATION('',(#3924),#3928);
#3924 = LINE('',#3925,#3926);
#3925 = CARTESIAN_POINT('',(0.,0.));
#3926 = VECTOR('',#3927,1.);
#3927 = DIRECTION('',(0.,-1.));
#3928 = ( GEOMETRIC_REPRESENTATION_CONTEXT(2) 
PARAMETRIC_REPRESENTATION_CONTEXT() REPRESENTATION_CONTEXT('2D SPACE',''
  ) );
#3929 = PCURVE('',#3815,#3930);
#3930 = DEFINITIONAL_REPRESENTATION('',(#3931),#3935);
#3931 = LINE('',#3932,#3933);
#3932 = CARTESIAN_POINT('',(70.,0.));
#3933 = VECTOR('',#3934,1.);
#3934 = DIRECTION('',(0.,1.));
#3935 = ( GEOMETRIC_REPRESENTATION_CONTEXT(2) 
PARAMETRIC_REPRESENTATION_CONTEXT() REPRESENTATION_CONTEXT('2D SPACE',''
  ) );
#3936 = ORIENTED_EDGE('',*,*,#3937,.T.);
#3937 = EDGE_CURVE('',#3915,#3938,#3940,.T.);
#3938 = VERTEX_POINT('',#3939);
#3939 = CARTESIAN_POINT('',(35.,7.066197723676,16.5));
#3940 = SURFACE_CURVE('',#3941,(#3945,#3952),.PCURVE_S1.);
#3941 = LINE('',#3942,#3943);
#3942 = CARTESIAN_POINT('',(35.,7.066197723676,10.5));
#3943 = VECTOR('',#3944,1.);
#3944 = DIRECTION('',(0.,0.,1.));
#3945 = PCURVE('',#3895,#3946);
#3946 = DEFINITIONAL_REPRESENTATION('',(#3947),#3951);
#3947 = LINE('',#3948,#3949);
#3948 = CARTESIAN_POINT('',(0.,-1.4));
#3949 = VECTOR('',#3950,1.);
#3950 = DIRECTION('',(1.,0.));
#3951 = ( GEOMETRIC_REPRESENTATION_CONTEXT(2) 
PARAMETRIC_REPRESENTATION_CONTEXT() REPRESENTATION_CONTEXT('2D SPACE',''
  ) );
#3952 = PCURVE('',#3843,#3953);
#3953 = DEFINITIONAL_REPRESENTATION('',(#3954),#3958);
#3954 = LINE('',#3955,#3956);
#3955 = CARTESIAN_POINT('',(0.,70.));
#3956 = VECTOR('',#3957,1.);
#3957 = DIRECTION('',(1.,0.));
#3958 = ( GEOMETRIC_REPRESENTATION_CONTEXT(2) 
PARAMETRIC_REPRESENTATION_CONTEXT() REPRESENTATION_CONTEXT('2D SPACE',''
  ) );
#3959 = ORIENTED_EDGE('',*,*,#3960,.F.);
#3960 = EDGE_CURVE('',#3887,#3938,#3961,.T.);
#3961 = SURFACE_CURVE('',#3962,(#3966,#3973),.PCURVE_S1.);
#3962 = LINE('',#3963,#3964);
#3963 = CARTESIAN_POINT('',(35.,5.666197723676,16.5));
#3964 = VECTOR('',#3965,1.);
#3965 = DIRECTION('',(0.,1.,0.));
#3966 = PCURVE('',#3895,#3967);
#3967 = DEFINITIONAL_REPRESENTATION('',(#3968),#3972);
#3968 = LINE('',#3969,#3970);
#3969 = CARTESIAN_POINT('',(6.,0.));
#3970 = VECTOR('',#3971,1.);
#3971 = DIRECTION('',(0.,-1.));
#3972 = ( GEOMETRIC_REPRESENTATION_CONTEXT(2) 
PARAMETRIC_REPRESENTATION_CONTEXT() REPRESENTATION_CONTEXT('2D SPACE',''
  ) );
#3973 = PCURVE('',#3869,#3974);
#3974 = DEFINITIONAL_REPRESENTATION('',(#3975),#3979);
#3975 = LINE('',#3976,#3977);
#3976 = CARTESIAN_POINT('',(70.,0.));
#3977 = VECTOR('',#3978,1.);
#3978 = DIRECTION('',(0.,1.));
#3979 = ( GEOMETRIC_REPRESENTATION_CONTEXT(2) 
PARAMETRIC_REPRESENTATION_CONTEXT() REPRESENTATION_CONTEXT('2D SPACE',''
  ) );
#3980 = ADVANCED_FACE('',(#3981),#3787,.F.);
#3981 = FACE_BOUND('',#3982,.F.);
#3982 = EDGE_LOOP('',(#3983,#4004,#4005,#4026));
#3983 = ORIENTED_EDGE('',*,*,#3984,.F.);
#3984 = EDGE_CURVE('',#3765,#3885,#3985,.T.);
#3985 = SURFACE_CURVE('',#3986,(#3990,#3997),.PCURVE_S1.);
#3986 = LINE('',#3987,#3988);
#3987 = CARTESIAN_POINT('',(-35.,5.666197723676,10.5));
#3988 = VECTOR('',#3989,1.);
#3989 = DIRECTION('',(1.,0.,0.));
#3990 = PCURVE('',#3787,#3991);
#3991 = DEFINITIONAL_REPRESENTATION('',(#3992),#3996);
#3992 = LINE('',#3993,#3994);
#3993 = CARTESIAN_POINT('',(0.,0.));
#3994 = VECTOR('',#3995,1.);
#3995 = DIRECTION('',(0.,1.));
#3996 = ( GEOMETRIC_REPRESENTATION_CONTEXT(2) 
PARAMETRIC_REPRESENTATION_CONTEXT() REPRESENTATION_CONTEXT('2D SPACE',''
  ) );
#3997 = PCURVE('',#3815,#3998);
#3998 = DEFINITIONAL_REPRESENTATION('',(#3999),#4003);
#3999 = LINE('',#4000,#4001);
#4000 = CARTESIAN_POINT('',(0.,0.));
#4001 = VECTOR('',#4002,1.);
#4002 = DIRECTION('',(1.,0.));
#4003 = ( GEOMETRIC_REPRESENTATION_CONTEXT(2) 
PARAMETRIC_REPRESENTATION_CONTEXT() REPRESENTATION_CONTEXT('2D SPACE',''
  ) );
#4004 = ORIENTED_EDGE('',*,*,#3764,.T.);
#4005 = ORIENTED_EDGE('',*,*,#4006,.T.);
#4006 = EDGE_CURVE('',#3767,#3887,#4007,.T.);
#4007 = SURFACE_CURVE('',#4008,(#4012,#4019),.PCURVE_S1.);
#4008 = LINE('',#4009,#4010);
#4009 = CARTESIAN_POINT('',(-35.,5.666197723676,16.5));
#4010 = VECTOR('',#4011,1.);
#4011 = DIRECTION('',(1.,0.,0.));
#4012 = PCURVE('',#3787,#4013);
#4013 = DEFINITIONAL_REPRESENTATION('',(#4014),#4018);
#4014 = LINE('',#4015,#4016);
#4015 = CARTESIAN_POINT('',(6.,0.));
#4016 = VECTOR('',#4017,1.);
#4017 = DIRECTION('',(0.,1.));
#4018 = ( GEOMETRIC_REPRESENTATION_CONTEXT(2) 
PARAMETRIC_REPRESENTATION_CONTEXT() REPRESENTATION_CONTEXT('2D SPACE',''
  ) );
#4019 = PCURVE('',#3869,#4020);
#4020 = DEFINITIONAL_REPRESENTATION('',(#4021),#4025);
#4021 = LINE('',#4022,#4023);
#4022 = CARTESIAN_POINT('',(0.,0.));
#4023 = VECTOR('',#4024,1.);
#4024 = DIRECTION('',(1.,0.));
#4025 = ( GEOMETRIC_REPRESENTATION_CONTEXT(2) 
PARAMETRIC_REPRESENTATION_CONTEXT() REPRESENTATION_CONTEXT('2D SPACE',''
  ) );
#4026 = ORIENTED_EDGE('',*,*,#3884,.F.);
#4027 = ADVANCED_FACE('',(#4028),#3843,.T.);
#4028 = FACE_BOUND('',#4029,.T.);
#4029 = EDGE_LOOP('',(#4030,#4051,#4052,#4073));
#4030 = ORIENTED_EDGE('',*,*,#4031,.F.);
#4031 = EDGE_CURVE('',#3800,#3915,#4032,.T.);
#4032 = SURFACE_CURVE('',#4033,(#4037,#4044),.PCURVE_S1.);
#4033 = LINE('',#4034,#4035);
#4034 = CARTESIAN_POINT('',(-35.,7.066197723676,10.5));
#4035 = VECTOR('',#4036,1.);
#4036 = DIRECTION('',(1.,0.,0.));
#4037 = PCURVE('',#3843,#4038);
#4038 = DEFINITIONAL_REPRESENTATION('',(#4039),#4043);
#4039 = LINE('',#4040,#4041);
#4040 = CARTESIAN_POINT('',(0.,0.));
#4041 = VECTOR('',#4042,1.);
#4042 = DIRECTION('',(0.,1.));
#4043 = ( GEOMETRIC_REPRESENTATION_CONTEXT(2) 
PARAMETRIC_REPRESENTATION_CONTEXT() REPRESENTATION_CONTEXT('2D SPACE',''
  ) );
#4044 = PCURVE('',#3815,#4045);
#4045 = DEFINITIONAL_REPRESENTATION('',(#4046),#4050);
#4046 = LINE('',#4047,#4048);
#4047 = CARTESIAN_POINT('',(0.,1.4));
#4048 = VECTOR('',#4049,1.);
#4049 = DIRECTION('',(1.,0.));
#4050 = ( GEOMETRIC_REPRESENTATION_CONTEXT(2) 
PARAMETRIC_REPRESENTATION_CONTEXT() REPRESENTATION_CONTEXT('2D SPACE',''
  ) );
#4051 = ORIENTED_EDGE('',*,*,#3827,.T.);
#4052 = ORIENTED_EDGE('',*,*,#4053,.T.);
#4053 = EDGE_CURVE('',#3828,#3938,#4054,.T.);
#4054 = SURFACE_CURVE('',#4055,(#4059,#4066),.PCURVE_S1.);
#4055 = LINE('',#4056,#4057);
#4056 = CARTESIAN_POINT('',(-35.,7.066197723676,16.5));
#4057 = VECTOR('',#4058,1.);
#4058 = DIRECTION('',(1.,0.,0.));
#4059 = PCURVE('',#3843,#4060);
#4060 = DEFINITIONAL_REPRESENTATION('',(#4061),#4065);
#4061 = LINE('',#4062,#4063);
#4062 = CARTESIAN_POINT('',(6.,0.));
#4063 = VECTOR('',#4064,1.);
#4064 = DIRECTION('',(0.,1.));
#4065 = ( GEOMETRIC_REPRESENTATION_CONTEXT(2) 
PARAMETRIC_REPRESENTATION_CONTEXT() REPRESENTATION_CONTEXT('2D SPACE',''
  ) );
#4066 = PCURVE('',#3869,#4067);
#4067 = DEFINITIONAL_REPRESENTATION('',(#4068),#4072);
#4068 = LINE('',#4069,#4070);
#4069 = CARTESIAN_POINT('',(0.,1.4));
#4070 = VECTOR('',#4071,1.);
#4071 = DIRECTION('',(1.,0.));
#4072 = ( GEOMETRIC_REPRESENTATION_CONTEXT(2) 
PARAMETRIC_REPRESENTATION_CONTEXT() REPRESENTATION_CONTEXT('2D SPACE',''
  ) );
#4073 = ORIENTED_EDGE('',*,*,#3937,.F.);
#4074 = ADVANCED_FACE('',(#4075),#3815,.F.);
#4075 = FACE_BOUND('',#4076,.F.);
#4076 = EDGE_LOOP('',(#4077,#4078,#4079,#4080));
#4077 = ORIENTED_EDGE('',*,*,#3799,.F.);
#4078 = ORIENTED_EDGE('',*,*,#3984,.T.);
#4079 = ORIENTED_EDGE('',*,*,#3914,.T.);
#4080 = ORIENTED_EDGE('',*,*,#4031,.F.);
#4081 = ADVANCED_FACE('',(#4082),#3869,.T.);
#4082 = FACE_BOUND('',#4083,.T.);
#4083 = EDGE_LOOP('',(#4084,#4085,#4086,#4087));
#4084 = ORIENTED_EDGE('',*,*,#3855,.F.);
#4085 = ORIENTED_EDGE('',*,*,#4006,.T.);
#4086 = ORIENTED_EDGE('',*,*,#3960,.T.);
#4087 = ORIENTED_EDGE('',*,*,#4053,.F.);
#4088 = ( GEOMETRIC_REPRESENTATION_CONTEXT(3) 
GLOBAL_UNCERTAINTY_ASSIGNED_CONTEXT((#4092)) 
GLOBAL_UNIT_ASSIGNED_CONTEXT((#4089,#4090,#4091)) REPRESENTATION_CONTEXT
('Context #1','3D Context with UNIT and UNCERTAINTY') );
#4089 = ( LENGTH_UNIT() NAMED_UNIT(*) SI_UNIT(.MILLI.,.METRE.) );
#4090 = ( NAMED_UNIT(*) PLANE_ANGLE_UNIT() SI_UNIT($,.RADIAN.) );
#4091 = ( NAMED_UNIT(*) SI_UNIT($,.STERADIAN.) SOLID_ANGLE_UNIT() );
#4092 = UNCERTAINTY_MEASURE_WITH_UNIT(LENGTH_MEASURE(1.E-07),#4089,
  'distance_accuracy_value','confusion accuracy');
#4093 = CONTEXT_DEPENDENT_SHAPE_REPRESENTATION(#4094,#4096);
#4094 = ( REPRESENTATION_RELATIONSHIP('','',#3757,#10) 
REPRESENTATION_RELATIONSHIP_WITH_TRANSFORMATION(#4095) 
SHAPE_REPRESENTATION_RELATIONSHIP() );
#4095 = ITEM_DEFINED_TRANSFORMATION('','',#11,#59);
#4096 = PRODUCT_DEFINITION_SHAPE('Placement','Placement of an item',
  #4097);
#4097 = NEXT_ASSEMBLY_USAGE_OCCURRENCE('12','gt2_belt_top_span','',#5,
  #3752,$);
#4098 = PRODUCT_RELATED_PRODUCT_CATEGORY('part',$,(#3754));
#4099 = SHAPE_DEFINITION_REPRESENTATION(#4100,#4106);
#4100 = PRODUCT_DEFINITION_SHAPE('','',#4101);
#4101 = PRODUCT_DEFINITION('design','',#4102,#4105);
#4102 = PRODUCT_DEFINITION_FORMATION('','',#4103);
#4103 = PRODUCT('gt2_belt_bottom_span','gt2_belt_bottom_span','',(#4104)
  );
#4104 = PRODUCT_CONTEXT('',#2,'mechanical');
#4105 = PRODUCT_DEFINITION_CONTEXT('part definition',#2,'design');
#4106 = ADVANCED_BREP_SHAPE_REPRESENTATION('',(#11,#4107),#4437);
#4107 = MANIFOLD_SOLID_BREP('',#4108);
#4108 = CLOSED_SHELL('',(#4109,#4229,#4329,#4376,#4423,#4430));
#4109 = ADVANCED_FACE('',(#4110),#4124,.F.);
#4110 = FACE_BOUND('',#4111,.F.);
#4111 = EDGE_LOOP('',(#4112,#4147,#4175,#4203));
#4112 = ORIENTED_EDGE('',*,*,#4113,.F.);
#4113 = EDGE_CURVE('',#4114,#4116,#4118,.T.);
#4114 = VERTEX_POINT('',#4115);
#4115 = CARTESIAN_POINT('',(-35.,-7.066197723676,10.5));
#4116 = VERTEX_POINT('',#4117);
#4117 = CARTESIAN_POINT('',(-35.,-7.066197723676,16.5));
#4118 = SURFACE_CURVE('',#4119,(#4123,#4135),.PCURVE_S1.);
#4119 = LINE('',#4120,#4121);
#4120 = CARTESIAN_POINT('',(-35.,-7.066197723676,10.5));
#4121 = VECTOR('',#4122,1.);
#4122 = DIRECTION('',(0.,0.,1.));
#4123 = PCURVE('',#4124,#4129);
#4124 = PLANE('',#4125);
#4125 = AXIS2_PLACEMENT_3D('',#4126,#4127,#4128);
#4126 = CARTESIAN_POINT('',(-35.,-7.066197723676,10.5));
#4127 = DIRECTION('',(1.,0.,0.));
#4128 = DIRECTION('',(0.,0.,1.));
#4129 = DEFINITIONAL_REPRESENTATION('',(#4130),#4134);
#4130 = LINE('',#4131,#4132);
#4131 = CARTESIAN_POINT('',(0.,0.));
#4132 = VECTOR('',#4133,1.);
#4133 = DIRECTION('',(1.,0.));
#4134 = ( GEOMETRIC_REPRESENTATION_CONTEXT(2) 
PARAMETRIC_REPRESENTATION_CONTEXT() REPRESENTATION_CONTEXT('2D SPACE',''
  ) );
#4135 = PCURVE('',#4136,#4141);
#4136 = PLANE('',#4137);
#4137 = AXIS2_PLACEMENT_3D('',#4138,#4139,#4140);
#4138 = CARTESIAN_POINT('',(-35.,-7.066197723676,10.5));
#4139 = DIRECTION('',(0.,1.,0.));
#4140 = DIRECTION('',(0.,0.,1.));
#4141 = DEFINITIONAL_REPRESENTATION('',(#4142),#4146);
#4142 = LINE('',#4143,#4144);
#4143 = CARTESIAN_POINT('',(0.,0.));
#4144 = VECTOR('',#4145,1.);
#4145 = DIRECTION('',(1.,0.));
#4146 = ( GEOMETRIC_REPRESENTATION_CONTEXT(2) 
PARAMETRIC_REPRESENTATION_CONTEXT() REPRESENTATION_CONTEXT('2D SPACE',''
  ) );
#4147 = ORIENTED_EDGE('',*,*,#4148,.T.);
#4148 = EDGE_CURVE('',#4114,#4149,#4151,.T.);
#4149 = VERTEX_POINT('',#4150);
#4150 = CARTESIAN_POINT('',(-35.,-5.666197723676,10.5));
#4151 = SURFACE_CURVE('',#4152,(#4156,#4163),.PCURVE_S1.);
#4152 = LINE('',#4153,#4154);
#4153 = CARTESIAN_POINT('',(-35.,-7.066197723676,10.5));
#4154 = VECTOR('',#4155,1.);
#4155 = DIRECTION('',(0.,1.,0.));
#4156 = PCURVE('',#4124,#4157);
#4157 = DEFINITIONAL_REPRESENTATION('',(#4158),#4162);
#4158 = LINE('',#4159,#4160);
#4159 = CARTESIAN_POINT('',(0.,0.));
#4160 = VECTOR('',#4161,1.);
#4161 = DIRECTION('',(0.,-1.));
#4162 = ( GEOMETRIC_REPRESENTATION_CONTEXT(2) 
PARAMETRIC_REPRESENTATION_CONTEXT() REPRESENTATION_CONTEXT('2D SPACE',''
  ) );
#4163 = PCURVE('',#4164,#4169);
#4164 = PLANE('',#4165);
#4165 = AXIS2_PLACEMENT_3D('',#4166,#4167,#4168);
#4166 = CARTESIAN_POINT('',(-35.,-7.066197723676,10.5));
#4167 = DIRECTION('',(0.,0.,1.));
#4168 = DIRECTION('',(1.,0.,0.));
#4169 = DEFINITIONAL_REPRESENTATION('',(#4170),#4174);
#4170 = LINE('',#4171,#4172);
#4171 = CARTESIAN_POINT('',(0.,0.));
#4172 = VECTOR('',#4173,1.);
#4173 = DIRECTION('',(0.,1.));
#4174 = ( GEOMETRIC_REPRESENTATION_CONTEXT(2) 
PARAMETRIC_REPRESENTATION_CONTEXT() REPRESENTATION_CONTEXT('2D SPACE',''
  ) );
#4175 = ORIENTED_EDGE('',*,*,#4176,.T.);
#4176 = EDGE_CURVE('',#4149,#4177,#4179,.T.);
#4177 = VERTEX_POINT('',#4178);
#4178 = CARTESIAN_POINT('',(-35.,-5.666197723676,16.5));
#4179 = SURFACE_CURVE('',#4180,(#4184,#4191),.PCURVE_S1.);
#4180 = LINE('',#4181,#4182);
#4181 = CARTESIAN_POINT('',(-35.,-5.666197723676,10.5));
#4182 = VECTOR('',#4183,1.);
#4183 = DIRECTION('',(0.,0.,1.));
#4184 = PCURVE('',#4124,#4185);
#4185 = DEFINITIONAL_REPRESENTATION('',(#4186),#4190);
#4186 = LINE('',#4187,#4188);
#4187 = CARTESIAN_POINT('',(0.,-1.4));
#4188 = VECTOR('',#4189,1.);
#4189 = DIRECTION('',(1.,0.));
#4190 = ( GEOMETRIC_REPRESENTATION_CONTEXT(2) 
PARAMETRIC_REPRESENTATION_CONTEXT() REPRESENTATION_CONTEXT('2D SPACE',''
  ) );
#4191 = PCURVE('',#4192,#4197);
#4192 = PLANE('',#4193);
#4193 = AXIS2_PLACEMENT_3D('',#4194,#4195,#4196);
#4194 = CARTESIAN_POINT('',(-35.,-5.666197723676,10.5));
#4195 = DIRECTION('',(0.,1.,0.));
#4196 = DIRECTION('',(0.,0.,1.));
#4197 = DEFINITIONAL_REPRESENTATION('',(#4198),#4202);
#4198 = LINE('',#4199,#4200);
#4199 = CARTESIAN_POINT('',(0.,0.));
#4200 = VECTOR('',#4201,1.);
#4201 = DIRECTION('',(1.,0.));
#4202 = ( GEOMETRIC_REPRESENTATION_CONTEXT(2) 
PARAMETRIC_REPRESENTATION_CONTEXT() REPRESENTATION_CONTEXT('2D SPACE',''
  ) );
#4203 = ORIENTED_EDGE('',*,*,#4204,.F.);
#4204 = EDGE_CURVE('',#4116,#4177,#4205,.T.);
#4205 = SURFACE_CURVE('',#4206,(#4210,#4217),.PCURVE_S1.);
#4206 = LINE('',#4207,#4208);
#4207 = CARTESIAN_POINT('',(-35.,-7.066197723676,16.5));
#4208 = VECTOR('',#4209,1.);
#4209 = DIRECTION('',(0.,1.,0.));
#4210 = PCURVE('',#4124,#4211);
#4211 = DEFINITIONAL_REPRESENTATION('',(#4212),#4216);
#4212 = LINE('',#4213,#4214);
#4213 = CARTESIAN_POINT('',(6.,0.));
#4214 = VECTOR('',#4215,1.);
#4215 = DIRECTION('',(0.,-1.));
#4216 = ( GEOMETRIC_REPRESENTATION_CONTEXT(2) 
PARAMETRIC_REPRESENTATION_CONTEXT() REPRESENTATION_CONTEXT('2D SPACE',''
  ) );
#4217 = PCURVE('',#4218,#4223);
#4218 = PLANE('',#4219);
#4219 = AXIS2_PLACEMENT_3D('',#4220,#4221,#4222);
#4220 = CARTESIAN_POINT('',(-35.,-7.066197723676,16.5));
#4221 = DIRECTION('',(0.,0.,1.));
#4222 = DIRECTION('',(1.,0.,0.));
#4223 = DEFINITIONAL_REPRESENTATION('',(#4224),#4228);
#4224 = LINE('',#4225,#4226);
#4225 = CARTESIAN_POINT('',(0.,0.));
#4226 = VECTOR('',#4227,1.);
#4227 = DIRECTION('',(0.,1.));
#4228 = ( GEOMETRIC_REPRESENTATION_CONTEXT(2) 
PARAMETRIC_REPRESENTATION_CONTEXT() REPRESENTATION_CONTEXT('2D SPACE',''
  ) );
#4229 = ADVANCED_FACE('',(#4230),#4244,.T.);
#4230 = FACE_BOUND('',#4231,.T.);
#4231 = EDGE_LOOP('',(#4232,#4262,#4285,#4308));
#4232 = ORIENTED_EDGE('',*,*,#4233,.F.);
#4233 = EDGE_CURVE('',#4234,#4236,#4238,.T.);
#4234 = VERTEX_POINT('',#4235);
#4235 = CARTESIAN_POINT('',(35.,-7.066197723676,10.5));
#4236 = VERTEX_POINT('',#4237);
#4237 = CARTESIAN_POINT('',(35.,-7.066197723676,16.5));
#4238 = SURFACE_CURVE('',#4239,(#4243,#4255),.PCURVE_S1.);
#4239 = LINE('',#4240,#4241);
#4240 = CARTESIAN_POINT('',(35.,-7.066197723676,10.5));
#4241 = VECTOR('',#4242,1.);
#4242 = DIRECTION('',(0.,0.,1.));
#4243 = PCURVE('',#4244,#4249);
#4244 = PLANE('',#4245);
#4245 = AXIS2_PLACEMENT_3D('',#4246,#4247,#4248);
#4246 = CARTESIAN_POINT('',(35.,-7.066197723676,10.5));
#4247 = DIRECTION('',(1.,0.,0.));
#4248 = DIRECTION('',(0.,0.,1.));
#4249 = DEFINITIONAL_REPRESENTATION('',(#4250),#4254);
#4250 = LINE('',#4251,#4252);
#4251 = CARTESIAN_POINT('',(0.,0.));
#4252 = VECTOR('',#4253,1.);
#4253 = DIRECTION('',(1.,0.));
#4254 = ( GEOMETRIC_REPRESENTATION_CONTEXT(2) 
PARAMETRIC_REPRESENTATION_CONTEXT() REPRESENTATION_CONTEXT('2D SPACE',''
  ) );
#4255 = PCURVE('',#4136,#4256);
#4256 = DEFINITIONAL_REPRESENTATION('',(#4257),#4261);
#4257 = LINE('',#4258,#4259);
#4258 = CARTESIAN_POINT('',(0.,70.));
#4259 = VECTOR('',#4260,1.);
#4260 = DIRECTION('',(1.,0.));
#4261 = ( GEOMETRIC_REPRESENTATION_CONTEXT(2) 
PARAMETRIC_REPRESENTATION_CONTEXT() REPRESENTATION_CONTEXT('2D SPACE',''
  ) );
#4262 = ORIENTED_EDGE('',*,*,#4263,.T.);
#4263 = EDGE_CURVE('',#4234,#4264,#4266,.T.);
#4264 = VERTEX_POINT('',#4265);
#4265 = CARTESIAN_POINT('',(35.,-5.666197723676,10.5));
#4266 = SURFACE_CURVE('',#4267,(#4271,#4278),.PCURVE_S1.);
#4267 = LINE('',#4268,#4269);
#4268 = CARTESIAN_POINT('',(35.,-7.066197723676,10.5));
#4269 = VECTOR('',#4270,1.);
#4270 = DIRECTION('',(0.,1.,0.));
#4271 = PCURVE('',#4244,#4272);
#4272 = DEFINITIONAL_REPRESENTATION('',(#4273),#4277);
#4273 = LINE('',#4274,#4275);
#4274 = CARTESIAN_POINT('',(0.,0.));
#4275 = VECTOR('',#4276,1.);
#4276 = DIRECTION('',(0.,-1.));
#4277 = ( GEOMETRIC_REPRESENTATION_CONTEXT(2) 
PARAMETRIC_REPRESENTATION_CONTEXT() REPRESENTATION_CONTEXT('2D SPACE',''
  ) );
#4278 = PCURVE('',#4164,#4279);
#4279 = DEFINITIONAL_REPRESENTATION('',(#4280),#4284);
#4280 = LINE('',#4281,#4282);
#4281 = CARTESIAN_POINT('',(70.,0.));
#4282 = VECTOR('',#4283,1.);
#4283 = DIRECTION('',(0.,1.));
#4284 = ( GEOMETRIC_REPRESENTATION_CONTEXT(2) 
PARAMETRIC_REPRESENTATION_CONTEXT() REPRESENTATION_CONTEXT('2D SPACE',''
  ) );
#4285 = ORIENTED_EDGE('',*,*,#4286,.T.);
#4286 = EDGE_CURVE('',#4264,#4287,#4289,.T.);
#4287 = VERTEX_POINT('',#4288);
#4288 = CARTESIAN_POINT('',(35.,-5.666197723676,16.5));
#4289 = SURFACE_CURVE('',#4290,(#4294,#4301),.PCURVE_S1.);
#4290 = LINE('',#4291,#4292);
#4291 = CARTESIAN_POINT('',(35.,-5.666197723676,10.5));
#4292 = VECTOR('',#4293,1.);
#4293 = DIRECTION('',(0.,0.,1.));
#4294 = PCURVE('',#4244,#4295);
#4295 = DEFINITIONAL_REPRESENTATION('',(#4296),#4300);
#4296 = LINE('',#4297,#4298);
#4297 = CARTESIAN_POINT('',(0.,-1.4));
#4298 = VECTOR('',#4299,1.);
#4299 = DIRECTION('',(1.,0.));
#4300 = ( GEOMETRIC_REPRESENTATION_CONTEXT(2) 
PARAMETRIC_REPRESENTATION_CONTEXT() REPRESENTATION_CONTEXT('2D SPACE',''
  ) );
#4301 = PCURVE('',#4192,#4302);
#4302 = DEFINITIONAL_REPRESENTATION('',(#4303),#4307);
#4303 = LINE('',#4304,#4305);
#4304 = CARTESIAN_POINT('',(0.,70.));
#4305 = VECTOR('',#4306,1.);
#4306 = DIRECTION('',(1.,0.));
#4307 = ( GEOMETRIC_REPRESENTATION_CONTEXT(2) 
PARAMETRIC_REPRESENTATION_CONTEXT() REPRESENTATION_CONTEXT('2D SPACE',''
  ) );
#4308 = ORIENTED_EDGE('',*,*,#4309,.F.);
#4309 = EDGE_CURVE('',#4236,#4287,#4310,.T.);
#4310 = SURFACE_CURVE('',#4311,(#4315,#4322),.PCURVE_S1.);
#4311 = LINE('',#4312,#4313);
#4312 = CARTESIAN_POINT('',(35.,-7.066197723676,16.5));
#4313 = VECTOR('',#4314,1.);
#4314 = DIRECTION('',(0.,1.,0.));
#4315 = PCURVE('',#4244,#4316);
#4316 = DEFINITIONAL_REPRESENTATION('',(#4317),#4321);
#4317 = LINE('',#4318,#4319);
#4318 = CARTESIAN_POINT('',(6.,0.));
#4319 = VECTOR('',#4320,1.);
#4320 = DIRECTION('',(0.,-1.));
#4321 = ( GEOMETRIC_REPRESENTATION_CONTEXT(2) 
PARAMETRIC_REPRESENTATION_CONTEXT() REPRESENTATION_CONTEXT('2D SPACE',''
  ) );
#4322 = PCURVE('',#4218,#4323);
#4323 = DEFINITIONAL_REPRESENTATION('',(#4324),#4328);
#4324 = LINE('',#4325,#4326);
#4325 = CARTESIAN_POINT('',(70.,0.));
#4326 = VECTOR('',#4327,1.);
#4327 = DIRECTION('',(0.,1.));
#4328 = ( GEOMETRIC_REPRESENTATION_CONTEXT(2) 
PARAMETRIC_REPRESENTATION_CONTEXT() REPRESENTATION_CONTEXT('2D SPACE',''
  ) );
#4329 = ADVANCED_FACE('',(#4330),#4136,.F.);
#4330 = FACE_BOUND('',#4331,.F.);
#4331 = EDGE_LOOP('',(#4332,#4353,#4354,#4375));
#4332 = ORIENTED_EDGE('',*,*,#4333,.F.);
#4333 = EDGE_CURVE('',#4114,#4234,#4334,.T.);
#4334 = SURFACE_CURVE('',#4335,(#4339,#4346),.PCURVE_S1.);
#4335 = LINE('',#4336,#4337);
#4336 = CARTESIAN_POINT('',(-35.,-7.066197723676,10.5));
#4337 = VECTOR('',#4338,1.);
#4338 = DIRECTION('',(1.,0.,0.));
#4339 = PCURVE('',#4136,#4340);
#4340 = DEFINITIONAL_REPRESENTATION('',(#4341),#4345);
#4341 = LINE('',#4342,#4343);
#4342 = CARTESIAN_POINT('',(0.,0.));
#4343 = VECTOR('',#4344,1.);
#4344 = DIRECTION('',(0.,1.));
#4345 = ( GEOMETRIC_REPRESENTATION_CONTEXT(2) 
PARAMETRIC_REPRESENTATION_CONTEXT() REPRESENTATION_CONTEXT('2D SPACE',''
  ) );
#4346 = PCURVE('',#4164,#4347);
#4347 = DEFINITIONAL_REPRESENTATION('',(#4348),#4352);
#4348 = LINE('',#4349,#4350);
#4349 = CARTESIAN_POINT('',(0.,0.));
#4350 = VECTOR('',#4351,1.);
#4351 = DIRECTION('',(1.,0.));
#4352 = ( GEOMETRIC_REPRESENTATION_CONTEXT(2) 
PARAMETRIC_REPRESENTATION_CONTEXT() REPRESENTATION_CONTEXT('2D SPACE',''
  ) );
#4353 = ORIENTED_EDGE('',*,*,#4113,.T.);
#4354 = ORIENTED_EDGE('',*,*,#4355,.T.);
#4355 = EDGE_CURVE('',#4116,#4236,#4356,.T.);
#4356 = SURFACE_CURVE('',#4357,(#4361,#4368),.PCURVE_S1.);
#4357 = LINE('',#4358,#4359);
#4358 = CARTESIAN_POINT('',(-35.,-7.066197723676,16.5));
#4359 = VECTOR('',#4360,1.);
#4360 = DIRECTION('',(1.,0.,0.));
#4361 = PCURVE('',#4136,#4362);
#4362 = DEFINITIONAL_REPRESENTATION('',(#4363),#4367);
#4363 = LINE('',#4364,#4365);
#4364 = CARTESIAN_POINT('',(6.,0.));
#4365 = VECTOR('',#4366,1.);
#4366 = DIRECTION('',(0.,1.));
#4367 = ( GEOMETRIC_REPRESENTATION_CONTEXT(2) 
PARAMETRIC_REPRESENTATION_CONTEXT() REPRESENTATION_CONTEXT('2D SPACE',''
  ) );
#4368 = PCURVE('',#4218,#4369);
#4369 = DEFINITIONAL_REPRESENTATION('',(#4370),#4374);
#4370 = LINE('',#4371,#4372);
#4371 = CARTESIAN_POINT('',(0.,0.));
#4372 = VECTOR('',#4373,1.);
#4373 = DIRECTION('',(1.,0.));
#4374 = ( GEOMETRIC_REPRESENTATION_CONTEXT(2) 
PARAMETRIC_REPRESENTATION_CONTEXT() REPRESENTATION_CONTEXT('2D SPACE',''
  ) );
#4375 = ORIENTED_EDGE('',*,*,#4233,.F.);
#4376 = ADVANCED_FACE('',(#4377),#4192,.T.);
#4377 = FACE_BOUND('',#4378,.T.);
#4378 = EDGE_LOOP('',(#4379,#4400,#4401,#4422));
#4379 = ORIENTED_EDGE('',*,*,#4380,.F.);
#4380 = EDGE_CURVE('',#4149,#4264,#4381,.T.);
#4381 = SURFACE_CURVE('',#4382,(#4386,#4393),.PCURVE_S1.);
#4382 = LINE('',#4383,#4384);
#4383 = CARTESIAN_POINT('',(-35.,-5.666197723676,10.5));
#4384 = VECTOR('',#4385,1.);
#4385 = DIRECTION('',(1.,0.,0.));
#4386 = PCURVE('',#4192,#4387);
#4387 = DEFINITIONAL_REPRESENTATION('',(#4388),#4392);
#4388 = LINE('',#4389,#4390);
#4389 = CARTESIAN_POINT('',(0.,0.));
#4390 = VECTOR('',#4391,1.);
#4391 = DIRECTION('',(0.,1.));
#4392 = ( GEOMETRIC_REPRESENTATION_CONTEXT(2) 
PARAMETRIC_REPRESENTATION_CONTEXT() REPRESENTATION_CONTEXT('2D SPACE',''
  ) );
#4393 = PCURVE('',#4164,#4394);
#4394 = DEFINITIONAL_REPRESENTATION('',(#4395),#4399);
#4395 = LINE('',#4396,#4397);
#4396 = CARTESIAN_POINT('',(0.,1.4));
#4397 = VECTOR('',#4398,1.);
#4398 = DIRECTION('',(1.,0.));
#4399 = ( GEOMETRIC_REPRESENTATION_CONTEXT(2) 
PARAMETRIC_REPRESENTATION_CONTEXT() REPRESENTATION_CONTEXT('2D SPACE',''
  ) );
#4400 = ORIENTED_EDGE('',*,*,#4176,.T.);
#4401 = ORIENTED_EDGE('',*,*,#4402,.T.);
#4402 = EDGE_CURVE('',#4177,#4287,#4403,.T.);
#4403 = SURFACE_CURVE('',#4404,(#4408,#4415),.PCURVE_S1.);
#4404 = LINE('',#4405,#4406);
#4405 = CARTESIAN_POINT('',(-35.,-5.666197723676,16.5));
#4406 = VECTOR('',#4407,1.);
#4407 = DIRECTION('',(1.,0.,0.));
#4408 = PCURVE('',#4192,#4409);
#4409 = DEFINITIONAL_REPRESENTATION('',(#4410),#4414);
#4410 = LINE('',#4411,#4412);
#4411 = CARTESIAN_POINT('',(6.,0.));
#4412 = VECTOR('',#4413,1.);
#4413 = DIRECTION('',(0.,1.));
#4414 = ( GEOMETRIC_REPRESENTATION_CONTEXT(2) 
PARAMETRIC_REPRESENTATION_CONTEXT() REPRESENTATION_CONTEXT('2D SPACE',''
  ) );
#4415 = PCURVE('',#4218,#4416);
#4416 = DEFINITIONAL_REPRESENTATION('',(#4417),#4421);
#4417 = LINE('',#4418,#4419);
#4418 = CARTESIAN_POINT('',(0.,1.4));
#4419 = VECTOR('',#4420,1.);
#4420 = DIRECTION('',(1.,0.));
#4421 = ( GEOMETRIC_REPRESENTATION_CONTEXT(2) 
PARAMETRIC_REPRESENTATION_CONTEXT() REPRESENTATION_CONTEXT('2D SPACE',''
  ) );
#4422 = ORIENTED_EDGE('',*,*,#4286,.F.);
#4423 = ADVANCED_FACE('',(#4424),#4164,.F.);
#4424 = FACE_BOUND('',#4425,.F.);
#4425 = EDGE_LOOP('',(#4426,#4427,#4428,#4429));
#4426 = ORIENTED_EDGE('',*,*,#4148,.F.);
#4427 = ORIENTED_EDGE('',*,*,#4333,.T.);
#4428 = ORIENTED_EDGE('',*,*,#4263,.T.);
#4429 = ORIENTED_EDGE('',*,*,#4380,.F.);
#4430 = ADVANCED_FACE('',(#4431),#4218,.T.);
#4431 = FACE_BOUND('',#4432,.T.);
#4432 = EDGE_LOOP('',(#4433,#4434,#4435,#4436));
#4433 = ORIENTED_EDGE('',*,*,#4204,.F.);
#4434 = ORIENTED_EDGE('',*,*,#4355,.T.);
#4435 = ORIENTED_EDGE('',*,*,#4309,.T.);
#4436 = ORIENTED_EDGE('',*,*,#4402,.F.);
#4437 = ( GEOMETRIC_REPRESENTATION_CONTEXT(3) 
GLOBAL_UNCERTAINTY_ASSIGNED_CONTEXT((#4441)) 
GLOBAL_UNIT_ASSIGNED_CONTEXT((#4438,#4439,#4440)) REPRESENTATION_CONTEXT
('Context #1','3D Context with UNIT and UNCERTAINTY') );
#4438 = ( LENGTH_UNIT() NAMED_UNIT(*) SI_UNIT(.MILLI.,.METRE.) );
#4439 = ( NAMED_UNIT(*) PLANE_ANGLE_UNIT() SI_UNIT($,.RADIAN.) );
#4440 = ( NAMED_UNIT(*) SI_UNIT($,.STERADIAN.) SOLID_ANGLE_UNIT() );
#4441 = UNCERTAINTY_MEASURE_WITH_UNIT(LENGTH_MEASURE(1.E-07),#4438,
  'distance_accuracy_value','confusion accuracy');
#4442 = CONTEXT_DEPENDENT_SHAPE_REPRESENTATION(#4443,#4445);
#4443 = ( REPRESENTATION_RELATIONSHIP('','',#4106,#10) 
REPRESENTATION_RELATIONSHIP_WITH_TRANSFORMATION(#4444) 
SHAPE_REPRESENTATION_RELATIONSHIP() );
#4444 = ITEM_DEFINED_TRANSFORMATION('','',#11,#63);
#4445 = PRODUCT_DEFINITION_SHAPE('Placement','Placement of an item',
  #4446);
#4446 = NEXT_ASSEMBLY_USAGE_OCCURRENCE('13','gt2_belt_bottom_span','',#5
  ,#4101,$);
#4447 = PRODUCT_RELATED_PRODUCT_CATEGORY('part',$,(#4103));
#4448 = SHAPE_DEFINITION_REPRESENTATION(#4449,#4455);
#4449 = PRODUCT_DEFINITION_SHAPE('','',#4450);
#4450 = PRODUCT_DEFINITION('design','',#4451,#4454);
#4451 = PRODUCT_DEFINITION_FORMATION('','',#4452);
#4452 = PRODUCT('gt2_belt_motor_wrap','gt2_belt_motor_wrap','',(#4453));
#4453 = PRODUCT_CONTEXT('',#2,'mechanical');
#4454 = PRODUCT_DEFINITION_CONTEXT('part definition',#2,'design');
#4455 = ADVANCED_BREP_SHAPE_REPRESENTATION('',(#11,#4456),#4638);
#4456 = MANIFOLD_SOLID_BREP('',#4457);
#4457 = CLOSED_SHELL('',(#4458,#4546,#4624,#4631));
#4458 = ADVANCED_FACE('',(#4459),#4473,.T.);
#4459 = FACE_BOUND('',#4460,.F.);
#4460 = EDGE_LOOP('',(#4461,#4491,#4518,#4519));
#4461 = ORIENTED_EDGE('',*,*,#4462,.T.);
#4462 = EDGE_CURVE('',#4463,#4465,#4467,.T.);
#4463 = VERTEX_POINT('',#4464);
#4464 = CARTESIAN_POINT('',(-27.93380227632,0.,10.5));
#4465 = VERTEX_POINT('',#4466);
#4466 = CARTESIAN_POINT('',(-27.93380227632,0.,16.5));
#4467 = SEAM_CURVE('',#4468,(#4472,#4484),.PCURVE_S1.);
#4468 = LINE('',#4469,#4470);
#4469 = CARTESIAN_POINT('',(-27.93380227632,0.,10.5));
#4470 = VECTOR('',#4471,1.);
#4471 = DIRECTION('',(0.,0.,1.));
#4472 = PCURVE('',#4473,#4478);
#4473 = CYLINDRICAL_SURFACE('',#4474,7.066197723676);
#4474 = AXIS2_PLACEMENT_3D('',#4475,#4476,#4477);
#4475 = CARTESIAN_POINT('',(-35.,0.,10.5));
#4476 = DIRECTION('',(-0.,-0.,-1.));
#4477 = DIRECTION('',(1.,0.,0.));
#4478 = DEFINITIONAL_REPRESENTATION('',(#4479),#4483);
#4479 = LINE('',#4480,#4481);
#4480 = CARTESIAN_POINT('',(-0.,0.));
#4481 = VECTOR('',#4482,1.);
#4482 = DIRECTION('',(-0.,-1.));
#4483 = ( GEOMETRIC_REPRESENTATION_CONTEXT(2) 
PARAMETRIC_REPRESENTATION_CONTEXT() REPRESENTATION_CONTEXT('2D SPACE',''
  ) );
#4484 = PCURVE('',#4473,#4485);
#4485 = DEFINITIONAL_REPRESENTATION('',(#4486),#4490);
#4486 = LINE('',#4487,#4488);
#4487 = CARTESIAN_POINT('',(-6.28318530718,0.));
#4488 = VECTOR('',#4489,1.);
#4489 = DIRECTION('',(-0.,-1.));
#4490 = ( GEOMETRIC_REPRESENTATION_CONTEXT(2) 
PARAMETRIC_REPRESENTATION_CONTEXT() REPRESENTATION_CONTEXT('2D SPACE',''
  ) );
#4491 = ORIENTED_EDGE('',*,*,#4492,.T.);
#4492 = EDGE_CURVE('',#4465,#4465,#4493,.T.);
#4493 = SURFACE_CURVE('',#4494,(#4499,#4506),.PCURVE_S1.);
#4494 = CIRCLE('',#4495,7.066197723676);
#4495 = AXIS2_PLACEMENT_3D('',#4496,#4497,#4498);
#4496 = CARTESIAN_POINT('',(-35.,0.,16.5));
#4497 = DIRECTION('',(0.,0.,1.));
#4498 = DIRECTION('',(1.,0.,0.));
#4499 = PCURVE('',#4473,#4500);
#4500 = DEFINITIONAL_REPRESENTATION('',(#4501),#4505);
#4501 = LINE('',#4502,#4503);
#4502 = CARTESIAN_POINT('',(-0.,-6.));
#4503 = VECTOR('',#4504,1.);
#4504 = DIRECTION('',(-1.,0.));
#4505 = ( GEOMETRIC_REPRESENTATION_CONTEXT(2) 
PARAMETRIC_REPRESENTATION_CONTEXT() REPRESENTATION_CONTEXT('2D SPACE',''
  ) );
#4506 = PCURVE('',#4507,#4512);
#4507 = PLANE('',#4508);
#4508 = AXIS2_PLACEMENT_3D('',#4509,#4510,#4511);
#4509 = CARTESIAN_POINT('',(-35.,4.856208698294E-16,16.5));
#4510 = DIRECTION('',(0.,0.,1.));
#4511 = DIRECTION('',(1.,0.,-0.));
#4512 = DEFINITIONAL_REPRESENTATION('',(#4513),#4517);
#4513 = CIRCLE('',#4514,7.066197723676);
#4514 = AXIS2_PLACEMENT_2D('',#4515,#4516);
#4515 = CARTESIAN_POINT('',(0.,-4.856208698294E-16));
#4516 = DIRECTION('',(1.,0.));
#4517 = ( GEOMETRIC_REPRESENTATION_CONTEXT(2) 
PARAMETRIC_REPRESENTATION_CONTEXT() REPRESENTATION_CONTEXT('2D SPACE',''
  ) );
#4518 = ORIENTED_EDGE('',*,*,#4462,.F.);
#4519 = ORIENTED_EDGE('',*,*,#4520,.F.);
#4520 = EDGE_CURVE('',#4463,#4463,#4521,.T.);
#4521 = SURFACE_CURVE('',#4522,(#4527,#4534),.PCURVE_S1.);
#4522 = CIRCLE('',#4523,7.066197723676);
#4523 = AXIS2_PLACEMENT_3D('',#4524,#4525,#4526);
#4524 = CARTESIAN_POINT('',(-35.,0.,10.5));
#4525 = DIRECTION('',(0.,0.,1.));
#4526 = DIRECTION('',(1.,0.,0.));
#4527 = PCURVE('',#4473,#4528);
#4528 = DEFINITIONAL_REPRESENTATION('',(#4529),#4533);
#4529 = LINE('',#4530,#4531);
#4530 = CARTESIAN_POINT('',(-0.,0.));
#4531 = VECTOR('',#4532,1.);
#4532 = DIRECTION('',(-1.,0.));
#4533 = ( GEOMETRIC_REPRESENTATION_CONTEXT(2) 
PARAMETRIC_REPRESENTATION_CONTEXT() REPRESENTATION_CONTEXT('2D SPACE',''
  ) );
#4534 = PCURVE('',#4535,#4540);
#4535 = PLANE('',#4536);
#4536 = AXIS2_PLACEMENT_3D('',#4537,#4538,#4539);
#4537 = CARTESIAN_POINT('',(-35.,4.856208698294E-16,10.5));
#4538 = DIRECTION('',(0.,0.,1.));
#4539 = DIRECTION('',(1.,0.,-0.));
#4540 = DEFINITIONAL_REPRESENTATION('',(#4541),#4545);
#4541 = CIRCLE('',#4542,7.066197723676);
#4542 = AXIS2_PLACEMENT_2D('',#4543,#4544);
#4543 = CARTESIAN_POINT('',(0.,-4.856208698294E-16));
#4544 = DIRECTION('',(1.,0.));
#4545 = ( GEOMETRIC_REPRESENTATION_CONTEXT(2) 
PARAMETRIC_REPRESENTATION_CONTEXT() REPRESENTATION_CONTEXT('2D SPACE',''
  ) );
#4546 = ADVANCED_FACE('',(#4547),#4561,.F.);
#4547 = FACE_BOUND('',#4548,.T.);
#4548 = EDGE_LOOP('',(#4549,#4579,#4601,#4602));
#4549 = ORIENTED_EDGE('',*,*,#4550,.T.);
#4550 = EDGE_CURVE('',#4551,#4553,#4555,.T.);
#4551 = VERTEX_POINT('',#4552);
#4552 = CARTESIAN_POINT('',(-29.33380227632,-5.766884594925E-17,10.5));
#4553 = VERTEX_POINT('',#4554);
#4554 = CARTESIAN_POINT('',(-29.33380227632,-5.766884594925E-17,16.5));
#4555 = SEAM_CURVE('',#4556,(#4560,#4572),.PCURVE_S1.);
#4556 = LINE('',#4557,#4558);
#4557 = CARTESIAN_POINT('',(-29.33380227632,-5.766884594925E-17,10.5));
#4558 = VECTOR('',#4559,1.);
#4559 = DIRECTION('',(0.,0.,1.));
#4560 = PCURVE('',#4561,#4566);
#4561 = CYLINDRICAL_SURFACE('',#4562,5.666197723676);
#4562 = AXIS2_PLACEMENT_3D('',#4563,#4564,#4565);
#4563 = CARTESIAN_POINT('',(-35.,-5.766884594925E-17,10.5));
#4564 = DIRECTION('',(-0.,-0.,-1.));
#4565 = DIRECTION('',(1.,0.,0.));
#4566 = DEFINITIONAL_REPRESENTATION('',(#4567),#4571);
#4567 = LINE('',#4568,#4569);
#4568 = CARTESIAN_POINT('',(-0.,0.));
#4569 = VECTOR('',#4570,1.);
#4570 = DIRECTION('',(-0.,-1.));
#4571 = ( GEOMETRIC_REPRESENTATION_CONTEXT(2) 
PARAMETRIC_REPRESENTATION_CONTEXT() REPRESENTATION_CONTEXT('2D SPACE',''
  ) );
#4572 = PCURVE('',#4561,#4573);
#4573 = DEFINITIONAL_REPRESENTATION('',(#4574),#4578);
#4574 = LINE('',#4575,#4576);
#4575 = CARTESIAN_POINT('',(-6.28318530718,0.));
#4576 = VECTOR('',#4577,1.);
#4577 = DIRECTION('',(-0.,-1.));
#4578 = ( GEOMETRIC_REPRESENTATION_CONTEXT(2) 
PARAMETRIC_REPRESENTATION_CONTEXT() REPRESENTATION_CONTEXT('2D SPACE',''
  ) );
#4579 = ORIENTED_EDGE('',*,*,#4580,.T.);
#4580 = EDGE_CURVE('',#4553,#4553,#4581,.T.);
#4581 = SURFACE_CURVE('',#4582,(#4587,#4594),.PCURVE_S1.);
#4582 = CIRCLE('',#4583,5.666197723676);
#4583 = AXIS2_PLACEMENT_3D('',#4584,#4585,#4586);
#4584 = CARTESIAN_POINT('',(-35.,-5.766884594925E-17,16.5));
#4585 = DIRECTION('',(0.,0.,1.));
#4586 = DIRECTION('',(1.,0.,0.));
#4587 = PCURVE('',#4561,#4588);
#4588 = DEFINITIONAL_REPRESENTATION('',(#4589),#4593);
#4589 = LINE('',#4590,#4591);
#4590 = CARTESIAN_POINT('',(-0.,-6.));
#4591 = VECTOR('',#4592,1.);
#4592 = DIRECTION('',(-1.,0.));
#4593 = ( GEOMETRIC_REPRESENTATION_CONTEXT(2) 
PARAMETRIC_REPRESENTATION_CONTEXT() REPRESENTATION_CONTEXT('2D SPACE',''
  ) );
#4594 = PCURVE('',#4507,#4595);
#4595 = DEFINITIONAL_REPRESENTATION('',(#4596),#4600);
#4596 = CIRCLE('',#4597,5.666197723676);
#4597 = AXIS2_PLACEMENT_2D('',#4598,#4599);
#4598 = CARTESIAN_POINT('',(3.552713678801E-14,-5.432897157786E-16));
#4599 = DIRECTION('',(1.,0.));
#4600 = ( GEOMETRIC_REPRESENTATION_CONTEXT(2) 
PARAMETRIC_REPRESENTATION_CONTEXT() REPRESENTATION_CONTEXT('2D SPACE',''
  ) );
#4601 = ORIENTED_EDGE('',*,*,#4550,.F.);
#4602 = ORIENTED_EDGE('',*,*,#4603,.F.);
#4603 = EDGE_CURVE('',#4551,#4551,#4604,.T.);
#4604 = SURFACE_CURVE('',#4605,(#4610,#4617),.PCURVE_S1.);
#4605 = CIRCLE('',#4606,5.666197723676);
#4606 = AXIS2_PLACEMENT_3D('',#4607,#4608,#4609);
#4607 = CARTESIAN_POINT('',(-35.,-5.766884594925E-17,10.5));
#4608 = DIRECTION('',(0.,0.,1.));
#4609 = DIRECTION('',(1.,0.,0.));
#4610 = PCURVE('',#4561,#4611);
#4611 = DEFINITIONAL_REPRESENTATION('',(#4612),#4616);
#4612 = LINE('',#4613,#4614);
#4613 = CARTESIAN_POINT('',(-0.,0.));
#4614 = VECTOR('',#4615,1.);
#4615 = DIRECTION('',(-1.,0.));
#4616 = ( GEOMETRIC_REPRESENTATION_CONTEXT(2) 
PARAMETRIC_REPRESENTATION_CONTEXT() REPRESENTATION_CONTEXT('2D SPACE',''
  ) );
#4617 = PCURVE('',#4535,#4618);
#4618 = DEFINITIONAL_REPRESENTATION('',(#4619),#4623);
#4619 = CIRCLE('',#4620,5.666197723676);
#4620 = AXIS2_PLACEMENT_2D('',#4621,#4622);
#4621 = CARTESIAN_POINT('',(3.552713678801E-14,-5.432897157786E-16));
#4622 = DIRECTION('',(1.,0.));
#4623 = ( GEOMETRIC_REPRESENTATION_CONTEXT(2) 
PARAMETRIC_REPRESENTATION_CONTEXT() REPRESENTATION_CONTEXT('2D SPACE',''
  ) );
#4624 = ADVANCED_FACE('',(#4625,#4628),#4535,.F.);
#4625 = FACE_BOUND('',#4626,.F.);
#4626 = EDGE_LOOP('',(#4627));
#4627 = ORIENTED_EDGE('',*,*,#4520,.T.);
#4628 = FACE_BOUND('',#4629,.F.);
#4629 = EDGE_LOOP('',(#4630));
#4630 = ORIENTED_EDGE('',*,*,#4603,.F.);
#4631 = ADVANCED_FACE('',(#4632,#4635),#4507,.T.);
#4632 = FACE_BOUND('',#4633,.T.);
#4633 = EDGE_LOOP('',(#4634));
#4634 = ORIENTED_EDGE('',*,*,#4492,.T.);
#4635 = FACE_BOUND('',#4636,.T.);
#4636 = EDGE_LOOP('',(#4637));
#4637 = ORIENTED_EDGE('',*,*,#4580,.F.);
#4638 = ( GEOMETRIC_REPRESENTATION_CONTEXT(3) 
GLOBAL_UNCERTAINTY_ASSIGNED_CONTEXT((#4642)) 
GLOBAL_UNIT_ASSIGNED_CONTEXT((#4639,#4640,#4641)) REPRESENTATION_CONTEXT
('Context #1','3D Context with UNIT and UNCERTAINTY') );
#4639 = ( LENGTH_UNIT() NAMED_UNIT(*) SI_UNIT(.MILLI.,.METRE.) );
#4640 = ( NAMED_UNIT(*) PLANE_ANGLE_UNIT() SI_UNIT($,.RADIAN.) );
#4641 = ( NAMED_UNIT(*) SI_UNIT($,.STERADIAN.) SOLID_ANGLE_UNIT() );
#4642 = UNCERTAINTY_MEASURE_WITH_UNIT(LENGTH_MEASURE(1.E-07),#4639,
  'distance_accuracy_value','confusion accuracy');
#4643 = CONTEXT_DEPENDENT_SHAPE_REPRESENTATION(#4644,#4646);
#4644 = ( REPRESENTATION_RELATIONSHIP('','',#4455,#10) 
REPRESENTATION_RELATIONSHIP_WITH_TRANSFORMATION(#4645) 
SHAPE_REPRESENTATION_RELATIONSHIP() );
#4645 = ITEM_DEFINED_TRANSFORMATION('','',#11,#67);
#4646 = PRODUCT_DEFINITION_SHAPE('Placement','Placement of an item',
  #4647);
#4647 = NEXT_ASSEMBLY_USAGE_OCCURRENCE('14','gt2_belt_motor_wrap','',#5,
  #4450,$);
#4648 = PRODUCT_RELATED_PRODUCT_CATEGORY('part',$,(#4452));
#4649 = SHAPE_DEFINITION_REPRESENTATION(#4650,#4656);
#4650 = PRODUCT_DEFINITION_SHAPE('','',#4651);
#4651 = PRODUCT_DEFINITION('design','',#4652,#4655);
#4652 = PRODUCT_DEFINITION_FORMATION('','',#4653);
#4653 = PRODUCT('gt2_belt_output_wrap','gt2_belt_output_wrap','',(#4654)
  );
#4654 = PRODUCT_CONTEXT('',#2,'mechanical');
#4655 = PRODUCT_DEFINITION_CONTEXT('part definition',#2,'design');
#4656 = ADVANCED_BREP_SHAPE_REPRESENTATION('',(#11,#4657),#4839);
#4657 = MANIFOLD_SOLID_BREP('',#4658);
#4658 = CLOSED_SHELL('',(#4659,#4747,#4825,#4832));
#4659 = ADVANCED_FACE('',(#4660),#4674,.T.);
#4660 = FACE_BOUND('',#4661,.F.);
#4661 = EDGE_LOOP('',(#4662,#4692,#4719,#4720));
#4662 = ORIENTED_EDGE('',*,*,#4663,.T.);
#4663 = EDGE_CURVE('',#4664,#4666,#4668,.T.);
#4664 = VERTEX_POINT('',#4665);
#4665 = CARTESIAN_POINT('',(42.066197723676,0.,10.5));
#4666 = VERTEX_POINT('',#4667);
#4667 = CARTESIAN_POINT('',(42.066197723676,0.,16.5));
#4668 = SEAM_CURVE('',#4669,(#4673,#4685),.PCURVE_S1.);
#4669 = LINE('',#4670,#4671);
#4670 = CARTESIAN_POINT('',(42.066197723676,0.,10.5));
#4671 = VECTOR('',#4672,1.);
#4672 = DIRECTION('',(0.,0.,1.));
#4673 = PCURVE('',#4674,#4679);
#4674 = CYLINDRICAL_SURFACE('',#4675,7.066197723676);
#4675 = AXIS2_PLACEMENT_3D('',#4676,#4677,#4678);
#4676 = CARTESIAN_POINT('',(35.,0.,10.5));
#4677 = DIRECTION('',(-0.,-0.,-1.));
#4678 = DIRECTION('',(1.,0.,0.));
#4679 = DEFINITIONAL_REPRESENTATION('',(#4680),#4684);
#4680 = LINE('',#4681,#4682);
#4681 = CARTESIAN_POINT('',(-0.,0.));
#4682 = VECTOR('',#4683,1.);
#4683 = DIRECTION('',(-0.,-1.));
#4684 = ( GEOMETRIC_REPRESENTATION_CONTEXT(2) 
PARAMETRIC_REPRESENTATION_CONTEXT() REPRESENTATION_CONTEXT('2D SPACE',''
  ) );
#4685 = PCURVE('',#4674,#4686);
#4686 = DEFINITIONAL_REPRESENTATION('',(#4687),#4691);
#4687 = LINE('',#4688,#4689);
#4688 = CARTESIAN_POINT('',(-6.28318530718,0.));
#4689 = VECTOR('',#4690,1.);
#4690 = DIRECTION('',(-0.,-1.));
#4691 = ( GEOMETRIC_REPRESENTATION_CONTEXT(2) 
PARAMETRIC_REPRESENTATION_CONTEXT() REPRESENTATION_CONTEXT('2D SPACE',''
  ) );
#4692 = ORIENTED_EDGE('',*,*,#4693,.T.);
#4693 = EDGE_CURVE('',#4666,#4666,#4694,.T.);
#4694 = SURFACE_CURVE('',#4695,(#4700,#4707),.PCURVE_S1.);
#4695 = CIRCLE('',#4696,7.066197723676);
#4696 = AXIS2_PLACEMENT_3D('',#4697,#4698,#4699);
#4697 = CARTESIAN_POINT('',(35.,0.,16.5));
#4698 = DIRECTION('',(0.,0.,1.));
#4699 = DIRECTION('',(1.,0.,0.));
#4700 = PCURVE('',#4674,#4701);
#4701 = DEFINITIONAL_REPRESENTATION('',(#4702),#4706);
#4702 = LINE('',#4703,#4704);
#4703 = CARTESIAN_POINT('',(-0.,-6.));
#4704 = VECTOR('',#4705,1.);
#4705 = DIRECTION('',(-1.,0.));
#4706 = ( GEOMETRIC_REPRESENTATION_CONTEXT(2) 
PARAMETRIC_REPRESENTATION_CONTEXT() REPRESENTATION_CONTEXT('2D SPACE',''
  ) );
#4707 = PCURVE('',#4708,#4713);
#4708 = PLANE('',#4709);
#4709 = AXIS2_PLACEMENT_3D('',#4710,#4711,#4712);
#4710 = CARTESIAN_POINT('',(35.,4.856208698294E-16,16.5));
#4711 = DIRECTION('',(0.,0.,1.));
#4712 = DIRECTION('',(1.,0.,-0.));
#4713 = DEFINITIONAL_REPRESENTATION('',(#4714),#4718);
#4714 = CIRCLE('',#4715,7.066197723676);
#4715 = AXIS2_PLACEMENT_2D('',#4716,#4717);
#4716 = CARTESIAN_POINT('',(0.,-4.856208698294E-16));
#4717 = DIRECTION('',(1.,0.));
#4718 = ( GEOMETRIC_REPRESENTATION_CONTEXT(2) 
PARAMETRIC_REPRESENTATION_CONTEXT() REPRESENTATION_CONTEXT('2D SPACE',''
  ) );
#4719 = ORIENTED_EDGE('',*,*,#4663,.F.);
#4720 = ORIENTED_EDGE('',*,*,#4721,.F.);
#4721 = EDGE_CURVE('',#4664,#4664,#4722,.T.);
#4722 = SURFACE_CURVE('',#4723,(#4728,#4735),.PCURVE_S1.);
#4723 = CIRCLE('',#4724,7.066197723676);
#4724 = AXIS2_PLACEMENT_3D('',#4725,#4726,#4727);
#4725 = CARTESIAN_POINT('',(35.,0.,10.5));
#4726 = DIRECTION('',(0.,0.,1.));
#4727 = DIRECTION('',(1.,0.,0.));
#4728 = PCURVE('',#4674,#4729);
#4729 = DEFINITIONAL_REPRESENTATION('',(#4730),#4734);
#4730 = LINE('',#4731,#4732);
#4731 = CARTESIAN_POINT('',(-0.,0.));
#4732 = VECTOR('',#4733,1.);
#4733 = DIRECTION('',(-1.,0.));
#4734 = ( GEOMETRIC_REPRESENTATION_CONTEXT(2) 
PARAMETRIC_REPRESENTATION_CONTEXT() REPRESENTATION_CONTEXT('2D SPACE',''
  ) );
#4735 = PCURVE('',#4736,#4741);
#4736 = PLANE('',#4737);
#4737 = AXIS2_PLACEMENT_3D('',#4738,#4739,#4740);
#4738 = CARTESIAN_POINT('',(35.,4.856208698294E-16,10.5));
#4739 = DIRECTION('',(0.,0.,1.));
#4740 = DIRECTION('',(1.,0.,-0.));
#4741 = DEFINITIONAL_REPRESENTATION('',(#4742),#4746);
#4742 = CIRCLE('',#4743,7.066197723676);
#4743 = AXIS2_PLACEMENT_2D('',#4744,#4745);
#4744 = CARTESIAN_POINT('',(0.,-4.856208698294E-16));
#4745 = DIRECTION('',(1.,0.));
#4746 = ( GEOMETRIC_REPRESENTATION_CONTEXT(2) 
PARAMETRIC_REPRESENTATION_CONTEXT() REPRESENTATION_CONTEXT('2D SPACE',''
  ) );
#4747 = ADVANCED_FACE('',(#4748),#4762,.F.);
#4748 = FACE_BOUND('',#4749,.T.);
#4749 = EDGE_LOOP('',(#4750,#4780,#4802,#4803));
#4750 = ORIENTED_EDGE('',*,*,#4751,.T.);
#4751 = EDGE_CURVE('',#4752,#4754,#4756,.T.);
#4752 = VERTEX_POINT('',#4753);
#4753 = CARTESIAN_POINT('',(40.666197723676,-5.766884594925E-17,10.5));
#4754 = VERTEX_POINT('',#4755);
#4755 = CARTESIAN_POINT('',(40.666197723676,-5.766884594925E-17,16.5));
#4756 = SEAM_CURVE('',#4757,(#4761,#4773),.PCURVE_S1.);
#4757 = LINE('',#4758,#4759);
#4758 = CARTESIAN_POINT('',(40.666197723676,-5.766884594925E-17,10.5));
#4759 = VECTOR('',#4760,1.);
#4760 = DIRECTION('',(0.,0.,1.));
#4761 = PCURVE('',#4762,#4767);
#4762 = CYLINDRICAL_SURFACE('',#4763,5.666197723676);
#4763 = AXIS2_PLACEMENT_3D('',#4764,#4765,#4766);
#4764 = CARTESIAN_POINT('',(35.,-5.766884594925E-17,10.5));
#4765 = DIRECTION('',(-0.,-0.,-1.));
#4766 = DIRECTION('',(1.,0.,0.));
#4767 = DEFINITIONAL_REPRESENTATION('',(#4768),#4772);
#4768 = LINE('',#4769,#4770);
#4769 = CARTESIAN_POINT('',(-0.,0.));
#4770 = VECTOR('',#4771,1.);
#4771 = DIRECTION('',(-0.,-1.));
#4772 = ( GEOMETRIC_REPRESENTATION_CONTEXT(2) 
PARAMETRIC_REPRESENTATION_CONTEXT() REPRESENTATION_CONTEXT('2D SPACE',''
  ) );
#4773 = PCURVE('',#4762,#4774);
#4774 = DEFINITIONAL_REPRESENTATION('',(#4775),#4779);
#4775 = LINE('',#4776,#4777);
#4776 = CARTESIAN_POINT('',(-6.28318530718,0.));
#4777 = VECTOR('',#4778,1.);
#4778 = DIRECTION('',(-0.,-1.));
#4779 = ( GEOMETRIC_REPRESENTATION_CONTEXT(2) 
PARAMETRIC_REPRESENTATION_CONTEXT() REPRESENTATION_CONTEXT('2D SPACE',''
  ) );
#4780 = ORIENTED_EDGE('',*,*,#4781,.T.);
#4781 = EDGE_CURVE('',#4754,#4754,#4782,.T.);
#4782 = SURFACE_CURVE('',#4783,(#4788,#4795),.PCURVE_S1.);
#4783 = CIRCLE('',#4784,5.666197723676);
#4784 = AXIS2_PLACEMENT_3D('',#4785,#4786,#4787);
#4785 = CARTESIAN_POINT('',(35.,-5.766884594925E-17,16.5));
#4786 = DIRECTION('',(0.,0.,1.));
#4787 = DIRECTION('',(1.,0.,0.));
#4788 = PCURVE('',#4762,#4789);
#4789 = DEFINITIONAL_REPRESENTATION('',(#4790),#4794);
#4790 = LINE('',#4791,#4792);
#4791 = CARTESIAN_POINT('',(-0.,-6.));
#4792 = VECTOR('',#4793,1.);
#4793 = DIRECTION('',(-1.,0.));
#4794 = ( GEOMETRIC_REPRESENTATION_CONTEXT(2) 
PARAMETRIC_REPRESENTATION_CONTEXT() REPRESENTATION_CONTEXT('2D SPACE',''
  ) );
#4795 = PCURVE('',#4708,#4796);
#4796 = DEFINITIONAL_REPRESENTATION('',(#4797),#4801);
#4797 = CIRCLE('',#4798,5.666197723676);
#4798 = AXIS2_PLACEMENT_2D('',#4799,#4800);
#4799 = CARTESIAN_POINT('',(3.552713678801E-14,-5.432897157786E-16));
#4800 = DIRECTION('',(1.,0.));
#4801 = ( GEOMETRIC_REPRESENTATION_CONTEXT(2) 
PARAMETRIC_REPRESENTATION_CONTEXT() REPRESENTATION_CONTEXT('2D SPACE',''
  ) );
#4802 = ORIENTED_EDGE('',*,*,#4751,.F.);
#4803 = ORIENTED_EDGE('',*,*,#4804,.F.);
#4804 = EDGE_CURVE('',#4752,#4752,#4805,.T.);
#4805 = SURFACE_CURVE('',#4806,(#4811,#4818),.PCURVE_S1.);
#4806 = CIRCLE('',#4807,5.666197723676);
#4807 = AXIS2_PLACEMENT_3D('',#4808,#4809,#4810);
#4808 = CARTESIAN_POINT('',(35.,-5.766884594925E-17,10.5));
#4809 = DIRECTION('',(0.,0.,1.));
#4810 = DIRECTION('',(1.,0.,0.));
#4811 = PCURVE('',#4762,#4812);
#4812 = DEFINITIONAL_REPRESENTATION('',(#4813),#4817);
#4813 = LINE('',#4814,#4815);
#4814 = CARTESIAN_POINT('',(-0.,0.));
#4815 = VECTOR('',#4816,1.);
#4816 = DIRECTION('',(-1.,0.));
#4817 = ( GEOMETRIC_REPRESENTATION_CONTEXT(2) 
PARAMETRIC_REPRESENTATION_CONTEXT() REPRESENTATION_CONTEXT('2D SPACE',''
  ) );
#4818 = PCURVE('',#4736,#4819);
#4819 = DEFINITIONAL_REPRESENTATION('',(#4820),#4824);
#4820 = CIRCLE('',#4821,5.666197723676);
#4821 = AXIS2_PLACEMENT_2D('',#4822,#4823);
#4822 = CARTESIAN_POINT('',(3.552713678801E-14,-5.432897157786E-16));
#4823 = DIRECTION('',(1.,0.));
#4824 = ( GEOMETRIC_REPRESENTATION_CONTEXT(2) 
PARAMETRIC_REPRESENTATION_CONTEXT() REPRESENTATION_CONTEXT('2D SPACE',''
  ) );
#4825 = ADVANCED_FACE('',(#4826,#4829),#4736,.F.);
#4826 = FACE_BOUND('',#4827,.F.);
#4827 = EDGE_LOOP('',(#4828));
#4828 = ORIENTED_EDGE('',*,*,#4721,.T.);
#4829 = FACE_BOUND('',#4830,.F.);
#4830 = EDGE_LOOP('',(#4831));
#4831 = ORIENTED_EDGE('',*,*,#4804,.F.);
#4832 = ADVANCED_FACE('',(#4833,#4836),#4708,.T.);
#4833 = FACE_BOUND('',#4834,.T.);
#4834 = EDGE_LOOP('',(#4835));
#4835 = ORIENTED_EDGE('',*,*,#4693,.T.);
#4836 = FACE_BOUND('',#4837,.T.);
#4837 = EDGE_LOOP('',(#4838));
#4838 = ORIENTED_EDGE('',*,*,#4781,.F.);
#4839 = ( GEOMETRIC_REPRESENTATION_CONTEXT(3) 
GLOBAL_UNCERTAINTY_ASSIGNED_CONTEXT((#4843)) 
GLOBAL_UNIT_ASSIGNED_CONTEXT((#4840,#4841,#4842)) REPRESENTATION_CONTEXT
('Context #1','3D Context with UNIT and UNCERTAINTY') );
#4840 = ( LENGTH_UNIT() NAMED_UNIT(*) SI_UNIT(.MILLI.,.METRE.) );
#4841 = ( NAMED_UNIT(*) PLANE_ANGLE_UNIT() SI_UNIT($,.RADIAN.) );
#4842 = ( NAMED_UNIT(*) SI_UNIT($,.STERADIAN.) SOLID_ANGLE_UNIT() );
#4843 = UNCERTAINTY_MEASURE_WITH_UNIT(LENGTH_MEASURE(1.E-07),#4840,
  'distance_accuracy_value','confusion accuracy');
#4844 = CONTEXT_DEPENDENT_SHAPE_REPRESENTATION(#4845,#4847);
#4845 = ( REPRESENTATION_RELATIONSHIP('','',#4656,#10) 
REPRESENTATION_RELATIONSHIP_WITH_TRANSFORMATION(#4846) 
SHAPE_REPRESENTATION_RELATIONSHIP() );
#4846 = ITEM_DEFINED_TRANSFORMATION('','',#11,#71);
#4847 = PRODUCT_DEFINITION_SHAPE('Placement','Placement of an item',
  #4848);
#4848 = NEXT_ASSEMBLY_USAGE_OCCURRENCE('15','gt2_belt_output_wrap','',#5
  ,#4651,$);
#4849 = PRODUCT_RELATED_PRODUCT_CATEGORY('part',$,(#4653));
#4850 = SHAPE_DEFINITION_REPRESENTATION(#4851,#4857);
#4851 = PRODUCT_DEFINITION_SHAPE('','',#4852);
#4852 = PRODUCT_DEFINITION('design','',#4853,#4856);
#4853 = PRODUCT_DEFINITION_FORMATION('','',#4854);
#4854 = PRODUCT('source_locked_motor_m3x10_fastener_1',
  'source_locked_motor_m3x10_fastener_1','',(#4855));
#4855 = PRODUCT_CONTEXT('',#2,'mechanical');
#4856 = PRODUCT_DEFINITION_CONTEXT('part definition',#2,'design');
#4857 = ADVANCED_BREP_SHAPE_REPRESENTATION('',(#11,#4858),#5858);
#4858 = MANIFOLD_SOLID_BREP('',#4859);
#4859 = CLOSED_SHELL('',(#4860,#4928,#4981,#5036,#5091,#5144,#5197,#5201
    ,#5236,#5478,#5562,#5619,#5676,#5733,#5790,#5825));
#4860 = ADVANCED_FACE('',(#4861,#4897),#4874,.T.);
#4861 = FACE_BOUND('',#4862,.T.);
#4862 = EDGE_LOOP('',(#4863));
#4863 = ORIENTED_EDGE('',*,*,#4864,.T.);
#4864 = EDGE_CURVE('',#4865,#4865,#4867,.T.);
#4865 = VERTEX_POINT('',#4866);
#4866 = CARTESIAN_POINT('',(-47.85,-15.5,6.));
#4867 = SURFACE_CURVE('',#4868,(#4873,#4885),.PCURVE_S1.);
#4868 = CIRCLE('',#4869,2.65);
#4869 = AXIS2_PLACEMENT_3D('',#4870,#4871,#4872);
#4870 = CARTESIAN_POINT('',(-50.5,-15.5,6.));
#4871 = DIRECTION('',(-1.325926550505E-63,-4.440892098501E-16,-1.));
#4872 = DIRECTION('',(1.,-7.171462774736E-32,3.184769237102E-47));
#4873 = PCURVE('',#4874,#4879);
#4874 = PLANE('',#4875);
#4875 = AXIS2_PLACEMENT_3D('',#4876,#4877,#4878);
#4876 = CARTESIAN_POINT('',(-50.5,-15.5,6.));
#4877 = DIRECTION('',(0.,-4.440892098501E-16,-1.));
#4878 = DIRECTION('',(1.,0.,0.));
#4879 = DEFINITIONAL_REPRESENTATION('',(#4880),#4884);
#4880 = CIRCLE('',#4881,2.65);
#4881 = AXIS2_PLACEMENT_2D('',#4882,#4883);
#4882 = CARTESIAN_POINT('',(0.,0.));
#4883 = DIRECTION('',(1.,7.171462774736E-32));
#4884 = ( GEOMETRIC_REPRESENTATION_CONTEXT(2) 
PARAMETRIC_REPRESENTATION_CONTEXT() REPRESENTATION_CONTEXT('2D SPACE',''
  ) );
#4885 = PCURVE('',#4886,#4891);
#4886 = CONICAL_SURFACE('',#4887,2.75,0.785398163397);
#4887 = AXIS2_PLACEMENT_3D('',#4888,#4889,#4890);
#4888 = CARTESIAN_POINT('',(-50.5,-15.5,6.1));
#4889 = DIRECTION('',(0.,4.440892098501E-16,1.));
#4890 = DIRECTION('',(1.,-7.171462774736E-32,3.184769237102E-47));
#4891 = DEFINITIONAL_REPRESENTATION('',(#4892),#4896);
#4892 = LINE('',#4893,#4894);
#4893 = CARTESIAN_POINT('',(6.28318530718,-0.1));
#4894 = VECTOR('',#4895,1.);
#4895 = DIRECTION('',(-1.,0.));
#4896 = ( GEOMETRIC_REPRESENTATION_CONTEXT(2) 
PARAMETRIC_REPRESENTATION_CONTEXT() REPRESENTATION_CONTEXT('2D SPACE',''
  ) );
#4897 = FACE_BOUND('',#4898,.T.);
#4898 = EDGE_LOOP('',(#4899));
#4899 = ORIENTED_EDGE('',*,*,#4900,.F.);
#4900 = EDGE_CURVE('',#4901,#4901,#4903,.T.);
#4901 = VERTEX_POINT('',#4902);
#4902 = CARTESIAN_POINT('',(-49.,-15.5,6.));
#4903 = SURFACE_CURVE('',#4904,(#4909,#4916),.PCURVE_S1.);
#4904 = CIRCLE('',#4905,1.5);
#4905 = AXIS2_PLACEMENT_3D('',#4906,#4907,#4908);
#4906 = CARTESIAN_POINT('',(-50.5,-15.5,6.));
#4907 = DIRECTION('',(0.,-4.440892098501E-16,-1.));
#4908 = DIRECTION('',(1.,0.,0.));
#4909 = PCURVE('',#4874,#4910);
#4910 = DEFINITIONAL_REPRESENTATION('',(#4911),#4915);
#4911 = CIRCLE('',#4912,1.5);
#4912 = AXIS2_PLACEMENT_2D('',#4913,#4914);
#4913 = CARTESIAN_POINT('',(0.,0.));
#4914 = DIRECTION('',(1.,0.));
#4915 = ( GEOMETRIC_REPRESENTATION_CONTEXT(2) 
PARAMETRIC_REPRESENTATION_CONTEXT() REPRESENTATION_CONTEXT('2D SPACE',''
  ) );
#4916 = PCURVE('',#4917,#4922);
#4917 = CYLINDRICAL_SURFACE('',#4918,1.5);
#4918 = AXIS2_PLACEMENT_3D('',#4919,#4920,#4921);
#4919 = CARTESIAN_POINT('',(-50.5,-15.5,6.));
#4920 = DIRECTION('',(0.,-4.440892098501E-16,-1.));
#4921 = DIRECTION('',(1.,0.,0.));
#4922 = DEFINITIONAL_REPRESENTATION('',(#4923),#4927);
#4923 = LINE('',#4924,#4925);
#4924 = CARTESIAN_POINT('',(0.,0.));
#4925 = VECTOR('',#4926,1.);
#4926 = DIRECTION('',(1.,0.));
#4927 = ( GEOMETRIC_REPRESENTATION_CONTEXT(2) 
PARAMETRIC_REPRESENTATION_CONTEXT() REPRESENTATION_CONTEXT('2D SPACE',''
  ) );
#4928 = ADVANCED_FACE('',(#4929),#4886,.T.);
#4929 = FACE_BOUND('',#4930,.T.);
#4930 = EDGE_LOOP('',(#4931,#4960,#4979,#4980));
#4931 = ORIENTED_EDGE('',*,*,#4932,.T.);
#4932 = EDGE_CURVE('',#4933,#4933,#4935,.T.);
#4933 = VERTEX_POINT('',#4934);
#4934 = CARTESIAN_POINT('',(-47.75,-15.5,6.1));
#4935 = SURFACE_CURVE('',#4936,(#4941,#4948),.PCURVE_S1.);
#4936 = CIRCLE('',#4937,2.75);
#4937 = AXIS2_PLACEMENT_3D('',#4938,#4939,#4940);
#4938 = CARTESIAN_POINT('',(-50.5,-15.5,6.1));
#4939 = DIRECTION('',(-1.325926550505E-63,-4.440892098501E-16,-1.));
#4940 = DIRECTION('',(1.,-7.171462774736E-32,3.184769237102E-47));
#4941 = PCURVE('',#4886,#4942);
#4942 = DEFINITIONAL_REPRESENTATION('',(#4943),#4947);
#4943 = LINE('',#4944,#4945);
#4944 = CARTESIAN_POINT('',(6.28318530718,0.));
#4945 = VECTOR('',#4946,1.);
#4946 = DIRECTION('',(-1.,0.));
#4947 = ( GEOMETRIC_REPRESENTATION_CONTEXT(2) 
PARAMETRIC_REPRESENTATION_CONTEXT() REPRESENTATION_CONTEXT('2D SPACE',''
  ) );
#4948 = PCURVE('',#4949,#4954);
#4949 = CYLINDRICAL_SURFACE('',#4950,2.75);
#4950 = AXIS2_PLACEMENT_3D('',#4951,#4952,#4953);
#4951 = CARTESIAN_POINT('',(-50.5,-15.5,9.));
#4952 = DIRECTION('',(0.,-4.440892098501E-16,-1.));
#4953 = DIRECTION('',(1.,2.422304781E-16,-1.07571941621E-31));
#4954 = DEFINITIONAL_REPRESENTATION('',(#4955),#4959);
#4955 = LINE('',#4956,#4957);
#4956 = CARTESIAN_POINT('',(2.422304781E-16,2.9));
#4957 = VECTOR('',#4958,1.);
#4958 = DIRECTION('',(1.,0.));
#4959 = ( GEOMETRIC_REPRESENTATION_CONTEXT(2) 
PARAMETRIC_REPRESENTATION_CONTEXT() REPRESENTATION_CONTEXT('2D SPACE',''
  ) );
#4960 = ORIENTED_EDGE('',*,*,#4961,.F.);
#4961 = EDGE_CURVE('',#4865,#4933,#4962,.T.);
#4962 = SEAM_CURVE('',#4963,(#4967,#4973),.PCURVE_S1.);
#4963 = LINE('',#4964,#4965);
#4964 = CARTESIAN_POINT('',(-47.75,-15.5,6.1));
#4965 = VECTOR('',#4966,1.);
#4966 = DIRECTION('',(0.707106781187,4.85301305411E-16,0.707106781187));
#4967 = PCURVE('',#4886,#4968);
#4968 = DEFINITIONAL_REPRESENTATION('',(#4969),#4972);
#4969 = B_SPLINE_CURVE_WITH_KNOTS('',1,(#4970,#4971),.UNSPECIFIED.,.F.,
  .F.,(2,2),(-0.141421356237,0.),.PIECEWISE_BEZIER_KNOTS.);
#4970 = CARTESIAN_POINT('',(0.,-0.1));
#4971 = CARTESIAN_POINT('',(0.,0.));
#4972 = ( GEOMETRIC_REPRESENTATION_CONTEXT(2) 
PARAMETRIC_REPRESENTATION_CONTEXT() REPRESENTATION_CONTEXT('2D SPACE',''
  ) );
#4973 = PCURVE('',#4886,#4974);
#4974 = DEFINITIONAL_REPRESENTATION('',(#4975),#4978);
#4975 = B_SPLINE_CURVE_WITH_KNOTS('',1,(#4976,#4977),.UNSPECIFIED.,.F.,
  .F.,(2,2),(-0.141421356237,0.),.PIECEWISE_BEZIER_KNOTS.);
#4976 = CARTESIAN_POINT('',(6.283185307179,-0.1));
#4977 = CARTESIAN_POINT('',(6.283185307179,0.));
#4978 = ( GEOMETRIC_REPRESENTATION_CONTEXT(2) 
PARAMETRIC_REPRESENTATION_CONTEXT() REPRESENTATION_CONTEXT('2D SPACE',''
  ) );
#4979 = ORIENTED_EDGE('',*,*,#4864,.F.);
#4980 = ORIENTED_EDGE('',*,*,#4961,.T.);
#4981 = ADVANCED_FACE('',(#4982),#4917,.T.);
#4982 = FACE_BOUND('',#4983,.T.);
#4983 = EDGE_LOOP('',(#4984,#5007,#5008,#5009));
#4984 = ORIENTED_EDGE('',*,*,#4985,.F.);
#4985 = EDGE_CURVE('',#4901,#4986,#4988,.T.);
#4986 = VERTEX_POINT('',#4987);
#4987 = CARTESIAN_POINT('',(-49.,-15.5,-3.6));
#4988 = SEAM_CURVE('',#4989,(#4993,#5000),.PCURVE_S1.);
#4989 = LINE('',#4990,#4991);
#4990 = CARTESIAN_POINT('',(-49.,-15.5,6.));
#4991 = VECTOR('',#4992,1.);
#4992 = DIRECTION('',(0.,-6.661338147751E-16,-1.));
#4993 = PCURVE('',#4917,#4994);
#4994 = DEFINITIONAL_REPRESENTATION('',(#4995),#4999);
#4995 = LINE('',#4996,#4997);
#4996 = CARTESIAN_POINT('',(0.,0.));
#4997 = VECTOR('',#4998,1.);
#4998 = DIRECTION('',(0.,1.));
#4999 = ( GEOMETRIC_REPRESENTATION_CONTEXT(2) 
PARAMETRIC_REPRESENTATION_CONTEXT() REPRESENTATION_CONTEXT('2D SPACE',''
  ) );
#5000 = PCURVE('',#4917,#5001);
#5001 = DEFINITIONAL_REPRESENTATION('',(#5002),#5006);
#5002 = LINE('',#5003,#5004);
#5003 = CARTESIAN_POINT('',(6.28318530718,0.));
#5004 = VECTOR('',#5005,1.);
#5005 = DIRECTION('',(0.,1.));
#5006 = ( GEOMETRIC_REPRESENTATION_CONTEXT(2) 
PARAMETRIC_REPRESENTATION_CONTEXT() REPRESENTATION_CONTEXT('2D SPACE',''
  ) );
#5007 = ORIENTED_EDGE('',*,*,#4900,.T.);
#5008 = ORIENTED_EDGE('',*,*,#4985,.T.);
#5009 = ORIENTED_EDGE('',*,*,#5010,.F.);
#5010 = EDGE_CURVE('',#4986,#4986,#5011,.T.);
#5011 = SURFACE_CURVE('',#5012,(#5017,#5024),.PCURVE_S1.);
#5012 = CIRCLE('',#5013,1.5);
#5013 = AXIS2_PLACEMENT_3D('',#5014,#5015,#5016);
#5014 = CARTESIAN_POINT('',(-50.5,-15.5,-3.6));
#5015 = DIRECTION('',(1.167748720224E-46,-4.440892098501E-16,-1.));
#5016 = DIRECTION('',(1.,-1.480297366167E-15,6.573840876843E-31));
#5017 = PCURVE('',#4917,#5018);
#5018 = DEFINITIONAL_REPRESENTATION('',(#5019),#5023);
#5019 = LINE('',#5020,#5021);
#5020 = CARTESIAN_POINT('',(1.480297366167E-15,9.6));
#5021 = VECTOR('',#5022,1.);
#5022 = DIRECTION('',(1.,0.));
#5023 = ( GEOMETRIC_REPRESENTATION_CONTEXT(2) 
PARAMETRIC_REPRESENTATION_CONTEXT() REPRESENTATION_CONTEXT('2D SPACE',''
  ) );
#5024 = PCURVE('',#5025,#5030);
#5025 = CONICAL_SURFACE('',#5026,1.5,0.785398163397);
#5026 = AXIS2_PLACEMENT_3D('',#5027,#5028,#5029);
#5027 = CARTESIAN_POINT('',(-50.5,-15.5,-3.6));
#5028 = DIRECTION('',(-8.75811540203E-47,4.440892098501E-16,1.));
#5029 = DIRECTION('',(1.,-1.480297366167E-15,6.573840876843E-31));
#5030 = DEFINITIONAL_REPRESENTATION('',(#5031),#5035);
#5031 = LINE('',#5032,#5033);
#5032 = CARTESIAN_POINT('',(6.28318530718,0.));
#5033 = VECTOR('',#5034,1.);
#5034 = DIRECTION('',(-1.,0.));
#5035 = ( GEOMETRIC_REPRESENTATION_CONTEXT(2) 
PARAMETRIC_REPRESENTATION_CONTEXT() REPRESENTATION_CONTEXT('2D SPACE',''
  ) );
#5036 = ADVANCED_FACE('',(#5037),#4949,.T.);
#5037 = FACE_BOUND('',#5038,.T.);
#5038 = EDGE_LOOP('',(#5039,#5062,#5089,#5090));
#5039 = ORIENTED_EDGE('',*,*,#5040,.F.);
#5040 = EDGE_CURVE('',#5041,#4933,#5043,.T.);
#5041 = VERTEX_POINT('',#5042);
#5042 = CARTESIAN_POINT('',(-47.75,-15.5,8.9));
#5043 = SEAM_CURVE('',#5044,(#5048,#5055),.PCURVE_S1.);
#5044 = LINE('',#5045,#5046);
#5045 = CARTESIAN_POINT('',(-47.75,-15.5,9.));
#5046 = VECTOR('',#5047,1.);
#5047 = DIRECTION('',(0.,-6.661338147751E-16,-1.));
#5048 = PCURVE('',#4949,#5049);
#5049 = DEFINITIONAL_REPRESENTATION('',(#5050),#5054);
#5050 = LINE('',#5051,#5052);
#5051 = CARTESIAN_POINT('',(0.,0.));
#5052 = VECTOR('',#5053,1.);
#5053 = DIRECTION('',(0.,1.));
#5054 = ( GEOMETRIC_REPRESENTATION_CONTEXT(2) 
PARAMETRIC_REPRESENTATION_CONTEXT() REPRESENTATION_CONTEXT('2D SPACE',''
  ) );
#5055 = PCURVE('',#4949,#5056);
#5056 = DEFINITIONAL_REPRESENTATION('',(#5057),#5061);
#5057 = LINE('',#5058,#5059);
#5058 = CARTESIAN_POINT('',(6.28318530718,0.));
#5059 = VECTOR('',#5060,1.);
#5060 = DIRECTION('',(0.,1.));
#5061 = ( GEOMETRIC_REPRESENTATION_CONTEXT(2) 
PARAMETRIC_REPRESENTATION_CONTEXT() REPRESENTATION_CONTEXT('2D SPACE',''
  ) );
#5062 = ORIENTED_EDGE('',*,*,#5063,.T.);
#5063 = EDGE_CURVE('',#5041,#5041,#5064,.T.);
#5064 = SURFACE_CURVE('',#5065,(#5070,#5077),.PCURVE_S1.);
#5065 = CIRCLE('',#5066,2.75);
#5066 = AXIS2_PLACEMENT_3D('',#5067,#5068,#5069);
#5067 = CARTESIAN_POINT('',(-50.5,-15.5,8.9));
#5068 = DIRECTION('',(9.952403864668E-48,-4.440892098501E-16,-1.));
#5069 = DIRECTION('',(1.,2.422304781E-16,-1.07571941621E-31));
#5070 = PCURVE('',#4949,#5071);
#5071 = DEFINITIONAL_REPRESENTATION('',(#5072),#5076);
#5072 = LINE('',#5073,#5074);
#5073 = CARTESIAN_POINT('',(1.434292554947E-31,0.1));
#5074 = VECTOR('',#5075,1.);
#5075 = DIRECTION('',(1.,0.));
#5076 = ( GEOMETRIC_REPRESENTATION_CONTEXT(2) 
PARAMETRIC_REPRESENTATION_CONTEXT() REPRESENTATION_CONTEXT('2D SPACE',''
  ) );
#5077 = PCURVE('',#5078,#5083);
#5078 = CONICAL_SURFACE('',#5079,2.75,0.785398163397);
#5079 = AXIS2_PLACEMENT_3D('',#5080,#5081,#5082);
#5080 = CARTESIAN_POINT('',(-50.5,-15.5,8.9));
#5081 = DIRECTION('',(-0.,-4.440892098501E-16,-1.));
#5082 = DIRECTION('',(1.,2.422304781E-16,-1.07571941621E-31));
#5083 = DEFINITIONAL_REPRESENTATION('',(#5084),#5088);
#5084 = LINE('',#5085,#5086);
#5085 = CARTESIAN_POINT('',(0.,0.));
#5086 = VECTOR('',#5087,1.);
#5087 = DIRECTION('',(1.,-0.));
#5088 = ( GEOMETRIC_REPRESENTATION_CONTEXT(2) 
PARAMETRIC_REPRESENTATION_CONTEXT() REPRESENTATION_CONTEXT('2D SPACE',''
  ) );
#5089 = ORIENTED_EDGE('',*,*,#5040,.T.);
#5090 = ORIENTED_EDGE('',*,*,#4932,.F.);
#5091 = ADVANCED_FACE('',(#5092),#5025,.T.);
#5092 = FACE_BOUND('',#5093,.T.);
#5093 = EDGE_LOOP('',(#5094,#5115,#5116,#5117));
#5094 = ORIENTED_EDGE('',*,*,#5095,.F.);
#5095 = EDGE_CURVE('',#4986,#5096,#5098,.T.);
#5096 = VERTEX_POINT('',#5097);
#5097 = CARTESIAN_POINT('',(-49.4,-15.5,-4.));
#5098 = SEAM_CURVE('',#5099,(#5103,#5109),.PCURVE_S1.);
#5099 = LINE('',#5100,#5101);
#5100 = CARTESIAN_POINT('',(-49.,-15.5,-3.6));
#5101 = VECTOR('',#5102,1.);
#5102 = DIRECTION('',(-0.707106781187,-3.140184917366E-16,
    -0.707106781187));
#5103 = PCURVE('',#5025,#5104);
#5104 = DEFINITIONAL_REPRESENTATION('',(#5105),#5108);
#5105 = B_SPLINE_CURVE_WITH_KNOTS('',1,(#5106,#5107),.UNSPECIFIED.,.F.,
  .F.,(2,2),(0.,0.565685424949),.PIECEWISE_BEZIER_KNOTS.);
#5106 = CARTESIAN_POINT('',(6.28318530718,0.));
#5107 = CARTESIAN_POINT('',(6.28318530718,-0.4));
#5108 = ( GEOMETRIC_REPRESENTATION_CONTEXT(2) 
PARAMETRIC_REPRESENTATION_CONTEXT() REPRESENTATION_CONTEXT('2D SPACE',''
  ) );
#5109 = PCURVE('',#5025,#5110);
#5110 = DEFINITIONAL_REPRESENTATION('',(#5111),#5114);
#5111 = B_SPLINE_CURVE_WITH_KNOTS('',1,(#5112,#5113),.UNSPECIFIED.,.F.,
  .F.,(2,2),(0.,0.565685424949),.PIECEWISE_BEZIER_KNOTS.);
#5112 = CARTESIAN_POINT('',(-4.138911435803E-13,0.));
#5113 = CARTESIAN_POINT('',(-4.138911435803E-13,-0.4));
#5114 = ( GEOMETRIC_REPRESENTATION_CONTEXT(2) 
PARAMETRIC_REPRESENTATION_CONTEXT() REPRESENTATION_CONTEXT('2D SPACE',''
  ) );
#5115 = ORIENTED_EDGE('',*,*,#5010,.T.);
#5116 = ORIENTED_EDGE('',*,*,#5095,.T.);
#5117 = ORIENTED_EDGE('',*,*,#5118,.F.);
#5118 = EDGE_CURVE('',#5096,#5096,#5119,.T.);
#5119 = SURFACE_CURVE('',#5120,(#5125,#5132),.PCURVE_S1.);
#5120 = CIRCLE('',#5121,1.1);
#5121 = AXIS2_PLACEMENT_3D('',#5122,#5123,#5124);
#5122 = CARTESIAN_POINT('',(-50.5,-15.5,-4.));
#5123 = DIRECTION('',(1.167748720224E-46,-4.440892098501E-16,-1.));
#5124 = DIRECTION('',(1.,-1.480297366167E-15,6.573840876843E-31));
#5125 = PCURVE('',#5025,#5126);
#5126 = DEFINITIONAL_REPRESENTATION('',(#5127),#5131);
#5127 = LINE('',#5128,#5129);
#5128 = CARTESIAN_POINT('',(6.28318530718,-0.4));
#5129 = VECTOR('',#5130,1.);
#5130 = DIRECTION('',(-1.,0.));
#5131 = ( GEOMETRIC_REPRESENTATION_CONTEXT(2) 
PARAMETRIC_REPRESENTATION_CONTEXT() REPRESENTATION_CONTEXT('2D SPACE',''
  ) );
#5132 = PCURVE('',#5133,#5138);
#5133 = PLANE('',#5134);
#5134 = AXIS2_PLACEMENT_3D('',#5135,#5136,#5137);
#5135 = CARTESIAN_POINT('',(-50.5,-15.5,-4.));
#5136 = DIRECTION('',(0.,-4.440892098501E-16,-1.));
#5137 = DIRECTION('',(1.,-1.480297366167E-15,6.573840876843E-31));
#5138 = DEFINITIONAL_REPRESENTATION('',(#5139),#5143);
#5139 = CIRCLE('',#5140,1.1);
#5140 = AXIS2_PLACEMENT_2D('',#5141,#5142);
#5141 = CARTESIAN_POINT('',(0.,0.));
#5142 = DIRECTION('',(1.,2.919371800677E-46));
#5143 = ( GEOMETRIC_REPRESENTATION_CONTEXT(2) 
PARAMETRIC_REPRESENTATION_CONTEXT() REPRESENTATION_CONTEXT('2D SPACE',''
  ) );
#5144 = ADVANCED_FACE('',(#5145),#5078,.T.);
#5145 = FACE_BOUND('',#5146,.T.);
#5146 = EDGE_LOOP('',(#5147,#5176,#5195,#5196));
#5147 = ORIENTED_EDGE('',*,*,#5148,.T.);
#5148 = EDGE_CURVE('',#5149,#5149,#5151,.T.);
#5149 = VERTEX_POINT('',#5150);
#5150 = CARTESIAN_POINT('',(-47.85,-15.5,9.));
#5151 = SURFACE_CURVE('',#5152,(#5157,#5164),.PCURVE_S1.);
#5152 = CIRCLE('',#5153,2.65);
#5153 = AXIS2_PLACEMENT_3D('',#5154,#5155,#5156);
#5154 = CARTESIAN_POINT('',(-50.5,-15.5,9.));
#5155 = DIRECTION('',(9.952403864668E-48,-4.440892098501E-16,-1.));
#5156 = DIRECTION('',(1.,2.422304781E-16,-1.07571941621E-31));
#5157 = PCURVE('',#5078,#5158);
#5158 = DEFINITIONAL_REPRESENTATION('',(#5159),#5163);
#5159 = LINE('',#5160,#5161);
#5160 = CARTESIAN_POINT('',(0.,-0.1));
#5161 = VECTOR('',#5162,1.);
#5162 = DIRECTION('',(1.,-0.));
#5163 = ( GEOMETRIC_REPRESENTATION_CONTEXT(2) 
PARAMETRIC_REPRESENTATION_CONTEXT() REPRESENTATION_CONTEXT('2D SPACE',''
  ) );
#5164 = PCURVE('',#5165,#5170);
#5165 = PLANE('',#5166);
#5166 = AXIS2_PLACEMENT_3D('',#5167,#5168,#5169);
#5167 = CARTESIAN_POINT('',(-50.5,-15.5,9.));
#5168 = DIRECTION('',(0.,-4.440892098501E-16,-1.));
#5169 = DIRECTION('',(1.,4.594026308794E-16,-2.040157513503E-31));
#5170 = DEFINITIONAL_REPRESENTATION('',(#5171),#5175);
#5171 = CIRCLE('',#5172,2.65);
#5172 = AXIS2_PLACEMENT_2D('',#5173,#5174);
#5173 = CARTESIAN_POINT('',(0.,0.));
#5174 = DIRECTION('',(1.,2.171721527794E-16));
#5175 = ( GEOMETRIC_REPRESENTATION_CONTEXT(2) 
PARAMETRIC_REPRESENTATION_CONTEXT() REPRESENTATION_CONTEXT('2D SPACE',''
  ) );
#5176 = ORIENTED_EDGE('',*,*,#5177,.F.);
#5177 = EDGE_CURVE('',#5041,#5149,#5178,.T.);
#5178 = SEAM_CURVE('',#5179,(#5183,#5189),.PCURVE_S1.);
#5179 = LINE('',#5180,#5181);
#5180 = CARTESIAN_POINT('',(-47.75,-15.5,8.9));
#5181 = VECTOR('',#5182,1.);
#5182 = DIRECTION('',(-0.707106781187,1.427356780621E-16,0.707106781187)
  );
#5183 = PCURVE('',#5078,#5184);
#5184 = DEFINITIONAL_REPRESENTATION('',(#5185),#5188);
#5185 = B_SPLINE_CURVE_WITH_KNOTS('',1,(#5186,#5187),.UNSPECIFIED.,.F.,
  .F.,(2,2),(0.,0.141421356237),.PIECEWISE_BEZIER_KNOTS.);
#5186 = CARTESIAN_POINT('',(6.28318530718,0.));
#5187 = CARTESIAN_POINT('',(6.28318530718,-0.1));
#5188 = ( GEOMETRIC_REPRESENTATION_CONTEXT(2) 
PARAMETRIC_REPRESENTATION_CONTEXT() REPRESENTATION_CONTEXT('2D SPACE',''
  ) );
#5189 = PCURVE('',#5078,#5190);
#5190 = DEFINITIONAL_REPRESENTATION('',(#5191),#5194);
#5191 = B_SPLINE_CURVE_WITH_KNOTS('',1,(#5192,#5193),.UNSPECIFIED.,.F.,
  .F.,(2,2),(0.,0.141421356237),.PIECEWISE_BEZIER_KNOTS.);
#5192 = CARTESIAN_POINT('',(4.138911435803E-13,0.));
#5193 = CARTESIAN_POINT('',(4.138911435803E-13,-0.1));
#5194 = ( GEOMETRIC_REPRESENTATION_CONTEXT(2) 
PARAMETRIC_REPRESENTATION_CONTEXT() REPRESENTATION_CONTEXT('2D SPACE',''
  ) );
#5195 = ORIENTED_EDGE('',*,*,#5063,.F.);
#5196 = ORIENTED_EDGE('',*,*,#5177,.T.);
#5197 = ADVANCED_FACE('',(#5198),#5133,.T.);
#5198 = FACE_BOUND('',#5199,.T.);
#5199 = EDGE_LOOP('',(#5200));
#5200 = ORIENTED_EDGE('',*,*,#5118,.T.);
#5201 = ADVANCED_FACE('',(#5202,#5205),#5165,.F.);
#5202 = FACE_BOUND('',#5203,.T.);
#5203 = EDGE_LOOP('',(#5204));
#5204 = ORIENTED_EDGE('',*,*,#5148,.F.);
#5205 = FACE_BOUND('',#5206,.T.);
#5206 = EDGE_LOOP('',(#5207));
#5207 = ORIENTED_EDGE('',*,*,#5208,.T.);
#5208 = EDGE_CURVE('',#5209,#5209,#5211,.T.);
#5209 = VERTEX_POINT('',#5210);
#5210 = CARTESIAN_POINT('',(-49.05,-15.5,9.));
#5211 = SURFACE_CURVE('',#5212,(#5217,#5224),.PCURVE_S1.);
#5212 = CIRCLE('',#5213,1.45);
#5213 = AXIS2_PLACEMENT_3D('',#5214,#5215,#5216);
#5214 = CARTESIAN_POINT('',(-50.5,-15.5,9.));
#5215 = DIRECTION('',(3.020039794733E-48,-4.440892098501E-16,-1.));
#5216 = DIRECTION('',(1.,4.594026308794E-16,-2.040157513503E-31));
#5217 = PCURVE('',#5165,#5218);
#5218 = DEFINITIONAL_REPRESENTATION('',(#5219),#5223);
#5219 = CIRCLE('',#5220,1.45);
#5220 = AXIS2_PLACEMENT_2D('',#5221,#5222);
#5221 = CARTESIAN_POINT('',(0.,0.));
#5222 = DIRECTION('',(1.,-9.060119381412E-47));
#5223 = ( GEOMETRIC_REPRESENTATION_CONTEXT(2) 
PARAMETRIC_REPRESENTATION_CONTEXT() REPRESENTATION_CONTEXT('2D SPACE',''
  ) );
#5224 = PCURVE('',#5225,#5230);
#5225 = CONICAL_SURFACE('',#5226,3.441688219844E-16,0.785397673205);
#5226 = AXIS2_PLACEMENT_3D('',#5227,#5228,#5229);
#5227 = CARTESIAN_POINT('',(-50.5,-15.5,7.549998578442));
#5228 = DIRECTION('',(0.,4.440892098501E-16,1.));
#5229 = DIRECTION('',(1.,7.087732770012E-16,-3.147585645463E-31));
#5230 = DEFINITIONAL_REPRESENTATION('',(#5231),#5235);
#5231 = LINE('',#5232,#5233);
#5232 = CARTESIAN_POINT('',(6.28318530718,1.450001421558));
#5233 = VECTOR('',#5234,1.);
#5234 = DIRECTION('',(-1.,0.));
#5235 = ( GEOMETRIC_REPRESENTATION_CONTEXT(2) 
PARAMETRIC_REPRESENTATION_CONTEXT() REPRESENTATION_CONTEXT('2D SPACE',''
  ) );
#5236 = ADVANCED_FACE('',(#5237),#5225,.F.);
#5237 = FACE_BOUND('',#5238,.F.);
#5238 = EDGE_LOOP('',(#5239,#5277,#5313,#5349,#5385,#5421,#5442,#5443,
    #5444));
#5239 = ORIENTED_EDGE('',*,*,#5240,.T.);
#5240 = EDGE_CURVE('',#5241,#5243,#5245,.T.);
#5241 = VERTEX_POINT('',#5242);
#5242 = CARTESIAN_POINT('',(-49.77831216351,-14.25,8.99337566648));
#5243 = VERTEX_POINT('',#5244);
#5244 = CARTESIAN_POINT('',(-51.22168783648,-14.25,8.99337566648));
#5245 = SURFACE_CURVE('',#5246,(#5251,#5265),.PCURVE_S1.);
#5246 = HYPERBOLA('',#5247,1.250001225481,1.25);
#5247 = AXIS2_PLACEMENT_3D('',#5248,#5249,#5250);
#5248 = CARTESIAN_POINT('',(-50.5,-14.25,7.549998578442));
#5249 = DIRECTION('',(0.,-1.,8.881784197001E-16));
#5250 = DIRECTION('',(0.,8.881784197001E-16,1.));
#5251 = PCURVE('',#5225,#5252);
#5252 = DEFINITIONAL_REPRESENTATION('',(#5253),#5264);
#5253 = B_SPLINE_CURVE_WITH_KNOTS('',9,(#5254,#5255,#5256,#5257,#5258,
    #5259,#5260,#5261,#5262,#5263),.UNSPECIFIED.,.F.,.F.,(10,10),(
    -0.55840221658,0.55840221658),.PIECEWISE_BEZIER_KNOTS.);
#5254 = CARTESIAN_POINT('',(1.039338088856,1.450001421558));
#5255 = CARTESIAN_POINT('',(1.14631169429,1.358814631645));
#5256 = CARTESIAN_POINT('',(1.260853407593,1.292746139179));
#5257 = CARTESIAN_POINT('',(1.381805677021,1.249764999563));
#5258 = CARTESIAN_POINT('',(1.507225448684,1.228586187654));
#5259 = CARTESIAN_POINT('',(1.634367205213,1.228586187695));
#5260 = CARTESIAN_POINT('',(1.759786976592,1.249764999548));
#5261 = CARTESIAN_POINT('',(1.88073924602,1.292746139183));
#5262 = CARTESIAN_POINT('',(1.995280959301,1.358814631645));
#5263 = CARTESIAN_POINT('',(2.102254564734,1.450001421558));
#5264 = ( GEOMETRIC_REPRESENTATION_CONTEXT(2) 
PARAMETRIC_REPRESENTATION_CONTEXT() REPRESENTATION_CONTEXT('2D SPACE',''
  ) );
#5265 = PCURVE('',#5266,#5271);
#5266 = PLANE('',#5267);
#5267 = AXIS2_PLACEMENT_3D('',#5268,#5269,#5270);
#5268 = CARTESIAN_POINT('',(-51.22168783648,-14.25,16.));
#5269 = DIRECTION('',(0.,-1.,8.881784197001E-16));
#5270 = DIRECTION('',(1.,0.,0.));
#5271 = DEFINITIONAL_REPRESENTATION('',(#5272),#5276);
#5272 = HYPERBOLA('',#5273,1.250001225481,1.25);
#5273 = AXIS2_PLACEMENT_2D('',#5274,#5275);
#5274 = CARTESIAN_POINT('',(0.721687836487,-8.450001421558));
#5275 = DIRECTION('',(0.,1.));
#5276 = ( GEOMETRIC_REPRESENTATION_CONTEXT(2) 
PARAMETRIC_REPRESENTATION_CONTEXT() REPRESENTATION_CONTEXT('2D SPACE',''
  ) );
#5277 = ORIENTED_EDGE('',*,*,#5278,.T.);
#5278 = EDGE_CURVE('',#5243,#5279,#5281,.T.);
#5279 = VERTEX_POINT('',#5280);
#5280 = CARTESIAN_POINT('',(-51.94337567297,-15.5,8.99337566648));
#5281 = SURFACE_CURVE('',#5282,(#5287,#5301),.PCURVE_S1.);
#5282 = HYPERBOLA('',#5283,1.250001225481,1.25);
#5283 = AXIS2_PLACEMENT_3D('',#5284,#5285,#5286);
#5284 = CARTESIAN_POINT('',(-51.58253175473,-14.875,7.549998578442));
#5285 = DIRECTION('',(0.866025403784,-0.5,4.440892098502E-16));
#5286 = DIRECTION('',(-1.922962686384E-16,5.551115123126E-16,1.));
#5287 = PCURVE('',#5225,#5288);
#5288 = DEFINITIONAL_REPRESENTATION('',(#5289),#5300);
#5289 = B_SPLINE_CURVE_WITH_KNOTS('',9,(#5290,#5291,#5292,#5293,#5294,
    #5295,#5296,#5297,#5298,#5299),.UNSPECIFIED.,.F.,.F.,(10,10),(
    -0.55840221658,0.55840221658),.PIECEWISE_BEZIER_KNOTS.);
#5290 = CARTESIAN_POINT('',(2.086535640053,1.450001421558));
#5291 = CARTESIAN_POINT('',(2.193509245487,1.358814631645));
#5292 = CARTESIAN_POINT('',(2.308050958801,1.292746139181));
#5293 = CARTESIAN_POINT('',(2.429003228277,1.249764999586));
#5294 = CARTESIAN_POINT('',(2.554422999728,1.228586187613));
#5295 = CARTESIAN_POINT('',(2.681564756301,1.228586187603));
#5296 = CARTESIAN_POINT('',(2.806984527702,1.249764999581));
#5297 = CARTESIAN_POINT('',(2.927936797199,1.292746139178));
#5298 = CARTESIAN_POINT('',(3.042478510497,1.358814631645));
#5299 = CARTESIAN_POINT('',(3.149452115931,1.450001421558));
#5300 = ( GEOMETRIC_REPRESENTATION_CONTEXT(2) 
PARAMETRIC_REPRESENTATION_CONTEXT() REPRESENTATION_CONTEXT('2D SPACE',''
  ) );
#5301 = PCURVE('',#5302,#5307);
#5302 = PLANE('',#5303);
#5303 = AXIS2_PLACEMENT_3D('',#5304,#5305,#5306);
#5304 = CARTESIAN_POINT('',(-51.94337567297,-15.5,16.));
#5305 = DIRECTION('',(0.866025403784,-0.5,4.440892098502E-16));
#5306 = DIRECTION('',(0.5,0.866025403784,-7.691850745537E-16));
#5307 = DEFINITIONAL_REPRESENTATION('',(#5308),#5312);
#5308 = HYPERBOLA('',#5309,1.250001225481,1.25);
#5309 = AXIS2_PLACEMENT_2D('',#5310,#5311);
#5310 = CARTESIAN_POINT('',(0.721687836487,-8.450001421558));
#5311 = DIRECTION('',(-3.845925372771E-16,1.));
#5312 = ( GEOMETRIC_REPRESENTATION_CONTEXT(2) 
PARAMETRIC_REPRESENTATION_CONTEXT() REPRESENTATION_CONTEXT('2D SPACE',''
  ) );
#5313 = ORIENTED_EDGE('',*,*,#5314,.T.);
#5314 = EDGE_CURVE('',#5279,#5315,#5317,.T.);
#5315 = VERTEX_POINT('',#5316);
#5316 = CARTESIAN_POINT('',(-51.22168783648,-16.75,8.99337566648));
#5317 = SURFACE_CURVE('',#5318,(#5323,#5337),.PCURVE_S1.);
#5318 = HYPERBOLA('',#5319,1.250001225481,1.25);
#5319 = AXIS2_PLACEMENT_3D('',#5320,#5321,#5322);
#5320 = CARTESIAN_POINT('',(-51.58253175473,-16.125,7.549998578442));
#5321 = DIRECTION('',(0.866025403784,0.5,-4.440892098502E-16));
#5322 = DIRECTION('',(1.922962686384E-16,5.551115123126E-16,1.));
#5323 = PCURVE('',#5225,#5324);
#5324 = DEFINITIONAL_REPRESENTATION('',(#5325),#5336);
#5325 = B_SPLINE_CURVE_WITH_KNOTS('',9,(#5326,#5327,#5328,#5329,#5330,
    #5331,#5332,#5333,#5334,#5335),.UNSPECIFIED.,.F.,.F.,(10,10),(
    -0.55840221658,0.55840221658),.PIECEWISE_BEZIER_KNOTS.);
#5326 = CARTESIAN_POINT('',(3.13373319125,1.450001421558));
#5327 = CARTESIAN_POINT('',(3.240706796683,1.358814631645));
#5328 = CARTESIAN_POINT('',(3.355248509956,1.292746139172));
#5329 = CARTESIAN_POINT('',(3.476200779601,1.24976499961));
#5330 = CARTESIAN_POINT('',(3.601620550686,1.228586187613));
#5331 = CARTESIAN_POINT('',(3.728762307746,1.228586187747));
#5332 = CARTESIAN_POINT('',(3.854182078834,1.24976499953));
#5333 = CARTESIAN_POINT('',(3.97513434843,1.292746139193));
#5334 = CARTESIAN_POINT('',(4.089676061694,1.358814631645));
#5335 = CARTESIAN_POINT('',(4.196649667127,1.450001421558));
#5336 = ( GEOMETRIC_REPRESENTATION_CONTEXT(2) 
PARAMETRIC_REPRESENTATION_CONTEXT() REPRESENTATION_CONTEXT('2D SPACE',''
  ) );
#5337 = PCURVE('',#5338,#5343);
#5338 = PLANE('',#5339);
#5339 = AXIS2_PLACEMENT_3D('',#5340,#5341,#5342);
#5340 = CARTESIAN_POINT('',(-51.22168783648,-16.75,16.));
#5341 = DIRECTION('',(0.866025403784,0.5,-4.440892098502E-16));
#5342 = DIRECTION('',(-0.5,0.866025403784,-7.691850745537E-16));
#5343 = DEFINITIONAL_REPRESENTATION('',(#5344),#5348);
#5344 = HYPERBOLA('',#5345,1.250001225481,1.25);
#5345 = AXIS2_PLACEMENT_2D('',#5346,#5347);
#5346 = CARTESIAN_POINT('',(0.721687836487,-8.450001421558));
#5347 = DIRECTION('',(-3.845925372771E-16,1.));
#5348 = ( GEOMETRIC_REPRESENTATION_CONTEXT(2) 
PARAMETRIC_REPRESENTATION_CONTEXT() REPRESENTATION_CONTEXT('2D SPACE',''
  ) );
#5349 = ORIENTED_EDGE('',*,*,#5350,.T.);
#5350 = EDGE_CURVE('',#5315,#5351,#5353,.T.);
#5351 = VERTEX_POINT('',#5352);
#5352 = CARTESIAN_POINT('',(-49.77831216351,-16.75,8.99337566648));
#5353 = SURFACE_CURVE('',#5354,(#5359,#5373),.PCURVE_S1.);
#5354 = HYPERBOLA('',#5355,1.250001225481,1.25);
#5355 = AXIS2_PLACEMENT_3D('',#5356,#5357,#5358);
#5356 = CARTESIAN_POINT('',(-50.5,-16.75,7.549998578442));
#5357 = DIRECTION('',(0.,1.,-8.881784197001E-16));
#5358 = DIRECTION('',(0.,8.881784197001E-16,1.));
#5359 = PCURVE('',#5225,#5360);
#5360 = DEFINITIONAL_REPRESENTATION('',(#5361),#5372);
#5361 = B_SPLINE_CURVE_WITH_KNOTS('',9,(#5362,#5363,#5364,#5365,#5366,
    #5367,#5368,#5369,#5370,#5371),.UNSPECIFIED.,.F.,.F.,(10,10),(
    -0.55840221658,0.55840221658),.PIECEWISE_BEZIER_KNOTS.);
#5362 = CARTESIAN_POINT('',(4.180930742446,1.450001421558));
#5363 = CARTESIAN_POINT('',(4.28790434788,1.358814631645));
#5364 = CARTESIAN_POINT('',(4.402446061178,1.292746139178));
#5365 = CARTESIAN_POINT('',(4.523398330671,1.249764999558));
#5366 = CARTESIAN_POINT('',(4.648818102057,1.228586187628));
#5367 = CARTESIAN_POINT('',(4.775959858805,1.228586187659));
#5368 = CARTESIAN_POINT('',(4.901379630097,1.249764999576));
#5369 = CARTESIAN_POINT('',(5.022331899598,1.292746139184));
#5370 = CARTESIAN_POINT('',(5.13687361289,1.358814631645));
#5371 = CARTESIAN_POINT('',(5.243847218324,1.450001421558));
#5372 = ( GEOMETRIC_REPRESENTATION_CONTEXT(2) 
PARAMETRIC_REPRESENTATION_CONTEXT() REPRESENTATION_CONTEXT('2D SPACE',''
  ) );
#5373 = PCURVE('',#5374,#5379);
#5374 = PLANE('',#5375);
#5375 = AXIS2_PLACEMENT_3D('',#5376,#5377,#5378);
#5376 = CARTESIAN_POINT('',(-49.77831216351,-16.75,16.));
#5377 = DIRECTION('',(-0.,1.,-8.881784197001E-16));
#5378 = DIRECTION('',(-1.,0.,0.));
#5379 = DEFINITIONAL_REPRESENTATION('',(#5380),#5384);
#5380 = HYPERBOLA('',#5381,1.250001225481,1.25);
#5381 = AXIS2_PLACEMENT_2D('',#5382,#5383);
#5382 = CARTESIAN_POINT('',(0.721687836487,-8.450001421558));
#5383 = DIRECTION('',(0.,1.));
#5384 = ( GEOMETRIC_REPRESENTATION_CONTEXT(2) 
PARAMETRIC_REPRESENTATION_CONTEXT() REPRESENTATION_CONTEXT('2D SPACE',''
  ) );
#5385 = ORIENTED_EDGE('',*,*,#5386,.T.);
#5386 = EDGE_CURVE('',#5351,#5387,#5389,.T.);
#5387 = VERTEX_POINT('',#5388);
#5388 = CARTESIAN_POINT('',(-49.05662432702,-15.5,8.99337566648));
#5389 = SURFACE_CURVE('',#5390,(#5395,#5409),.PCURVE_S1.);
#5390 = HYPERBOLA('',#5391,1.250001225481,1.25);
#5391 = AXIS2_PLACEMENT_3D('',#5392,#5393,#5394);
#5392 = CARTESIAN_POINT('',(-49.41746824526,-16.125,7.549998578442));
#5393 = DIRECTION('',(-0.866025403784,0.5,-4.440892098502E-16));
#5394 = DIRECTION('',(-1.922962686384E-16,5.551115123126E-16,1.));
#5395 = PCURVE('',#5225,#5396);
#5396 = DEFINITIONAL_REPRESENTATION('',(#5397),#5408);
#5397 = B_SPLINE_CURVE_WITH_KNOTS('',9,(#5398,#5399,#5400,#5401,#5402,
    #5403,#5404,#5405,#5406,#5407),.UNSPECIFIED.,.F.,.F.,(10,10),(
    -0.55840221658,0.549306144334),.PIECEWISE_BEZIER_KNOTS.);
#5398 = CARTESIAN_POINT('',(5.228128293643,1.450001421558));
#5399 = CARTESIAN_POINT('',(5.334230627788,1.35955732356));
#5400 = CARTESIAN_POINT('',(5.44777828577,1.29382402573));
#5401 = CARTESIAN_POINT('',(5.567641818774,1.250819804702));
#5402 = CARTESIAN_POINT('',(5.691931317997,1.229284851298));
#5403 = CARTESIAN_POINT('',(5.817980988224,1.228600240075));
#5404 = CARTESIAN_POINT('',(5.942446370592,1.248751099319));
#5405 = CARTESIAN_POINT('',(6.062627441059,1.290326010706));
#5406 = CARTESIAN_POINT('',(6.176596019727,1.354552594967));
#5407 = CARTESIAN_POINT('',(6.28318530718,1.443377088038));
#5408 = ( GEOMETRIC_REPRESENTATION_CONTEXT(2) 
PARAMETRIC_REPRESENTATION_CONTEXT() REPRESENTATION_CONTEXT('2D SPACE',''
  ) );
#5409 = PCURVE('',#5410,#5415);
#5410 = PLANE('',#5411);
#5411 = AXIS2_PLACEMENT_3D('',#5412,#5413,#5414);
#5412 = CARTESIAN_POINT('',(-49.05662432702,-15.5,16.));
#5413 = DIRECTION('',(-0.866025403784,0.5,-4.440892098502E-16));
#5414 = DIRECTION('',(-0.5,-0.866025403784,7.691850745537E-16));
#5415 = DEFINITIONAL_REPRESENTATION('',(#5416),#5420);
#5416 = HYPERBOLA('',#5417,1.250001225481,1.25);
#5417 = AXIS2_PLACEMENT_2D('',#5418,#5419);
#5418 = CARTESIAN_POINT('',(0.721687836487,-8.450001421558));
#5419 = DIRECTION('',(3.845925372771E-16,1.));
#5420 = ( GEOMETRIC_REPRESENTATION_CONTEXT(2) 
PARAMETRIC_REPRESENTATION_CONTEXT() REPRESENTATION_CONTEXT('2D SPACE',''
  ) );
#5421 = ORIENTED_EDGE('',*,*,#5422,.T.);
#5422 = EDGE_CURVE('',#5387,#5209,#5423,.T.);
#5423 = SEAM_CURVE('',#5424,(#5428,#5435),.PCURVE_S1.);
#5424 = LINE('',#5425,#5426);
#5425 = CARTESIAN_POINT('',(-50.5,-15.5,7.549998578442));
#5426 = VECTOR('',#5427,1.);
#5427 = DIRECTION('',(0.707106434568,4.710279684993E-16,0.707107127805)
  );
#5428 = PCURVE('',#5225,#5429);
#5429 = DEFINITIONAL_REPRESENTATION('',(#5430),#5434);
#5430 = LINE('',#5431,#5432);
#5431 = CARTESIAN_POINT('',(6.28318530718,0.));
#5432 = VECTOR('',#5433,1.);
#5433 = DIRECTION('',(-0.,1.));
#5434 = ( GEOMETRIC_REPRESENTATION_CONTEXT(2) 
PARAMETRIC_REPRESENTATION_CONTEXT() REPRESENTATION_CONTEXT('2D SPACE',''
  ) );
#5435 = PCURVE('',#5225,#5436);
#5436 = DEFINITIONAL_REPRESENTATION('',(#5437),#5441);
#5437 = LINE('',#5438,#5439);
#5438 = CARTESIAN_POINT('',(-4.138911435803E-13,0.));
#5439 = VECTOR('',#5440,1.);
#5440 = DIRECTION('',(-0.,1.));
#5441 = ( GEOMETRIC_REPRESENTATION_CONTEXT(2) 
PARAMETRIC_REPRESENTATION_CONTEXT() REPRESENTATION_CONTEXT('2D SPACE',''
  ) );
#5442 = ORIENTED_EDGE('',*,*,#5208,.T.);
#5443 = ORIENTED_EDGE('',*,*,#5422,.F.);
#5444 = ORIENTED_EDGE('',*,*,#5445,.T.);
#5445 = EDGE_CURVE('',#5387,#5241,#5446,.T.);
#5446 = SURFACE_CURVE('',#5447,(#5452,#5466),.PCURVE_S1.);
#5447 = HYPERBOLA('',#5448,1.250001225481,1.25);
#5448 = AXIS2_PLACEMENT_3D('',#5449,#5450,#5451);
#5449 = CARTESIAN_POINT('',(-49.41746824526,-14.875,7.549998578442));
#5450 = DIRECTION('',(-0.866025403784,-0.5,4.440892098502E-16));
#5451 = DIRECTION('',(1.922962686384E-16,5.551115123126E-16,1.));
#5452 = PCURVE('',#5225,#5453);
#5453 = DEFINITIONAL_REPRESENTATION('',(#5454),#5465);
#5454 = B_SPLINE_CURVE_WITH_KNOTS('',9,(#5455,#5456,#5457,#5458,#5459,
    #5460,#5461,#5462,#5463,#5464),.UNSPECIFIED.,.F.,.F.,(10,10),(
    -0.549306144334,0.55840221658),.PIECEWISE_BEZIER_KNOTS.);
#5455 = CARTESIAN_POINT('',(-4.138911435803E-13,1.443377088038));
#5456 = CARTESIAN_POINT('',(0.106589287454,1.354552594967));
#5457 = CARTESIAN_POINT('',(0.22055786611,1.290326010721));
#5458 = CARTESIAN_POINT('',(0.340738936702,1.248751099214));
#5459 = CARTESIAN_POINT('',(0.465204318763,1.22860024028));
#5460 = CARTESIAN_POINT('',(0.591253989358,1.229284851185));
#5461 = CARTESIAN_POINT('',(0.715543488371,1.250819804797));
#5462 = CARTESIAN_POINT('',(0.835407021448,1.293824025712));
#5463 = CARTESIAN_POINT('',(0.948954679392,1.35955732356));
#5464 = CARTESIAN_POINT('',(1.055057013538,1.450001421558));
#5465 = ( GEOMETRIC_REPRESENTATION_CONTEXT(2) 
PARAMETRIC_REPRESENTATION_CONTEXT() REPRESENTATION_CONTEXT('2D SPACE',''
  ) );
#5466 = PCURVE('',#5467,#5472);
#5467 = PLANE('',#5468);
#5468 = AXIS2_PLACEMENT_3D('',#5469,#5470,#5471);
#5469 = CARTESIAN_POINT('',(-49.77831216351,-14.25,16.));
#5470 = DIRECTION('',(-0.866025403784,-0.5,4.440892098502E-16));
#5471 = DIRECTION('',(0.5,-0.866025403784,7.691850745537E-16));
#5472 = DEFINITIONAL_REPRESENTATION('',(#5473),#5477);
#5473 = HYPERBOLA('',#5474,1.250001225481,1.25);
#5474 = AXIS2_PLACEMENT_2D('',#5475,#5476);
#5475 = CARTESIAN_POINT('',(0.721687836487,-8.450001421558));
#5476 = DIRECTION('',(3.845925372771E-16,1.));
#5477 = ( GEOMETRIC_REPRESENTATION_CONTEXT(2) 
PARAMETRIC_REPRESENTATION_CONTEXT() REPRESENTATION_CONTEXT('2D SPACE',''
  ) );
#5478 = ADVANCED_FACE('',(#5479),#5467,.T.);
#5479 = FACE_BOUND('',#5480,.T.);
#5480 = EDGE_LOOP('',(#5481,#5482,#5505,#5541));
#5481 = ORIENTED_EDGE('',*,*,#5445,.T.);
#5482 = ORIENTED_EDGE('',*,*,#5483,.T.);
#5483 = EDGE_CURVE('',#5241,#5484,#5486,.T.);
#5484 = VERTEX_POINT('',#5485);
#5485 = CARTESIAN_POINT('',(-49.77831216351,-14.25,6.824426932662));
#5486 = SURFACE_CURVE('',#5487,(#5491,#5498),.PCURVE_S1.);
#5487 = LINE('',#5488,#5489);
#5488 = CARTESIAN_POINT('',(-49.77831216351,-14.25,16.));
#5489 = VECTOR('',#5490,1.);
#5490 = DIRECTION('',(0.,-8.881784197001E-16,-1.));
#5491 = PCURVE('',#5467,#5492);
#5492 = DEFINITIONAL_REPRESENTATION('',(#5493),#5497);
#5493 = LINE('',#5494,#5495);
#5494 = CARTESIAN_POINT('',(0.,0.));
#5495 = VECTOR('',#5496,1.);
#5496 = DIRECTION('',(-3.855557674268E-28,-1.));
#5497 = ( GEOMETRIC_REPRESENTATION_CONTEXT(2) 
PARAMETRIC_REPRESENTATION_CONTEXT() REPRESENTATION_CONTEXT('2D SPACE',''
  ) );
#5498 = PCURVE('',#5266,#5499);
#5499 = DEFINITIONAL_REPRESENTATION('',(#5500),#5504);
#5500 = LINE('',#5501,#5502);
#5501 = CARTESIAN_POINT('',(1.443375672974,0.));
#5502 = VECTOR('',#5503,1.);
#5503 = DIRECTION('',(0.,-1.));
#5504 = ( GEOMETRIC_REPRESENTATION_CONTEXT(2) 
PARAMETRIC_REPRESENTATION_CONTEXT() REPRESENTATION_CONTEXT('2D SPACE',''
  ) );
#5505 = ORIENTED_EDGE('',*,*,#5506,.F.);
#5506 = EDGE_CURVE('',#5507,#5484,#5509,.T.);
#5507 = VERTEX_POINT('',#5508);
#5508 = CARTESIAN_POINT('',(-49.05662432702,-15.5,6.824426932662));
#5509 = SURFACE_CURVE('',#5510,(#5515,#5522),.PCURVE_S1.);
#5510 = HYPERBOLA('',#5511,0.454963467216,1.25);
#5511 = AXIS2_PLACEMENT_3D('',#5512,#5513,#5514);
#5512 = CARTESIAN_POINT('',(-49.41746824526,-14.875,6.299080372125));
#5513 = DIRECTION('',(-0.866025403784,-0.5,4.440892098502E-16));
#5514 = DIRECTION('',(-4.326600975418E-29,8.881784197001E-16,1.));
#5515 = PCURVE('',#5467,#5516);
#5516 = DEFINITIONAL_REPRESENTATION('',(#5517),#5521);
#5517 = HYPERBOLA('',#5518,0.454963467216,1.25);
#5518 = AXIS2_PLACEMENT_2D('',#5519,#5520);
#5519 = CARTESIAN_POINT('',(0.721687836487,-9.700919627875));
#5520 = DIRECTION('',(3.855557674268E-28,1.));
#5521 = ( GEOMETRIC_REPRESENTATION_CONTEXT(2) 
PARAMETRIC_REPRESENTATION_CONTEXT() REPRESENTATION_CONTEXT('2D SPACE',''
  ) );
#5522 = PCURVE('',#5523,#5528);
#5523 = CONICAL_SURFACE('',#5524,6.640918306942E-17,1.22173);
#5524 = AXIS2_PLACEMENT_3D('',#5525,#5526,#5527);
#5525 = CARTESIAN_POINT('',(-50.5,-15.5,6.299080372125));
#5526 = DIRECTION('',(0.,8.881784197001E-16,1.));
#5527 = DIRECTION('',(1.,1.514889354313E-16,-1.345492032734E-31));
#5528 = DEFINITIONAL_REPRESENTATION('',(#5529),#5540);
#5529 = B_SPLINE_CURVE_WITH_KNOTS('',9,(#5530,#5531,#5532,#5533,#5534,
    #5535,#5536,#5537,#5538,#5539),.UNSPECIFIED.,.F.,.F.,(10,10),(
    -0.549306144334,0.549306144334),.PIECEWISE_BEZIER_KNOTS.);
#5530 = CARTESIAN_POINT('',(-4.138911435803E-13,0.525346560537));
#5531 = CARTESIAN_POINT('',(0.105714017311,0.493282550051));
#5532 = CARTESIAN_POINT('',(0.218686762078,0.470025018626));
#5533 = CARTESIAN_POINT('',(0.337778866987,0.454882901967));
#5534 = CARTESIAN_POINT('',(0.461119290295,0.447418203466));
#5535 = CARTESIAN_POINT('',(0.586078086357,0.447418204259));
#5536 = CARTESIAN_POINT('',(0.709418934657,0.454882901435));
#5537 = CARTESIAN_POINT('',(0.82851073268,0.470025018555));
#5538 = CARTESIAN_POINT('',(0.941483504018,0.493282549804));
#5539 = CARTESIAN_POINT('',(1.04719755172,0.525346560116));
#5540 = ( GEOMETRIC_REPRESENTATION_CONTEXT(2) 
PARAMETRIC_REPRESENTATION_CONTEXT() REPRESENTATION_CONTEXT('2D SPACE',''
  ) );
#5541 = ORIENTED_EDGE('',*,*,#5542,.F.);
#5542 = EDGE_CURVE('',#5387,#5507,#5543,.T.);
#5543 = SURFACE_CURVE('',#5544,(#5548,#5555),.PCURVE_S1.);
#5544 = LINE('',#5545,#5546);
#5545 = CARTESIAN_POINT('',(-49.05662432702,-15.5,16.));
#5546 = VECTOR('',#5547,1.);
#5547 = DIRECTION('',(0.,-8.881784197001E-16,-1.));
#5548 = PCURVE('',#5467,#5549);
#5549 = DEFINITIONAL_REPRESENTATION('',(#5550),#5554);
#5550 = LINE('',#5551,#5552);
#5551 = CARTESIAN_POINT('',(1.443375672974,-1.110223024626E-15));
#5552 = VECTOR('',#5553,1.);
#5553 = DIRECTION('',(-3.855557674268E-28,-1.));
#5554 = ( GEOMETRIC_REPRESENTATION_CONTEXT(2) 
PARAMETRIC_REPRESENTATION_CONTEXT() REPRESENTATION_CONTEXT('2D SPACE',''
  ) );
#5555 = PCURVE('',#5410,#5556);
#5556 = DEFINITIONAL_REPRESENTATION('',(#5557),#5561);
#5557 = LINE('',#5558,#5559);
#5558 = CARTESIAN_POINT('',(0.,0.));
#5559 = VECTOR('',#5560,1.);
#5560 = DIRECTION('',(-3.855557674268E-28,-1.));
#5561 = ( GEOMETRIC_REPRESENTATION_CONTEXT(2) 
PARAMETRIC_REPRESENTATION_CONTEXT() REPRESENTATION_CONTEXT('2D SPACE',''
  ) );
#5562 = ADVANCED_FACE('',(#5563),#5266,.T.);
#5563 = FACE_BOUND('',#5564,.T.);
#5564 = EDGE_LOOP('',(#5565,#5566,#5589,#5618));
#5565 = ORIENTED_EDGE('',*,*,#5240,.T.);
#5566 = ORIENTED_EDGE('',*,*,#5567,.T.);
#5567 = EDGE_CURVE('',#5243,#5568,#5570,.T.);
#5568 = VERTEX_POINT('',#5569);
#5569 = CARTESIAN_POINT('',(-51.22168783648,-14.25,6.824426932662));
#5570 = SURFACE_CURVE('',#5571,(#5575,#5582),.PCURVE_S1.);
#5571 = LINE('',#5572,#5573);
#5572 = CARTESIAN_POINT('',(-51.22168783648,-14.25,16.));
#5573 = VECTOR('',#5574,1.);
#5574 = DIRECTION('',(0.,-8.881784197001E-16,-1.));
#5575 = PCURVE('',#5266,#5576);
#5576 = DEFINITIONAL_REPRESENTATION('',(#5577),#5581);
#5577 = LINE('',#5578,#5579);
#5578 = CARTESIAN_POINT('',(0.,0.));
#5579 = VECTOR('',#5580,1.);
#5580 = DIRECTION('',(0.,-1.));
#5581 = ( GEOMETRIC_REPRESENTATION_CONTEXT(2) 
PARAMETRIC_REPRESENTATION_CONTEXT() REPRESENTATION_CONTEXT('2D SPACE',''
  ) );
#5582 = PCURVE('',#5302,#5583);
#5583 = DEFINITIONAL_REPRESENTATION('',(#5584),#5588);
#5584 = LINE('',#5585,#5586);
#5585 = CARTESIAN_POINT('',(1.443375672974,1.110223024626E-15));
#5586 = VECTOR('',#5587,1.);
#5587 = DIRECTION('',(3.855557674268E-28,-1.));
#5588 = ( GEOMETRIC_REPRESENTATION_CONTEXT(2) 
PARAMETRIC_REPRESENTATION_CONTEXT() REPRESENTATION_CONTEXT('2D SPACE',''
  ) );
#5589 = ORIENTED_EDGE('',*,*,#5590,.F.);
#5590 = EDGE_CURVE('',#5484,#5568,#5591,.T.);
#5591 = SURFACE_CURVE('',#5592,(#5597,#5604),.PCURVE_S1.);
#5592 = HYPERBOLA('',#5593,0.454963467216,1.25);
#5593 = AXIS2_PLACEMENT_3D('',#5594,#5595,#5596);
#5594 = CARTESIAN_POINT('',(-50.5,-14.25,6.299080372125));
#5595 = DIRECTION('',(0.,-1.,8.881784197001E-16));
#5596 = DIRECTION('',(0.,8.881784197001E-16,1.));
#5597 = PCURVE('',#5266,#5598);
#5598 = DEFINITIONAL_REPRESENTATION('',(#5599),#5603);
#5599 = HYPERBOLA('',#5600,0.454963467216,1.25);
#5600 = AXIS2_PLACEMENT_2D('',#5601,#5602);
#5601 = CARTESIAN_POINT('',(0.721687836487,-9.700919627875));
#5602 = DIRECTION('',(0.,1.));
#5603 = ( GEOMETRIC_REPRESENTATION_CONTEXT(2) 
PARAMETRIC_REPRESENTATION_CONTEXT() REPRESENTATION_CONTEXT('2D SPACE',''
  ) );
#5604 = PCURVE('',#5523,#5605);
#5605 = DEFINITIONAL_REPRESENTATION('',(#5606),#5617);
#5606 = B_SPLINE_CURVE_WITH_KNOTS('',9,(#5607,#5608,#5609,#5610,#5611,
    #5612,#5613,#5614,#5615,#5616),.UNSPECIFIED.,.F.,.F.,(10,10),(
    -0.646774826402,0.646774826402),.PIECEWISE_BEZIER_KNOTS.);
#5607 = CARTESIAN_POINT('',(0.964905207956,0.553486946207));
#5608 = CARTESIAN_POINT('',(1.083048682524,0.508182821976));
#5609 = CARTESIAN_POINT('',(1.212070841286,0.47574166301));
#5610 = CARTESIAN_POINT('',(1.35073639829,0.454809791019));
#5611 = CARTESIAN_POINT('',(1.496451142968,0.4445459758));
#5612 = CARTESIAN_POINT('',(1.645141510769,0.444545975797));
#5613 = CARTESIAN_POINT('',(1.790856255251,0.45480979102));
#5614 = CARTESIAN_POINT('',(1.929521812348,0.475741663012));
#5615 = CARTESIAN_POINT('',(2.058543971067,0.508182821976));
#5616 = CARTESIAN_POINT('',(2.176687445635,0.553486946207));
#5617 = ( GEOMETRIC_REPRESENTATION_CONTEXT(2) 
PARAMETRIC_REPRESENTATION_CONTEXT() REPRESENTATION_CONTEXT('2D SPACE',''
  ) );
#5618 = ORIENTED_EDGE('',*,*,#5483,.F.);
#5619 = ADVANCED_FACE('',(#5620),#5302,.T.);
#5620 = FACE_BOUND('',#5621,.T.);
#5621 = EDGE_LOOP('',(#5622,#5623,#5646,#5675));
#5622 = ORIENTED_EDGE('',*,*,#5278,.T.);
#5623 = ORIENTED_EDGE('',*,*,#5624,.T.);
#5624 = EDGE_CURVE('',#5279,#5625,#5627,.T.);
#5625 = VERTEX_POINT('',#5626);
#5626 = CARTESIAN_POINT('',(-51.94337567297,-15.5,6.824426932662));
#5627 = SURFACE_CURVE('',#5628,(#5632,#5639),.PCURVE_S1.);
#5628 = LINE('',#5629,#5630);
#5629 = CARTESIAN_POINT('',(-51.94337567297,-15.5,16.));
#5630 = VECTOR('',#5631,1.);
#5631 = DIRECTION('',(0.,-8.881784197001E-16,-1.));
#5632 = PCURVE('',#5302,#5633);
#5633 = DEFINITIONAL_REPRESENTATION('',(#5634),#5638);
#5634 = LINE('',#5635,#5636);
#5635 = CARTESIAN_POINT('',(0.,0.));
#5636 = VECTOR('',#5637,1.);
#5637 = DIRECTION('',(3.855557674268E-28,-1.));
#5638 = ( GEOMETRIC_REPRESENTATION_CONTEXT(2) 
PARAMETRIC_REPRESENTATION_CONTEXT() REPRESENTATION_CONTEXT('2D SPACE',''
  ) );
#5639 = PCURVE('',#5338,#5640);
#5640 = DEFINITIONAL_REPRESENTATION('',(#5641),#5645);
#5641 = LINE('',#5642,#5643);
#5642 = CARTESIAN_POINT('',(1.443375672974,1.110223024626E-15));
#5643 = VECTOR('',#5644,1.);
#5644 = DIRECTION('',(3.855557674268E-28,-1.));
#5645 = ( GEOMETRIC_REPRESENTATION_CONTEXT(2) 
PARAMETRIC_REPRESENTATION_CONTEXT() REPRESENTATION_CONTEXT('2D SPACE',''
  ) );
#5646 = ORIENTED_EDGE('',*,*,#5647,.F.);
#5647 = EDGE_CURVE('',#5568,#5625,#5648,.T.);
#5648 = SURFACE_CURVE('',#5649,(#5654,#5661),.PCURVE_S1.);
#5649 = HYPERBOLA('',#5650,0.454963467216,1.25);
#5650 = AXIS2_PLACEMENT_3D('',#5651,#5652,#5653);
#5651 = CARTESIAN_POINT('',(-51.58253175473,-14.875,6.299080372125));
#5652 = DIRECTION('',(0.866025403784,-0.5,4.440892098502E-16));
#5653 = DIRECTION('',(4.326600975418E-29,8.881784197001E-16,1.));
#5654 = PCURVE('',#5302,#5655);
#5655 = DEFINITIONAL_REPRESENTATION('',(#5656),#5660);
#5656 = HYPERBOLA('',#5657,0.454963467216,1.25);
#5657 = AXIS2_PLACEMENT_2D('',#5658,#5659);
#5658 = CARTESIAN_POINT('',(0.721687836487,-9.700919627875));
#5659 = DIRECTION('',(-3.855557674268E-28,1.));
#5660 = ( GEOMETRIC_REPRESENTATION_CONTEXT(2) 
PARAMETRIC_REPRESENTATION_CONTEXT() REPRESENTATION_CONTEXT('2D SPACE',''
  ) );
#5661 = PCURVE('',#5523,#5662);
#5662 = DEFINITIONAL_REPRESENTATION('',(#5663),#5674);
#5663 = B_SPLINE_CURVE_WITH_KNOTS('',9,(#5664,#5665,#5666,#5667,#5668,
    #5669,#5670,#5671,#5672,#5673),.UNSPECIFIED.,.F.,.F.,(10,10),(
    -0.646774826402,0.646774826402),.PIECEWISE_BEZIER_KNOTS.);
#5664 = CARTESIAN_POINT('',(2.012102759153,0.553486946207));
#5665 = CARTESIAN_POINT('',(2.13024623372,0.508182821976));
#5666 = CARTESIAN_POINT('',(2.259268392443,0.475741663011));
#5667 = CARTESIAN_POINT('',(2.397933949582,0.454809791026));
#5668 = CARTESIAN_POINT('',(2.54364869391,0.444545975815));
#5669 = CARTESIAN_POINT('',(2.69233906209,0.444545975782));
#5670 = CARTESIAN_POINT('',(2.838053806397,0.454809791032));
#5671 = CARTESIAN_POINT('',(2.976719363556,0.475741663009));
#5672 = CARTESIAN_POINT('',(3.105741522263,0.508182821976));
#5673 = CARTESIAN_POINT('',(3.223884996831,0.553486946207));
#5674 = ( GEOMETRIC_REPRESENTATION_CONTEXT(2) 
PARAMETRIC_REPRESENTATION_CONTEXT() REPRESENTATION_CONTEXT('2D SPACE',''
  ) );
#5675 = ORIENTED_EDGE('',*,*,#5567,.F.);
#5676 = ADVANCED_FACE('',(#5677),#5338,.T.);
#5677 = FACE_BOUND('',#5678,.T.);
#5678 = EDGE_LOOP('',(#5679,#5680,#5703,#5732));
#5679 = ORIENTED_EDGE('',*,*,#5314,.T.);
#5680 = ORIENTED_EDGE('',*,*,#5681,.T.);
#5681 = EDGE_CURVE('',#5315,#5682,#5684,.T.);
#5682 = VERTEX_POINT('',#5683);
#5683 = CARTESIAN_POINT('',(-51.22168783648,-16.75,6.824426932662));
#5684 = SURFACE_CURVE('',#5685,(#5689,#5696),.PCURVE_S1.);
#5685 = LINE('',#5686,#5687);
#5686 = CARTESIAN_POINT('',(-51.22168783648,-16.75,16.));
#5687 = VECTOR('',#5688,1.);
#5688 = DIRECTION('',(0.,-8.881784197001E-16,-1.));
#5689 = PCURVE('',#5338,#5690);
#5690 = DEFINITIONAL_REPRESENTATION('',(#5691),#5695);
#5691 = LINE('',#5692,#5693);
#5692 = CARTESIAN_POINT('',(0.,0.));
#5693 = VECTOR('',#5694,1.);
#5694 = DIRECTION('',(3.855557674268E-28,-1.));
#5695 = ( GEOMETRIC_REPRESENTATION_CONTEXT(2) 
PARAMETRIC_REPRESENTATION_CONTEXT() REPRESENTATION_CONTEXT('2D SPACE',''
  ) );
#5696 = PCURVE('',#5374,#5697);
#5697 = DEFINITIONAL_REPRESENTATION('',(#5698),#5702);
#5698 = LINE('',#5699,#5700);
#5699 = CARTESIAN_POINT('',(1.443375672974,0.));
#5700 = VECTOR('',#5701,1.);
#5701 = DIRECTION('',(-0.,-1.));
#5702 = ( GEOMETRIC_REPRESENTATION_CONTEXT(2) 
PARAMETRIC_REPRESENTATION_CONTEXT() REPRESENTATION_CONTEXT('2D SPACE',''
  ) );
#5703 = ORIENTED_EDGE('',*,*,#5704,.F.);
#5704 = EDGE_CURVE('',#5625,#5682,#5705,.T.);
#5705 = SURFACE_CURVE('',#5706,(#5711,#5718),.PCURVE_S1.);
#5706 = HYPERBOLA('',#5707,0.454963467216,1.25);
#5707 = AXIS2_PLACEMENT_3D('',#5708,#5709,#5710);
#5708 = CARTESIAN_POINT('',(-51.58253175473,-16.125,6.299080372125));
#5709 = DIRECTION('',(0.866025403784,0.5,-4.440892098502E-16));
#5710 = DIRECTION('',(-4.326600975418E-29,8.881784197001E-16,1.));
#5711 = PCURVE('',#5338,#5712);
#5712 = DEFINITIONAL_REPRESENTATION('',(#5713),#5717);
#5713 = HYPERBOLA('',#5714,0.454963467216,1.25);
#5714 = AXIS2_PLACEMENT_2D('',#5715,#5716);
#5715 = CARTESIAN_POINT('',(0.721687836487,-9.700919627875));
#5716 = DIRECTION('',(-3.855557674268E-28,1.));
#5717 = ( GEOMETRIC_REPRESENTATION_CONTEXT(2) 
PARAMETRIC_REPRESENTATION_CONTEXT() REPRESENTATION_CONTEXT('2D SPACE',''
  ) );
#5718 = PCURVE('',#5523,#5719);
#5719 = DEFINITIONAL_REPRESENTATION('',(#5720),#5731);
#5720 = B_SPLINE_CURVE_WITH_KNOTS('',9,(#5721,#5722,#5723,#5724,#5725,
    #5726,#5727,#5728,#5729,#5730),.UNSPECIFIED.,.F.,.F.,(10,10),(
    -0.646774826402,0.646774826402),.PIECEWISE_BEZIER_KNOTS.);
#5721 = CARTESIAN_POINT('',(3.059300310349,0.553486946207));
#5722 = CARTESIAN_POINT('',(3.177443784917,0.508182821976));
#5723 = CARTESIAN_POINT('',(3.306465943706,0.475741663006));
#5724 = CARTESIAN_POINT('',(3.445131500524,0.454809791048));
#5725 = CARTESIAN_POINT('',(3.590846245704,0.444545975751));
#5726 = CARTESIAN_POINT('',(3.739536612662,0.444545975849));
#5727 = CARTESIAN_POINT('',(3.885251357871,0.454809791005));
#5728 = CARTESIAN_POINT('',(4.023916914684,0.475741663017));
#5729 = CARTESIAN_POINT('',(4.15293907346,0.508182821976));
#5730 = CARTESIAN_POINT('',(4.271082548028,0.553486946207));
#5731 = ( GEOMETRIC_REPRESENTATION_CONTEXT(2) 
PARAMETRIC_REPRESENTATION_CONTEXT() REPRESENTATION_CONTEXT('2D SPACE',''
  ) );
#5732 = ORIENTED_EDGE('',*,*,#5624,.F.);
#5733 = ADVANCED_FACE('',(#5734),#5374,.T.);
#5734 = FACE_BOUND('',#5735,.T.);
#5735 = EDGE_LOOP('',(#5736,#5737,#5760,#5789));
#5736 = ORIENTED_EDGE('',*,*,#5350,.T.);
#5737 = ORIENTED_EDGE('',*,*,#5738,.T.);
#5738 = EDGE_CURVE('',#5351,#5739,#5741,.T.);
#5739 = VERTEX_POINT('',#5740);
#5740 = CARTESIAN_POINT('',(-49.77831216351,-16.75,6.824426932662));
#5741 = SURFACE_CURVE('',#5742,(#5746,#5753),.PCURVE_S1.);
#5742 = LINE('',#5743,#5744);
#5743 = CARTESIAN_POINT('',(-49.77831216351,-16.75,16.));
#5744 = VECTOR('',#5745,1.);
#5745 = DIRECTION('',(0.,-8.881784197001E-16,-1.));
#5746 = PCURVE('',#5374,#5747);
#5747 = DEFINITIONAL_REPRESENTATION('',(#5748),#5752);
#5748 = LINE('',#5749,#5750);
#5749 = CARTESIAN_POINT('',(0.,0.));
#5750 = VECTOR('',#5751,1.);
#5751 = DIRECTION('',(-0.,-1.));
#5752 = ( GEOMETRIC_REPRESENTATION_CONTEXT(2) 
PARAMETRIC_REPRESENTATION_CONTEXT() REPRESENTATION_CONTEXT('2D SPACE',''
  ) );
#5753 = PCURVE('',#5410,#5754);
#5754 = DEFINITIONAL_REPRESENTATION('',(#5755),#5759);
#5755 = LINE('',#5756,#5757);
#5756 = CARTESIAN_POINT('',(1.443375672974,-1.110223024626E-15));
#5757 = VECTOR('',#5758,1.);
#5758 = DIRECTION('',(-3.855557674268E-28,-1.));
#5759 = ( GEOMETRIC_REPRESENTATION_CONTEXT(2) 
PARAMETRIC_REPRESENTATION_CONTEXT() REPRESENTATION_CONTEXT('2D SPACE',''
  ) );
#5760 = ORIENTED_EDGE('',*,*,#5761,.F.);
#5761 = EDGE_CURVE('',#5682,#5739,#5762,.T.);
#5762 = SURFACE_CURVE('',#5763,(#5768,#5775),.PCURVE_S1.);
#5763 = HYPERBOLA('',#5764,0.454963467216,1.25);
#5764 = AXIS2_PLACEMENT_3D('',#5765,#5766,#5767);
#5765 = CARTESIAN_POINT('',(-50.5,-16.75,6.299080372125));
#5766 = DIRECTION('',(0.,1.,-8.881784197001E-16));
#5767 = DIRECTION('',(0.,8.881784197001E-16,1.));
#5768 = PCURVE('',#5374,#5769);
#5769 = DEFINITIONAL_REPRESENTATION('',(#5770),#5774);
#5770 = HYPERBOLA('',#5771,0.454963467216,1.25);
#5771 = AXIS2_PLACEMENT_2D('',#5772,#5773);
#5772 = CARTESIAN_POINT('',(0.721687836487,-9.700919627875));
#5773 = DIRECTION('',(0.,1.));
#5774 = ( GEOMETRIC_REPRESENTATION_CONTEXT(2) 
PARAMETRIC_REPRESENTATION_CONTEXT() REPRESENTATION_CONTEXT('2D SPACE',''
  ) );
#5775 = PCURVE('',#5523,#5776);
#5776 = DEFINITIONAL_REPRESENTATION('',(#5777),#5788);
#5777 = B_SPLINE_CURVE_WITH_KNOTS('',9,(#5778,#5779,#5780,#5781,#5782,
    #5783,#5784,#5785,#5786,#5787),.UNSPECIFIED.,.F.,.F.,(10,10),(
    -0.646774826402,0.646774826402),.PIECEWISE_BEZIER_KNOTS.);
#5778 = CARTESIAN_POINT('',(4.106497861546,0.553486946207));
#5779 = CARTESIAN_POINT('',(4.224641336114,0.508182821976));
#5780 = CARTESIAN_POINT('',(4.353663494862,0.47574166301));
#5781 = CARTESIAN_POINT('',(4.492329051914,0.454809791019));
#5782 = CARTESIAN_POINT('',(4.638043796538,0.4445459758));
#5783 = CARTESIAN_POINT('',(4.786734164252,0.444545975797));
#5784 = CARTESIAN_POINT('',(4.932448908872,0.45480979102));
#5785 = CARTESIAN_POINT('',(5.071114465911,0.475741663012));
#5786 = CARTESIAN_POINT('',(5.200136624657,0.508182821976));
#5787 = CARTESIAN_POINT('',(5.318280099224,0.553486946207));
#5788 = ( GEOMETRIC_REPRESENTATION_CONTEXT(2) 
PARAMETRIC_REPRESENTATION_CONTEXT() REPRESENTATION_CONTEXT('2D SPACE',''
  ) );
#5789 = ORIENTED_EDGE('',*,*,#5681,.F.);
#5790 = ADVANCED_FACE('',(#5791),#5410,.T.);
#5791 = FACE_BOUND('',#5792,.T.);
#5792 = EDGE_LOOP('',(#5793,#5794,#5795,#5824));
#5793 = ORIENTED_EDGE('',*,*,#5386,.T.);
#5794 = ORIENTED_EDGE('',*,*,#5542,.T.);
#5795 = ORIENTED_EDGE('',*,*,#5796,.F.);
#5796 = EDGE_CURVE('',#5739,#5507,#5797,.T.);
#5797 = SURFACE_CURVE('',#5798,(#5803,#5810),.PCURVE_S1.);
#5798 = HYPERBOLA('',#5799,0.454963467216,1.25);
#5799 = AXIS2_PLACEMENT_3D('',#5800,#5801,#5802);
#5800 = CARTESIAN_POINT('',(-49.41746824526,-16.125,6.299080372125));
#5801 = DIRECTION('',(-0.866025403784,0.5,-4.440892098502E-16));
#5802 = DIRECTION('',(4.326600975418E-29,8.881784197001E-16,1.));
#5803 = PCURVE('',#5410,#5804);
#5804 = DEFINITIONAL_REPRESENTATION('',(#5805),#5809);
#5805 = HYPERBOLA('',#5806,0.454963467216,1.25);
#5806 = AXIS2_PLACEMENT_2D('',#5807,#5808);
#5807 = CARTESIAN_POINT('',(0.721687836487,-9.700919627875));
#5808 = DIRECTION('',(3.855557674268E-28,1.));
#5809 = ( GEOMETRIC_REPRESENTATION_CONTEXT(2) 
PARAMETRIC_REPRESENTATION_CONTEXT() REPRESENTATION_CONTEXT('2D SPACE',''
  ) );
#5810 = PCURVE('',#5523,#5811);
#5811 = DEFINITIONAL_REPRESENTATION('',(#5812),#5823);
#5812 = B_SPLINE_CURVE_WITH_KNOTS('',9,(#5813,#5814,#5815,#5816,#5817,
    #5818,#5819,#5820,#5821,#5822),.UNSPECIFIED.,.F.,.F.,(10,10),(
    -0.549306144334,0.549306144334),.PIECEWISE_BEZIER_KNOTS.);
#5813 = CARTESIAN_POINT('',(5.235987755461,0.525346560117));
#5814 = CARTESIAN_POINT('',(5.341701803171,0.493282549805));
#5815 = CARTESIAN_POINT('',(5.454674574529,0.470025018557));
#5816 = CARTESIAN_POINT('',(5.573766372589,0.454882901438));
#5817 = CARTESIAN_POINT('',(5.697107220945,0.44741820425));
#5818 = CARTESIAN_POINT('',(5.822066016855,0.447418203479));
#5819 = CARTESIAN_POINT('',(5.94540644017,0.454882901961));
#5820 = CARTESIAN_POINT('',(6.064498545092,0.470025018627));
#5821 = CARTESIAN_POINT('',(6.177471289869,0.493282550051));
#5822 = CARTESIAN_POINT('',(6.28318530718,0.525346560537));
#5823 = ( GEOMETRIC_REPRESENTATION_CONTEXT(2) 
PARAMETRIC_REPRESENTATION_CONTEXT() REPRESENTATION_CONTEXT('2D SPACE',''
  ) );
#5824 = ORIENTED_EDGE('',*,*,#5738,.F.);
#5825 = ADVANCED_FACE('',(#5826),#5523,.F.);
#5826 = FACE_BOUND('',#5827,.F.);
#5827 = EDGE_LOOP('',(#5828,#5829,#5830,#5831,#5832,#5833,#5834,#5857));
#5828 = ORIENTED_EDGE('',*,*,#5796,.F.);
#5829 = ORIENTED_EDGE('',*,*,#5761,.F.);
#5830 = ORIENTED_EDGE('',*,*,#5704,.F.);
#5831 = ORIENTED_EDGE('',*,*,#5647,.F.);
#5832 = ORIENTED_EDGE('',*,*,#5590,.F.);
#5833 = ORIENTED_EDGE('',*,*,#5506,.F.);
#5834 = ORIENTED_EDGE('',*,*,#5835,.F.);
#5835 = EDGE_CURVE('',#5836,#5507,#5838,.T.);
#5836 = VERTEX_POINT('',#5837);
#5837 = CARTESIAN_POINT('',(-50.5,-15.5,6.299080372125));
#5838 = SEAM_CURVE('',#5839,(#5843,#5850),.PCURVE_S1.);
#5839 = LINE('',#5840,#5841);
#5840 = CARTESIAN_POINT('',(-50.5,-15.5,6.299080372125));
#5841 = VECTOR('',#5842,1.);
#5842 = DIRECTION('',(0.939692457849,3.797191350146E-16,0.342020590991)
  );
#5843 = PCURVE('',#5523,#5844);
#5844 = DEFINITIONAL_REPRESENTATION('',(#5845),#5849);
#5845 = LINE('',#5846,#5847);
#5846 = CARTESIAN_POINT('',(0.,0.));
#5847 = VECTOR('',#5848,1.);
#5848 = DIRECTION('',(-0.,1.));
#5849 = ( GEOMETRIC_REPRESENTATION_CONTEXT(2) 
PARAMETRIC_REPRESENTATION_CONTEXT() REPRESENTATION_CONTEXT('2D SPACE',''
  ) );
#5850 = PCURVE('',#5523,#5851);
#5851 = DEFINITIONAL_REPRESENTATION('',(#5852),#5856);
#5852 = LINE('',#5853,#5854);
#5853 = CARTESIAN_POINT('',(6.283185307179,0.));
#5854 = VECTOR('',#5855,1.);
#5855 = DIRECTION('',(-0.,1.));
#5856 = ( GEOMETRIC_REPRESENTATION_CONTEXT(2) 
PARAMETRIC_REPRESENTATION_CONTEXT() REPRESENTATION_CONTEXT('2D SPACE',''
  ) );
#5857 = ORIENTED_EDGE('',*,*,#5835,.T.);
#5858 = ( GEOMETRIC_REPRESENTATION_CONTEXT(3) 
GLOBAL_UNCERTAINTY_ASSIGNED_CONTEXT((#5862)) 
GLOBAL_UNIT_ASSIGNED_CONTEXT((#5859,#5860,#5861)) REPRESENTATION_CONTEXT
('Context #1','3D Context with UNIT and UNCERTAINTY') );
#5859 = ( LENGTH_UNIT() NAMED_UNIT(*) SI_UNIT(.MILLI.,.METRE.) );
#5860 = ( NAMED_UNIT(*) PLANE_ANGLE_UNIT() SI_UNIT($,.RADIAN.) );
#5861 = ( NAMED_UNIT(*) SI_UNIT($,.STERADIAN.) SOLID_ANGLE_UNIT() );
#5862 = UNCERTAINTY_MEASURE_WITH_UNIT(LENGTH_MEASURE(1.E-07),#5859,
  'distance_accuracy_value','confusion accuracy');
#5863 = CONTEXT_DEPENDENT_SHAPE_REPRESENTATION(#5864,#5866);
#5864 = ( REPRESENTATION_RELATIONSHIP('','',#4857,#10) 
REPRESENTATION_RELATIONSHIP_WITH_TRANSFORMATION(#5865) 
SHAPE_REPRESENTATION_RELATIONSHIP() );
#5865 = ITEM_DEFINED_TRANSFORMATION('','',#11,#75);
#5866 = PRODUCT_DEFINITION_SHAPE('Placement','Placement of an item',
  #5867);
#5867 = NEXT_ASSEMBLY_USAGE_OCCURRENCE('16',
  'source_locked_motor_m3x10_fastener_1','',#5,#4852,$);
#5868 = PRODUCT_RELATED_PRODUCT_CATEGORY('part',$,(#4854));
#5869 = SHAPE_DEFINITION_REPRESENTATION(#5870,#5876);
#5870 = PRODUCT_DEFINITION_SHAPE('','',#5871);
#5871 = PRODUCT_DEFINITION('design','',#5872,#5875);
#5872 = PRODUCT_DEFINITION_FORMATION('','',#5873);
#5873 = PRODUCT('source_locked_motor_m3x10_fastener_2',
  'source_locked_motor_m3x10_fastener_2','',(#5874));
#5874 = PRODUCT_CONTEXT('',#2,'mechanical');
#5875 = PRODUCT_DEFINITION_CONTEXT('part definition',#2,'design');
#5876 = ADVANCED_BREP_SHAPE_REPRESENTATION('',(#11,#5877),#6877);
#5877 = MANIFOLD_SOLID_BREP('',#5878);
#5878 = CLOSED_SHELL('',(#5879,#5947,#6000,#6055,#6110,#6163,#6216,#6220
    ,#6255,#6497,#6581,#6638,#6695,#6752,#6809,#6844));
#5879 = ADVANCED_FACE('',(#5880,#5916),#5893,.T.);
#5880 = FACE_BOUND('',#5881,.T.);
#5881 = EDGE_LOOP('',(#5882));
#5882 = ORIENTED_EDGE('',*,*,#5883,.T.);
#5883 = EDGE_CURVE('',#5884,#5884,#5886,.T.);
#5884 = VERTEX_POINT('',#5885);
#5885 = CARTESIAN_POINT('',(-16.85,-15.5,6.));
#5886 = SURFACE_CURVE('',#5887,(#5892,#5904),.PCURVE_S1.);
#5887 = CIRCLE('',#5888,2.65);
#5888 = AXIS2_PLACEMENT_3D('',#5889,#5890,#5891);
#5889 = CARTESIAN_POINT('',(-19.5,-15.5,6.));
#5890 = DIRECTION('',(-1.325926550505E-63,-4.440892098501E-16,-1.));
#5891 = DIRECTION('',(1.,-7.171462774736E-32,3.184769237102E-47));
#5892 = PCURVE('',#5893,#5898);
#5893 = PLANE('',#5894);
#5894 = AXIS2_PLACEMENT_3D('',#5895,#5896,#5897);
#5895 = CARTESIAN_POINT('',(-19.5,-15.5,6.));
#5896 = DIRECTION('',(0.,-4.440892098501E-16,-1.));
#5897 = DIRECTION('',(1.,0.,0.));
#5898 = DEFINITIONAL_REPRESENTATION('',(#5899),#5903);
#5899 = CIRCLE('',#5900,2.65);
#5900 = AXIS2_PLACEMENT_2D('',#5901,#5902);
#5901 = CARTESIAN_POINT('',(0.,0.));
#5902 = DIRECTION('',(1.,7.171462774736E-32));
#5903 = ( GEOMETRIC_REPRESENTATION_CONTEXT(2) 
PARAMETRIC_REPRESENTATION_CONTEXT() REPRESENTATION_CONTEXT('2D SPACE',''
  ) );
#5904 = PCURVE('',#5905,#5910);
#5905 = CONICAL_SURFACE('',#5906,2.75,0.785398163397);
#5906 = AXIS2_PLACEMENT_3D('',#5907,#5908,#5909);
#5907 = CARTESIAN_POINT('',(-19.5,-15.5,6.1));
#5908 = DIRECTION('',(0.,4.440892098501E-16,1.));
#5909 = DIRECTION('',(1.,-7.171462774736E-32,3.184769237102E-47));
#5910 = DEFINITIONAL_REPRESENTATION('',(#5911),#5915);
#5911 = LINE('',#5912,#5913);
#5912 = CARTESIAN_POINT('',(6.28318530718,-0.1));
#5913 = VECTOR('',#5914,1.);
#5914 = DIRECTION('',(-1.,0.));
#5915 = ( GEOMETRIC_REPRESENTATION_CONTEXT(2) 
PARAMETRIC_REPRESENTATION_CONTEXT() REPRESENTATION_CONTEXT('2D SPACE',''
  ) );
#5916 = FACE_BOUND('',#5917,.T.);
#5917 = EDGE_LOOP('',(#5918));
#5918 = ORIENTED_EDGE('',*,*,#5919,.F.);
#5919 = EDGE_CURVE('',#5920,#5920,#5922,.T.);
#5920 = VERTEX_POINT('',#5921);
#5921 = CARTESIAN_POINT('',(-18.,-15.5,6.));
#5922 = SURFACE_CURVE('',#5923,(#5928,#5935),.PCURVE_S1.);
#5923 = CIRCLE('',#5924,1.5);
#5924 = AXIS2_PLACEMENT_3D('',#5925,#5926,#5927);
#5925 = CARTESIAN_POINT('',(-19.5,-15.5,6.));
#5926 = DIRECTION('',(0.,-4.440892098501E-16,-1.));
#5927 = DIRECTION('',(1.,0.,0.));
#5928 = PCURVE('',#5893,#5929);
#5929 = DEFINITIONAL_REPRESENTATION('',(#5930),#5934);
#5930 = CIRCLE('',#5931,1.5);
#5931 = AXIS2_PLACEMENT_2D('',#5932,#5933);
#5932 = CARTESIAN_POINT('',(0.,0.));
#5933 = DIRECTION('',(1.,0.));
#5934 = ( GEOMETRIC_REPRESENTATION_CONTEXT(2) 
PARAMETRIC_REPRESENTATION_CONTEXT() REPRESENTATION_CONTEXT('2D SPACE',''
  ) );
#5935 = PCURVE('',#5936,#5941);
#5936 = CYLINDRICAL_SURFACE('',#5937,1.5);
#5937 = AXIS2_PLACEMENT_3D('',#5938,#5939,#5940);
#5938 = CARTESIAN_POINT('',(-19.5,-15.5,6.));
#5939 = DIRECTION('',(0.,-4.440892098501E-16,-1.));
#5940 = DIRECTION('',(1.,0.,0.));
#5941 = DEFINITIONAL_REPRESENTATION('',(#5942),#5946);
#5942 = LINE('',#5943,#5944);
#5943 = CARTESIAN_POINT('',(0.,0.));
#5944 = VECTOR('',#5945,1.);
#5945 = DIRECTION('',(1.,0.));
#5946 = ( GEOMETRIC_REPRESENTATION_CONTEXT(2) 
PARAMETRIC_REPRESENTATION_CONTEXT() REPRESENTATION_CONTEXT('2D SPACE',''
  ) );
#5947 = ADVANCED_FACE('',(#5948),#5905,.T.);
#5948 = FACE_BOUND('',#5949,.T.);
#5949 = EDGE_LOOP('',(#5950,#5979,#5998,#5999));
#5950 = ORIENTED_EDGE('',*,*,#5951,.T.);
#5951 = EDGE_CURVE('',#5952,#5952,#5954,.T.);
#5952 = VERTEX_POINT('',#5953);
#5953 = CARTESIAN_POINT('',(-16.75,-15.5,6.1));
#5954 = SURFACE_CURVE('',#5955,(#5960,#5967),.PCURVE_S1.);
#5955 = CIRCLE('',#5956,2.75);
#5956 = AXIS2_PLACEMENT_3D('',#5957,#5958,#5959);
#5957 = CARTESIAN_POINT('',(-19.5,-15.5,6.1));
#5958 = DIRECTION('',(-1.325926550505E-63,-4.440892098501E-16,-1.));
#5959 = DIRECTION('',(1.,-7.171462774736E-32,3.184769237102E-47));
#5960 = PCURVE('',#5905,#5961);
#5961 = DEFINITIONAL_REPRESENTATION('',(#5962),#5966);
#5962 = LINE('',#5963,#5964);
#5963 = CARTESIAN_POINT('',(6.28318530718,0.));
#5964 = VECTOR('',#5965,1.);
#5965 = DIRECTION('',(-1.,0.));
#5966 = ( GEOMETRIC_REPRESENTATION_CONTEXT(2) 
PARAMETRIC_REPRESENTATION_CONTEXT() REPRESENTATION_CONTEXT('2D SPACE',''
  ) );
#5967 = PCURVE('',#5968,#5973);
#5968 = CYLINDRICAL_SURFACE('',#5969,2.75);
#5969 = AXIS2_PLACEMENT_3D('',#5970,#5971,#5972);
#5970 = CARTESIAN_POINT('',(-19.5,-15.5,9.));
#5971 = DIRECTION('',(0.,-4.440892098501E-16,-1.));
#5972 = DIRECTION('',(1.,2.422304781E-16,-1.07571941621E-31));
#5973 = DEFINITIONAL_REPRESENTATION('',(#5974),#5978);
#5974 = LINE('',#5975,#5976);
#5975 = CARTESIAN_POINT('',(2.422304781E-16,2.9));
#5976 = VECTOR('',#5977,1.);
#5977 = DIRECTION('',(1.,0.));
#5978 = ( GEOMETRIC_REPRESENTATION_CONTEXT(2) 
PARAMETRIC_REPRESENTATION_CONTEXT() REPRESENTATION_CONTEXT('2D SPACE',''
  ) );
#5979 = ORIENTED_EDGE('',*,*,#5980,.F.);
#5980 = EDGE_CURVE('',#5884,#5952,#5981,.T.);
#5981 = SEAM_CURVE('',#5982,(#5986,#5992),.PCURVE_S1.);
#5982 = LINE('',#5983,#5984);
#5983 = CARTESIAN_POINT('',(-16.75,-15.5,6.1));
#5984 = VECTOR('',#5985,1.);
#5985 = DIRECTION('',(0.707106781187,4.85301305411E-16,0.707106781187));
#5986 = PCURVE('',#5905,#5987);
#5987 = DEFINITIONAL_REPRESENTATION('',(#5988),#5991);
#5988 = B_SPLINE_CURVE_WITH_KNOTS('',1,(#5989,#5990),.UNSPECIFIED.,.F.,
  .F.,(2,2),(-0.141421356237,0.),.PIECEWISE_BEZIER_KNOTS.);
#5989 = CARTESIAN_POINT('',(0.,-0.1));
#5990 = CARTESIAN_POINT('',(0.,0.));
#5991 = ( GEOMETRIC_REPRESENTATION_CONTEXT(2) 
PARAMETRIC_REPRESENTATION_CONTEXT() REPRESENTATION_CONTEXT('2D SPACE',''
  ) );
#5992 = PCURVE('',#5905,#5993);
#5993 = DEFINITIONAL_REPRESENTATION('',(#5994),#5997);
#5994 = B_SPLINE_CURVE_WITH_KNOTS('',1,(#5995,#5996),.UNSPECIFIED.,.F.,
  .F.,(2,2),(-0.141421356237,0.),.PIECEWISE_BEZIER_KNOTS.);
#5995 = CARTESIAN_POINT('',(6.283185307179,-0.1));
#5996 = CARTESIAN_POINT('',(6.283185307179,0.));
#5997 = ( GEOMETRIC_REPRESENTATION_CONTEXT(2) 
PARAMETRIC_REPRESENTATION_CONTEXT() REPRESENTATION_CONTEXT('2D SPACE',''
  ) );
#5998 = ORIENTED_EDGE('',*,*,#5883,.F.);
#5999 = ORIENTED_EDGE('',*,*,#5980,.T.);
#6000 = ADVANCED_FACE('',(#6001),#5936,.T.);
#6001 = FACE_BOUND('',#6002,.T.);
#6002 = EDGE_LOOP('',(#6003,#6026,#6027,#6028));
#6003 = ORIENTED_EDGE('',*,*,#6004,.F.);
#6004 = EDGE_CURVE('',#5920,#6005,#6007,.T.);
#6005 = VERTEX_POINT('',#6006);
#6006 = CARTESIAN_POINT('',(-18.,-15.5,-3.6));
#6007 = SEAM_CURVE('',#6008,(#6012,#6019),.PCURVE_S1.);
#6008 = LINE('',#6009,#6010);
#6009 = CARTESIAN_POINT('',(-18.,-15.5,6.));
#6010 = VECTOR('',#6011,1.);
#6011 = DIRECTION('',(0.,-6.661338147751E-16,-1.));
#6012 = PCURVE('',#5936,#6013);
#6013 = DEFINITIONAL_REPRESENTATION('',(#6014),#6018);
#6014 = LINE('',#6015,#6016);
#6015 = CARTESIAN_POINT('',(0.,0.));
#6016 = VECTOR('',#6017,1.);
#6017 = DIRECTION('',(0.,1.));
#6018 = ( GEOMETRIC_REPRESENTATION_CONTEXT(2) 
PARAMETRIC_REPRESENTATION_CONTEXT() REPRESENTATION_CONTEXT('2D SPACE',''
  ) );
#6019 = PCURVE('',#5936,#6020);
#6020 = DEFINITIONAL_REPRESENTATION('',(#6021),#6025);
#6021 = LINE('',#6022,#6023);
#6022 = CARTESIAN_POINT('',(6.28318530718,0.));
#6023 = VECTOR('',#6024,1.);
#6024 = DIRECTION('',(0.,1.));
#6025 = ( GEOMETRIC_REPRESENTATION_CONTEXT(2) 
PARAMETRIC_REPRESENTATION_CONTEXT() REPRESENTATION_CONTEXT('2D SPACE',''
  ) );
#6026 = ORIENTED_EDGE('',*,*,#5919,.T.);
#6027 = ORIENTED_EDGE('',*,*,#6004,.T.);
#6028 = ORIENTED_EDGE('',*,*,#6029,.F.);
#6029 = EDGE_CURVE('',#6005,#6005,#6030,.T.);
#6030 = SURFACE_CURVE('',#6031,(#6036,#6043),.PCURVE_S1.);
#6031 = CIRCLE('',#6032,1.5);
#6032 = AXIS2_PLACEMENT_3D('',#6033,#6034,#6035);
#6033 = CARTESIAN_POINT('',(-19.5,-15.5,-3.6));
#6034 = DIRECTION('',(1.167748720224E-46,-4.440892098501E-16,-1.));
#6035 = DIRECTION('',(1.,-1.480297366167E-15,6.573840876843E-31));
#6036 = PCURVE('',#5936,#6037);
#6037 = DEFINITIONAL_REPRESENTATION('',(#6038),#6042);
#6038 = LINE('',#6039,#6040);
#6039 = CARTESIAN_POINT('',(1.480297366167E-15,9.6));
#6040 = VECTOR('',#6041,1.);
#6041 = DIRECTION('',(1.,0.));
#6042 = ( GEOMETRIC_REPRESENTATION_CONTEXT(2) 
PARAMETRIC_REPRESENTATION_CONTEXT() REPRESENTATION_CONTEXT('2D SPACE',''
  ) );
#6043 = PCURVE('',#6044,#6049);
#6044 = CONICAL_SURFACE('',#6045,1.5,0.785398163397);
#6045 = AXIS2_PLACEMENT_3D('',#6046,#6047,#6048);
#6046 = CARTESIAN_POINT('',(-19.5,-15.5,-3.6));
#6047 = DIRECTION('',(-8.75811540203E-47,4.440892098501E-16,1.));
#6048 = DIRECTION('',(1.,-1.480297366167E-15,6.573840876843E-31));
#6049 = DEFINITIONAL_REPRESENTATION('',(#6050),#6054);
#6050 = LINE('',#6051,#6052);
#6051 = CARTESIAN_POINT('',(6.28318530718,0.));
#6052 = VECTOR('',#6053,1.);
#6053 = DIRECTION('',(-1.,0.));
#6054 = ( GEOMETRIC_REPRESENTATION_CONTEXT(2) 
PARAMETRIC_REPRESENTATION_CONTEXT() REPRESENTATION_CONTEXT('2D SPACE',''
  ) );
#6055 = ADVANCED_FACE('',(#6056),#5968,.T.);
#6056 = FACE_BOUND('',#6057,.T.);
#6057 = EDGE_LOOP('',(#6058,#6081,#6108,#6109));
#6058 = ORIENTED_EDGE('',*,*,#6059,.F.);
#6059 = EDGE_CURVE('',#6060,#5952,#6062,.T.);
#6060 = VERTEX_POINT('',#6061);
#6061 = CARTESIAN_POINT('',(-16.75,-15.5,8.9));
#6062 = SEAM_CURVE('',#6063,(#6067,#6074),.PCURVE_S1.);
#6063 = LINE('',#6064,#6065);
#6064 = CARTESIAN_POINT('',(-16.75,-15.5,9.));
#6065 = VECTOR('',#6066,1.);
#6066 = DIRECTION('',(0.,-6.661338147751E-16,-1.));
#6067 = PCURVE('',#5968,#6068);
#6068 = DEFINITIONAL_REPRESENTATION('',(#6069),#6073);
#6069 = LINE('',#6070,#6071);
#6070 = CARTESIAN_POINT('',(0.,0.));
#6071 = VECTOR('',#6072,1.);
#6072 = DIRECTION('',(0.,1.));
#6073 = ( GEOMETRIC_REPRESENTATION_CONTEXT(2) 
PARAMETRIC_REPRESENTATION_CONTEXT() REPRESENTATION_CONTEXT('2D SPACE',''
  ) );
#6074 = PCURVE('',#5968,#6075);
#6075 = DEFINITIONAL_REPRESENTATION('',(#6076),#6080);
#6076 = LINE('',#6077,#6078);
#6077 = CARTESIAN_POINT('',(6.28318530718,0.));
#6078 = VECTOR('',#6079,1.);
#6079 = DIRECTION('',(0.,1.));
#6080 = ( GEOMETRIC_REPRESENTATION_CONTEXT(2) 
PARAMETRIC_REPRESENTATION_CONTEXT() REPRESENTATION_CONTEXT('2D SPACE',''
  ) );
#6081 = ORIENTED_EDGE('',*,*,#6082,.T.);
#6082 = EDGE_CURVE('',#6060,#6060,#6083,.T.);
#6083 = SURFACE_CURVE('',#6084,(#6089,#6096),.PCURVE_S1.);
#6084 = CIRCLE('',#6085,2.75);
#6085 = AXIS2_PLACEMENT_3D('',#6086,#6087,#6088);
#6086 = CARTESIAN_POINT('',(-19.5,-15.5,8.9));
#6087 = DIRECTION('',(9.952403864668E-48,-4.440892098501E-16,-1.));
#6088 = DIRECTION('',(1.,2.422304781E-16,-1.07571941621E-31));
#6089 = PCURVE('',#5968,#6090);
#6090 = DEFINITIONAL_REPRESENTATION('',(#6091),#6095);
#6091 = LINE('',#6092,#6093);
#6092 = CARTESIAN_POINT('',(1.434292554947E-31,0.1));
#6093 = VECTOR('',#6094,1.);
#6094 = DIRECTION('',(1.,0.));
#6095 = ( GEOMETRIC_REPRESENTATION_CONTEXT(2) 
PARAMETRIC_REPRESENTATION_CONTEXT() REPRESENTATION_CONTEXT('2D SPACE',''
  ) );
#6096 = PCURVE('',#6097,#6102);
#6097 = CONICAL_SURFACE('',#6098,2.75,0.785398163397);
#6098 = AXIS2_PLACEMENT_3D('',#6099,#6100,#6101);
#6099 = CARTESIAN_POINT('',(-19.5,-15.5,8.9));
#6100 = DIRECTION('',(-0.,-4.440892098501E-16,-1.));
#6101 = DIRECTION('',(1.,2.422304781E-16,-1.07571941621E-31));
#6102 = DEFINITIONAL_REPRESENTATION('',(#6103),#6107);
#6103 = LINE('',#6104,#6105);
#6104 = CARTESIAN_POINT('',(0.,0.));
#6105 = VECTOR('',#6106,1.);
#6106 = DIRECTION('',(1.,-0.));
#6107 = ( GEOMETRIC_REPRESENTATION_CONTEXT(2) 
PARAMETRIC_REPRESENTATION_CONTEXT() REPRESENTATION_CONTEXT('2D SPACE',''
  ) );
#6108 = ORIENTED_EDGE('',*,*,#6059,.T.);
#6109 = ORIENTED_EDGE('',*,*,#5951,.F.);
#6110 = ADVANCED_FACE('',(#6111),#6044,.T.);
#6111 = FACE_BOUND('',#6112,.T.);
#6112 = EDGE_LOOP('',(#6113,#6134,#6135,#6136));
#6113 = ORIENTED_EDGE('',*,*,#6114,.F.);
#6114 = EDGE_CURVE('',#6005,#6115,#6117,.T.);
#6115 = VERTEX_POINT('',#6116);
#6116 = CARTESIAN_POINT('',(-18.4,-15.5,-4.));
#6117 = SEAM_CURVE('',#6118,(#6122,#6128),.PCURVE_S1.);
#6118 = LINE('',#6119,#6120);
#6119 = CARTESIAN_POINT('',(-18.,-15.5,-3.6));
#6120 = VECTOR('',#6121,1.);
#6121 = DIRECTION('',(-0.707106781187,-3.140184917366E-16,
    -0.707106781187));
#6122 = PCURVE('',#6044,#6123);
#6123 = DEFINITIONAL_REPRESENTATION('',(#6124),#6127);
#6124 = B_SPLINE_CURVE_WITH_KNOTS('',1,(#6125,#6126),.UNSPECIFIED.,.F.,
  .F.,(2,2),(0.,0.565685424949),.PIECEWISE_BEZIER_KNOTS.);
#6125 = CARTESIAN_POINT('',(6.28318530718,0.));
#6126 = CARTESIAN_POINT('',(6.28318530718,-0.4));
#6127 = ( GEOMETRIC_REPRESENTATION_CONTEXT(2) 
PARAMETRIC_REPRESENTATION_CONTEXT() REPRESENTATION_CONTEXT('2D SPACE',''
  ) );
#6128 = PCURVE('',#6044,#6129);
#6129 = DEFINITIONAL_REPRESENTATION('',(#6130),#6133);
#6130 = B_SPLINE_CURVE_WITH_KNOTS('',1,(#6131,#6132),.UNSPECIFIED.,.F.,
  .F.,(2,2),(0.,0.565685424949),.PIECEWISE_BEZIER_KNOTS.);
#6131 = CARTESIAN_POINT('',(-4.138911435803E-13,0.));
#6132 = CARTESIAN_POINT('',(-4.138911435803E-13,-0.4));
#6133 = ( GEOMETRIC_REPRESENTATION_CONTEXT(2) 
PARAMETRIC_REPRESENTATION_CONTEXT() REPRESENTATION_CONTEXT('2D SPACE',''
  ) );
#6134 = ORIENTED_EDGE('',*,*,#6029,.T.);
#6135 = ORIENTED_EDGE('',*,*,#6114,.T.);
#6136 = ORIENTED_EDGE('',*,*,#6137,.F.);
#6137 = EDGE_CURVE('',#6115,#6115,#6138,.T.);
#6138 = SURFACE_CURVE('',#6139,(#6144,#6151),.PCURVE_S1.);
#6139 = CIRCLE('',#6140,1.1);
#6140 = AXIS2_PLACEMENT_3D('',#6141,#6142,#6143);
#6141 = CARTESIAN_POINT('',(-19.5,-15.5,-4.));
#6142 = DIRECTION('',(1.167748720224E-46,-4.440892098501E-16,-1.));
#6143 = DIRECTION('',(1.,-1.480297366167E-15,6.573840876843E-31));
#6144 = PCURVE('',#6044,#6145);
#6145 = DEFINITIONAL_REPRESENTATION('',(#6146),#6150);
#6146 = LINE('',#6147,#6148);
#6147 = CARTESIAN_POINT('',(6.28318530718,-0.4));
#6148 = VECTOR('',#6149,1.);
#6149 = DIRECTION('',(-1.,0.));
#6150 = ( GEOMETRIC_REPRESENTATION_CONTEXT(2) 
PARAMETRIC_REPRESENTATION_CONTEXT() REPRESENTATION_CONTEXT('2D SPACE',''
  ) );
#6151 = PCURVE('',#6152,#6157);
#6152 = PLANE('',#6153);
#6153 = AXIS2_PLACEMENT_3D('',#6154,#6155,#6156);
#6154 = CARTESIAN_POINT('',(-19.5,-15.5,-4.));
#6155 = DIRECTION('',(0.,-4.440892098501E-16,-1.));
#6156 = DIRECTION('',(1.,-1.480297366167E-15,6.573840876843E-31));
#6157 = DEFINITIONAL_REPRESENTATION('',(#6158),#6162);
#6158 = CIRCLE('',#6159,1.1);
#6159 = AXIS2_PLACEMENT_2D('',#6160,#6161);
#6160 = CARTESIAN_POINT('',(0.,0.));
#6161 = DIRECTION('',(1.,2.919371800677E-46));
#6162 = ( GEOMETRIC_REPRESENTATION_CONTEXT(2) 
PARAMETRIC_REPRESENTATION_CONTEXT() REPRESENTATION_CONTEXT('2D SPACE',''
  ) );
#6163 = ADVANCED_FACE('',(#6164),#6097,.T.);
#6164 = FACE_BOUND('',#6165,.T.);
#6165 = EDGE_LOOP('',(#6166,#6195,#6214,#6215));
#6166 = ORIENTED_EDGE('',*,*,#6167,.T.);
#6167 = EDGE_CURVE('',#6168,#6168,#6170,.T.);
#6168 = VERTEX_POINT('',#6169);
#6169 = CARTESIAN_POINT('',(-16.85,-15.5,9.));
#6170 = SURFACE_CURVE('',#6171,(#6176,#6183),.PCURVE_S1.);
#6171 = CIRCLE('',#6172,2.65);
#6172 = AXIS2_PLACEMENT_3D('',#6173,#6174,#6175);
#6173 = CARTESIAN_POINT('',(-19.5,-15.5,9.));
#6174 = DIRECTION('',(9.952403864668E-48,-4.440892098501E-16,-1.));
#6175 = DIRECTION('',(1.,2.422304781E-16,-1.07571941621E-31));
#6176 = PCURVE('',#6097,#6177);
#6177 = DEFINITIONAL_REPRESENTATION('',(#6178),#6182);
#6178 = LINE('',#6179,#6180);
#6179 = CARTESIAN_POINT('',(0.,-0.1));
#6180 = VECTOR('',#6181,1.);
#6181 = DIRECTION('',(1.,-0.));
#6182 = ( GEOMETRIC_REPRESENTATION_CONTEXT(2) 
PARAMETRIC_REPRESENTATION_CONTEXT() REPRESENTATION_CONTEXT('2D SPACE',''
  ) );
#6183 = PCURVE('',#6184,#6189);
#6184 = PLANE('',#6185);
#6185 = AXIS2_PLACEMENT_3D('',#6186,#6187,#6188);
#6186 = CARTESIAN_POINT('',(-19.5,-15.5,9.));
#6187 = DIRECTION('',(0.,-4.440892098501E-16,-1.));
#6188 = DIRECTION('',(1.,4.594026308794E-16,-2.040157513503E-31));
#6189 = DEFINITIONAL_REPRESENTATION('',(#6190),#6194);
#6190 = CIRCLE('',#6191,2.65);
#6191 = AXIS2_PLACEMENT_2D('',#6192,#6193);
#6192 = CARTESIAN_POINT('',(0.,0.));
#6193 = DIRECTION('',(1.,2.171721527794E-16));
#6194 = ( GEOMETRIC_REPRESENTATION_CONTEXT(2) 
PARAMETRIC_REPRESENTATION_CONTEXT() REPRESENTATION_CONTEXT('2D SPACE',''
  ) );
#6195 = ORIENTED_EDGE('',*,*,#6196,.F.);
#6196 = EDGE_CURVE('',#6060,#6168,#6197,.T.);
#6197 = SEAM_CURVE('',#6198,(#6202,#6208),.PCURVE_S1.);
#6198 = LINE('',#6199,#6200);
#6199 = CARTESIAN_POINT('',(-16.75,-15.5,8.9));
#6200 = VECTOR('',#6201,1.);
#6201 = DIRECTION('',(-0.707106781187,1.427356780621E-16,0.707106781187)
  );
#6202 = PCURVE('',#6097,#6203);
#6203 = DEFINITIONAL_REPRESENTATION('',(#6204),#6207);
#6204 = B_SPLINE_CURVE_WITH_KNOTS('',1,(#6205,#6206),.UNSPECIFIED.,.F.,
  .F.,(2,2),(0.,0.141421356237),.PIECEWISE_BEZIER_KNOTS.);
#6205 = CARTESIAN_POINT('',(6.28318530718,0.));
#6206 = CARTESIAN_POINT('',(6.28318530718,-0.1));
#6207 = ( GEOMETRIC_REPRESENTATION_CONTEXT(2) 
PARAMETRIC_REPRESENTATION_CONTEXT() REPRESENTATION_CONTEXT('2D SPACE',''
  ) );
#6208 = PCURVE('',#6097,#6209);
#6209 = DEFINITIONAL_REPRESENTATION('',(#6210),#6213);
#6210 = B_SPLINE_CURVE_WITH_KNOTS('',1,(#6211,#6212),.UNSPECIFIED.,.F.,
  .F.,(2,2),(0.,0.141421356237),.PIECEWISE_BEZIER_KNOTS.);
#6211 = CARTESIAN_POINT('',(4.138911435803E-13,0.));
#6212 = CARTESIAN_POINT('',(4.138911435803E-13,-0.1));
#6213 = ( GEOMETRIC_REPRESENTATION_CONTEXT(2) 
PARAMETRIC_REPRESENTATION_CONTEXT() REPRESENTATION_CONTEXT('2D SPACE',''
  ) );
#6214 = ORIENTED_EDGE('',*,*,#6082,.F.);
#6215 = ORIENTED_EDGE('',*,*,#6196,.T.);
#6216 = ADVANCED_FACE('',(#6217),#6152,.T.);
#6217 = FACE_BOUND('',#6218,.T.);
#6218 = EDGE_LOOP('',(#6219));
#6219 = ORIENTED_EDGE('',*,*,#6137,.T.);
#6220 = ADVANCED_FACE('',(#6221,#6224),#6184,.F.);
#6221 = FACE_BOUND('',#6222,.T.);
#6222 = EDGE_LOOP('',(#6223));
#6223 = ORIENTED_EDGE('',*,*,#6167,.F.);
#6224 = FACE_BOUND('',#6225,.T.);
#6225 = EDGE_LOOP('',(#6226));
#6226 = ORIENTED_EDGE('',*,*,#6227,.T.);
#6227 = EDGE_CURVE('',#6228,#6228,#6230,.T.);
#6228 = VERTEX_POINT('',#6229);
#6229 = CARTESIAN_POINT('',(-18.05,-15.5,9.));
#6230 = SURFACE_CURVE('',#6231,(#6236,#6243),.PCURVE_S1.);
#6231 = CIRCLE('',#6232,1.45);
#6232 = AXIS2_PLACEMENT_3D('',#6233,#6234,#6235);
#6233 = CARTESIAN_POINT('',(-19.5,-15.5,9.));
#6234 = DIRECTION('',(3.020039794733E-48,-4.440892098501E-16,-1.));
#6235 = DIRECTION('',(1.,4.594026308794E-16,-2.040157513503E-31));
#6236 = PCURVE('',#6184,#6237);
#6237 = DEFINITIONAL_REPRESENTATION('',(#6238),#6242);
#6238 = CIRCLE('',#6239,1.45);
#6239 = AXIS2_PLACEMENT_2D('',#6240,#6241);
#6240 = CARTESIAN_POINT('',(0.,0.));
#6241 = DIRECTION('',(1.,-9.060119381412E-47));
#6242 = ( GEOMETRIC_REPRESENTATION_CONTEXT(2) 
PARAMETRIC_REPRESENTATION_CONTEXT() REPRESENTATION_CONTEXT('2D SPACE',''
  ) );
#6243 = PCURVE('',#6244,#6249);
#6244 = CONICAL_SURFACE('',#6245,3.441688219844E-16,0.785397673205);
#6245 = AXIS2_PLACEMENT_3D('',#6246,#6247,#6248);
#6246 = CARTESIAN_POINT('',(-19.5,-15.5,7.549998578442));
#6247 = DIRECTION('',(0.,4.440892098501E-16,1.));
#6248 = DIRECTION('',(1.,7.087732770012E-16,-3.147585645463E-31));
#6249 = DEFINITIONAL_REPRESENTATION('',(#6250),#6254);
#6250 = LINE('',#6251,#6252);
#6251 = CARTESIAN_POINT('',(6.28318530718,1.450001421558));
#6252 = VECTOR('',#6253,1.);
#6253 = DIRECTION('',(-1.,0.));
#6254 = ( GEOMETRIC_REPRESENTATION_CONTEXT(2) 
PARAMETRIC_REPRESENTATION_CONTEXT() REPRESENTATION_CONTEXT('2D SPACE',''
  ) );
#6255 = ADVANCED_FACE('',(#6256),#6244,.F.);
#6256 = FACE_BOUND('',#6257,.F.);
#6257 = EDGE_LOOP('',(#6258,#6296,#6332,#6368,#6404,#6440,#6461,#6462,
    #6463));
#6258 = ORIENTED_EDGE('',*,*,#6259,.T.);
#6259 = EDGE_CURVE('',#6260,#6262,#6264,.T.);
#6260 = VERTEX_POINT('',#6261);
#6261 = CARTESIAN_POINT('',(-18.77831216351,-14.25,8.99337566648));
#6262 = VERTEX_POINT('',#6263);
#6263 = CARTESIAN_POINT('',(-20.22168783648,-14.25,8.99337566648));
#6264 = SURFACE_CURVE('',#6265,(#6270,#6284),.PCURVE_S1.);
#6265 = HYPERBOLA('',#6266,1.250001225481,1.25);
#6266 = AXIS2_PLACEMENT_3D('',#6267,#6268,#6269);
#6267 = CARTESIAN_POINT('',(-19.5,-14.25,7.549998578442));
#6268 = DIRECTION('',(0.,-1.,8.881784197001E-16));
#6269 = DIRECTION('',(0.,8.881784197001E-16,1.));
#6270 = PCURVE('',#6244,#6271);
#6271 = DEFINITIONAL_REPRESENTATION('',(#6272),#6283);
#6272 = B_SPLINE_CURVE_WITH_KNOTS('',9,(#6273,#6274,#6275,#6276,#6277,
    #6278,#6279,#6280,#6281,#6282),.UNSPECIFIED.,.F.,.F.,(10,10),(
    -0.55840221658,0.55840221658),.PIECEWISE_BEZIER_KNOTS.);
#6273 = CARTESIAN_POINT('',(1.039338088856,1.450001421558));
#6274 = CARTESIAN_POINT('',(1.14631169429,1.358814631645));
#6275 = CARTESIAN_POINT('',(1.260853407593,1.292746139179));
#6276 = CARTESIAN_POINT('',(1.381805677021,1.249764999563));
#6277 = CARTESIAN_POINT('',(1.507225448684,1.228586187654));
#6278 = CARTESIAN_POINT('',(1.634367205213,1.228586187695));
#6279 = CARTESIAN_POINT('',(1.759786976592,1.249764999548));
#6280 = CARTESIAN_POINT('',(1.88073924602,1.292746139183));
#6281 = CARTESIAN_POINT('',(1.995280959301,1.358814631645));
#6282 = CARTESIAN_POINT('',(2.102254564734,1.450001421558));
#6283 = ( GEOMETRIC_REPRESENTATION_CONTEXT(2) 
PARAMETRIC_REPRESENTATION_CONTEXT() REPRESENTATION_CONTEXT('2D SPACE',''
  ) );
#6284 = PCURVE('',#6285,#6290);
#6285 = PLANE('',#6286);
#6286 = AXIS2_PLACEMENT_3D('',#6287,#6288,#6289);
#6287 = CARTESIAN_POINT('',(-20.22168783648,-14.25,16.));
#6288 = DIRECTION('',(0.,-1.,8.881784197001E-16));
#6289 = DIRECTION('',(1.,0.,0.));
#6290 = DEFINITIONAL_REPRESENTATION('',(#6291),#6295);
#6291 = HYPERBOLA('',#6292,1.250001225481,1.25);
#6292 = AXIS2_PLACEMENT_2D('',#6293,#6294);
#6293 = CARTESIAN_POINT('',(0.721687836487,-8.450001421558));
#6294 = DIRECTION('',(0.,1.));
#6295 = ( GEOMETRIC_REPRESENTATION_CONTEXT(2) 
PARAMETRIC_REPRESENTATION_CONTEXT() REPRESENTATION_CONTEXT('2D SPACE',''
  ) );
#6296 = ORIENTED_EDGE('',*,*,#6297,.T.);
#6297 = EDGE_CURVE('',#6262,#6298,#6300,.T.);
#6298 = VERTEX_POINT('',#6299);
#6299 = CARTESIAN_POINT('',(-20.94337567297,-15.5,8.99337566648));
#6300 = SURFACE_CURVE('',#6301,(#6306,#6320),.PCURVE_S1.);
#6301 = HYPERBOLA('',#6302,1.250001225481,1.25);
#6302 = AXIS2_PLACEMENT_3D('',#6303,#6304,#6305);
#6303 = CARTESIAN_POINT('',(-20.58253175473,-14.875,7.549998578442));
#6304 = DIRECTION('',(0.866025403784,-0.5,4.440892098502E-16));
#6305 = DIRECTION('',(-1.922962686384E-16,5.551115123126E-16,1.));
#6306 = PCURVE('',#6244,#6307);
#6307 = DEFINITIONAL_REPRESENTATION('',(#6308),#6319);
#6308 = B_SPLINE_CURVE_WITH_KNOTS('',9,(#6309,#6310,#6311,#6312,#6313,
    #6314,#6315,#6316,#6317,#6318),.UNSPECIFIED.,.F.,.F.,(10,10),(
    -0.55840221658,0.55840221658),.PIECEWISE_BEZIER_KNOTS.);
#6309 = CARTESIAN_POINT('',(2.086535640053,1.450001421558));
#6310 = CARTESIAN_POINT('',(2.193509245487,1.358814631645));
#6311 = CARTESIAN_POINT('',(2.308050958801,1.292746139181));
#6312 = CARTESIAN_POINT('',(2.429003228277,1.249764999586));
#6313 = CARTESIAN_POINT('',(2.554422999728,1.228586187613));
#6314 = CARTESIAN_POINT('',(2.681564756301,1.228586187603));
#6315 = CARTESIAN_POINT('',(2.806984527702,1.249764999581));
#6316 = CARTESIAN_POINT('',(2.927936797199,1.292746139178));
#6317 = CARTESIAN_POINT('',(3.042478510497,1.358814631645));
#6318 = CARTESIAN_POINT('',(3.149452115931,1.450001421558));
#6319 = ( GEOMETRIC_REPRESENTATION_CONTEXT(2) 
PARAMETRIC_REPRESENTATION_CONTEXT() REPRESENTATION_CONTEXT('2D SPACE',''
  ) );
#6320 = PCURVE('',#6321,#6326);
#6321 = PLANE('',#6322);
#6322 = AXIS2_PLACEMENT_3D('',#6323,#6324,#6325);
#6323 = CARTESIAN_POINT('',(-20.94337567297,-15.5,16.));
#6324 = DIRECTION('',(0.866025403784,-0.5,4.440892098502E-16));
#6325 = DIRECTION('',(0.5,0.866025403784,-7.691850745537E-16));
#6326 = DEFINITIONAL_REPRESENTATION('',(#6327),#6331);
#6327 = HYPERBOLA('',#6328,1.250001225481,1.25);
#6328 = AXIS2_PLACEMENT_2D('',#6329,#6330);
#6329 = CARTESIAN_POINT('',(0.721687836487,-8.450001421558));
#6330 = DIRECTION('',(-3.845925372771E-16,1.));
#6331 = ( GEOMETRIC_REPRESENTATION_CONTEXT(2) 
PARAMETRIC_REPRESENTATION_CONTEXT() REPRESENTATION_CONTEXT('2D SPACE',''
  ) );
#6332 = ORIENTED_EDGE('',*,*,#6333,.T.);
#6333 = EDGE_CURVE('',#6298,#6334,#6336,.T.);
#6334 = VERTEX_POINT('',#6335);
#6335 = CARTESIAN_POINT('',(-20.22168783648,-16.75,8.99337566648));
#6336 = SURFACE_CURVE('',#6337,(#6342,#6356),.PCURVE_S1.);
#6337 = HYPERBOLA('',#6338,1.250001225481,1.25);
#6338 = AXIS2_PLACEMENT_3D('',#6339,#6340,#6341);
#6339 = CARTESIAN_POINT('',(-20.58253175473,-16.125,7.549998578442));
#6340 = DIRECTION('',(0.866025403784,0.5,-4.440892098502E-16));
#6341 = DIRECTION('',(1.922962686384E-16,5.551115123126E-16,1.));
#6342 = PCURVE('',#6244,#6343);
#6343 = DEFINITIONAL_REPRESENTATION('',(#6344),#6355);
#6344 = B_SPLINE_CURVE_WITH_KNOTS('',9,(#6345,#6346,#6347,#6348,#6349,
    #6350,#6351,#6352,#6353,#6354),.UNSPECIFIED.,.F.,.F.,(10,10),(
    -0.55840221658,0.55840221658),.PIECEWISE_BEZIER_KNOTS.);
#6345 = CARTESIAN_POINT('',(3.13373319125,1.450001421558));
#6346 = CARTESIAN_POINT('',(3.240706796683,1.358814631645));
#6347 = CARTESIAN_POINT('',(3.355248509956,1.292746139172));
#6348 = CARTESIAN_POINT('',(3.476200779601,1.24976499961));
#6349 = CARTESIAN_POINT('',(3.601620550686,1.228586187613));
#6350 = CARTESIAN_POINT('',(3.728762307746,1.228586187747));
#6351 = CARTESIAN_POINT('',(3.854182078834,1.24976499953));
#6352 = CARTESIAN_POINT('',(3.97513434843,1.292746139193));
#6353 = CARTESIAN_POINT('',(4.089676061694,1.358814631645));
#6354 = CARTESIAN_POINT('',(4.196649667127,1.450001421558));
#6355 = ( GEOMETRIC_REPRESENTATION_CONTEXT(2) 
PARAMETRIC_REPRESENTATION_CONTEXT() REPRESENTATION_CONTEXT('2D SPACE',''
  ) );
#6356 = PCURVE('',#6357,#6362);
#6357 = PLANE('',#6358);
#6358 = AXIS2_PLACEMENT_3D('',#6359,#6360,#6361);
#6359 = CARTESIAN_POINT('',(-20.22168783648,-16.75,16.));
#6360 = DIRECTION('',(0.866025403784,0.5,-4.440892098502E-16));
#6361 = DIRECTION('',(-0.5,0.866025403784,-7.691850745537E-16));
#6362 = DEFINITIONAL_REPRESENTATION('',(#6363),#6367);
#6363 = HYPERBOLA('',#6364,1.250001225481,1.25);
#6364 = AXIS2_PLACEMENT_2D('',#6365,#6366);
#6365 = CARTESIAN_POINT('',(0.721687836487,-8.450001421558));
#6366 = DIRECTION('',(-3.845925372771E-16,1.));
#6367 = ( GEOMETRIC_REPRESENTATION_CONTEXT(2) 
PARAMETRIC_REPRESENTATION_CONTEXT() REPRESENTATION_CONTEXT('2D SPACE',''
  ) );
#6368 = ORIENTED_EDGE('',*,*,#6369,.T.);
#6369 = EDGE_CURVE('',#6334,#6370,#6372,.T.);
#6370 = VERTEX_POINT('',#6371);
#6371 = CARTESIAN_POINT('',(-18.77831216351,-16.75,8.99337566648));
#6372 = SURFACE_CURVE('',#6373,(#6378,#6392),.PCURVE_S1.);
#6373 = HYPERBOLA('',#6374,1.250001225481,1.25);
#6374 = AXIS2_PLACEMENT_3D('',#6375,#6376,#6377);
#6375 = CARTESIAN_POINT('',(-19.5,-16.75,7.549998578442));
#6376 = DIRECTION('',(0.,1.,-8.881784197001E-16));
#6377 = DIRECTION('',(0.,8.881784197001E-16,1.));
#6378 = PCURVE('',#6244,#6379);
#6379 = DEFINITIONAL_REPRESENTATION('',(#6380),#6391);
#6380 = B_SPLINE_CURVE_WITH_KNOTS('',9,(#6381,#6382,#6383,#6384,#6385,
    #6386,#6387,#6388,#6389,#6390),.UNSPECIFIED.,.F.,.F.,(10,10),(
    -0.55840221658,0.55840221658),.PIECEWISE_BEZIER_KNOTS.);
#6381 = CARTESIAN_POINT('',(4.180930742446,1.450001421558));
#6382 = CARTESIAN_POINT('',(4.28790434788,1.358814631645));
#6383 = CARTESIAN_POINT('',(4.402446061178,1.292746139178));
#6384 = CARTESIAN_POINT('',(4.523398330671,1.249764999558));
#6385 = CARTESIAN_POINT('',(4.648818102057,1.228586187628));
#6386 = CARTESIAN_POINT('',(4.775959858805,1.228586187659));
#6387 = CARTESIAN_POINT('',(4.901379630097,1.249764999576));
#6388 = CARTESIAN_POINT('',(5.022331899598,1.292746139184));
#6389 = CARTESIAN_POINT('',(5.13687361289,1.358814631645));
#6390 = CARTESIAN_POINT('',(5.243847218324,1.450001421558));
#6391 = ( GEOMETRIC_REPRESENTATION_CONTEXT(2) 
PARAMETRIC_REPRESENTATION_CONTEXT() REPRESENTATION_CONTEXT('2D SPACE',''
  ) );
#6392 = PCURVE('',#6393,#6398);
#6393 = PLANE('',#6394);
#6394 = AXIS2_PLACEMENT_3D('',#6395,#6396,#6397);
#6395 = CARTESIAN_POINT('',(-18.77831216351,-16.75,16.));
#6396 = DIRECTION('',(-0.,1.,-8.881784197001E-16));
#6397 = DIRECTION('',(-1.,0.,0.));
#6398 = DEFINITIONAL_REPRESENTATION('',(#6399),#6403);
#6399 = HYPERBOLA('',#6400,1.250001225481,1.25);
#6400 = AXIS2_PLACEMENT_2D('',#6401,#6402);
#6401 = CARTESIAN_POINT('',(0.721687836487,-8.450001421558));
#6402 = DIRECTION('',(0.,1.));
#6403 = ( GEOMETRIC_REPRESENTATION_CONTEXT(2) 
PARAMETRIC_REPRESENTATION_CONTEXT() REPRESENTATION_CONTEXT('2D SPACE',''
  ) );
#6404 = ORIENTED_EDGE('',*,*,#6405,.T.);
#6405 = EDGE_CURVE('',#6370,#6406,#6408,.T.);
#6406 = VERTEX_POINT('',#6407);
#6407 = CARTESIAN_POINT('',(-18.05662432702,-15.5,8.99337566648));
#6408 = SURFACE_CURVE('',#6409,(#6414,#6428),.PCURVE_S1.);
#6409 = HYPERBOLA('',#6410,1.250001225481,1.25);
#6410 = AXIS2_PLACEMENT_3D('',#6411,#6412,#6413);
#6411 = CARTESIAN_POINT('',(-18.41746824526,-16.125,7.549998578442));
#6412 = DIRECTION('',(-0.866025403784,0.5,-4.440892098502E-16));
#6413 = DIRECTION('',(-1.922962686384E-16,5.551115123126E-16,1.));
#6414 = PCURVE('',#6244,#6415);
#6415 = DEFINITIONAL_REPRESENTATION('',(#6416),#6427);
#6416 = B_SPLINE_CURVE_WITH_KNOTS('',9,(#6417,#6418,#6419,#6420,#6421,
    #6422,#6423,#6424,#6425,#6426),.UNSPECIFIED.,.F.,.F.,(10,10),(
    -0.55840221658,0.549306144334),.PIECEWISE_BEZIER_KNOTS.);
#6417 = CARTESIAN_POINT('',(5.228128293643,1.450001421558));
#6418 = CARTESIAN_POINT('',(5.334230627788,1.35955732356));
#6419 = CARTESIAN_POINT('',(5.44777828577,1.29382402573));
#6420 = CARTESIAN_POINT('',(5.567641818774,1.250819804702));
#6421 = CARTESIAN_POINT('',(5.691931317997,1.229284851298));
#6422 = CARTESIAN_POINT('',(5.817980988224,1.228600240075));
#6423 = CARTESIAN_POINT('',(5.942446370592,1.248751099319));
#6424 = CARTESIAN_POINT('',(6.062627441059,1.290326010706));
#6425 = CARTESIAN_POINT('',(6.176596019727,1.354552594967));
#6426 = CARTESIAN_POINT('',(6.28318530718,1.443377088038));
#6427 = ( GEOMETRIC_REPRESENTATION_CONTEXT(2) 
PARAMETRIC_REPRESENTATION_CONTEXT() REPRESENTATION_CONTEXT('2D SPACE',''
  ) );
#6428 = PCURVE('',#6429,#6434);
#6429 = PLANE('',#6430);
#6430 = AXIS2_PLACEMENT_3D('',#6431,#6432,#6433);
#6431 = CARTESIAN_POINT('',(-18.05662432702,-15.5,16.));
#6432 = DIRECTION('',(-0.866025403784,0.5,-4.440892098502E-16));
#6433 = DIRECTION('',(-0.5,-0.866025403784,7.691850745537E-16));
#6434 = DEFINITIONAL_REPRESENTATION('',(#6435),#6439);
#6435 = HYPERBOLA('',#6436,1.250001225481,1.25);
#6436 = AXIS2_PLACEMENT_2D('',#6437,#6438);
#6437 = CARTESIAN_POINT('',(0.721687836487,-8.450001421558));
#6438 = DIRECTION('',(3.845925372771E-16,1.));
#6439 = ( GEOMETRIC_REPRESENTATION_CONTEXT(2) 
PARAMETRIC_REPRESENTATION_CONTEXT() REPRESENTATION_CONTEXT('2D SPACE',''
  ) );
#6440 = ORIENTED_EDGE('',*,*,#6441,.T.);
#6441 = EDGE_CURVE('',#6406,#6228,#6442,.T.);
#6442 = SEAM_CURVE('',#6443,(#6447,#6454),.PCURVE_S1.);
#6443 = LINE('',#6444,#6445);
#6444 = CARTESIAN_POINT('',(-19.5,-15.5,7.549998578442));
#6445 = VECTOR('',#6446,1.);
#6446 = DIRECTION('',(0.707106434568,4.710279684993E-16,0.707107127805)
  );
#6447 = PCURVE('',#6244,#6448);
#6448 = DEFINITIONAL_REPRESENTATION('',(#6449),#6453);
#6449 = LINE('',#6450,#6451);
#6450 = CARTESIAN_POINT('',(6.28318530718,0.));
#6451 = VECTOR('',#6452,1.);
#6452 = DIRECTION('',(-0.,1.));
#6453 = ( GEOMETRIC_REPRESENTATION_CONTEXT(2) 
PARAMETRIC_REPRESENTATION_CONTEXT() REPRESENTATION_CONTEXT('2D SPACE',''
  ) );
#6454 = PCURVE('',#6244,#6455);
#6455 = DEFINITIONAL_REPRESENTATION('',(#6456),#6460);
#6456 = LINE('',#6457,#6458);
#6457 = CARTESIAN_POINT('',(-4.138911435803E-13,0.));
#6458 = VECTOR('',#6459,1.);
#6459 = DIRECTION('',(-0.,1.));
#6460 = ( GEOMETRIC_REPRESENTATION_CONTEXT(2) 
PARAMETRIC_REPRESENTATION_CONTEXT() REPRESENTATION_CONTEXT('2D SPACE',''
  ) );
#6461 = ORIENTED_EDGE('',*,*,#6227,.T.);
#6462 = ORIENTED_EDGE('',*,*,#6441,.F.);
#6463 = ORIENTED_EDGE('',*,*,#6464,.T.);
#6464 = EDGE_CURVE('',#6406,#6260,#6465,.T.);
#6465 = SURFACE_CURVE('',#6466,(#6471,#6485),.PCURVE_S1.);
#6466 = HYPERBOLA('',#6467,1.250001225481,1.25);
#6467 = AXIS2_PLACEMENT_3D('',#6468,#6469,#6470);
#6468 = CARTESIAN_POINT('',(-18.41746824526,-14.875,7.549998578442));
#6469 = DIRECTION('',(-0.866025403784,-0.5,4.440892098502E-16));
#6470 = DIRECTION('',(1.922962686384E-16,5.551115123126E-16,1.));
#6471 = PCURVE('',#6244,#6472);
#6472 = DEFINITIONAL_REPRESENTATION('',(#6473),#6484);
#6473 = B_SPLINE_CURVE_WITH_KNOTS('',9,(#6474,#6475,#6476,#6477,#6478,
    #6479,#6480,#6481,#6482,#6483),.UNSPECIFIED.,.F.,.F.,(10,10),(
    -0.549306144334,0.55840221658),.PIECEWISE_BEZIER_KNOTS.);
#6474 = CARTESIAN_POINT('',(-4.138911435803E-13,1.443377088038));
#6475 = CARTESIAN_POINT('',(0.106589287454,1.354552594967));
#6476 = CARTESIAN_POINT('',(0.22055786611,1.290326010721));
#6477 = CARTESIAN_POINT('',(0.340738936702,1.248751099214));
#6478 = CARTESIAN_POINT('',(0.465204318763,1.22860024028));
#6479 = CARTESIAN_POINT('',(0.591253989358,1.229284851185));
#6480 = CARTESIAN_POINT('',(0.715543488371,1.250819804797));
#6481 = CARTESIAN_POINT('',(0.835407021448,1.293824025712));
#6482 = CARTESIAN_POINT('',(0.948954679392,1.35955732356));
#6483 = CARTESIAN_POINT('',(1.055057013538,1.450001421558));
#6484 = ( GEOMETRIC_REPRESENTATION_CONTEXT(2) 
PARAMETRIC_REPRESENTATION_CONTEXT() REPRESENTATION_CONTEXT('2D SPACE',''
  ) );
#6485 = PCURVE('',#6486,#6491);
#6486 = PLANE('',#6487);
#6487 = AXIS2_PLACEMENT_3D('',#6488,#6489,#6490);
#6488 = CARTESIAN_POINT('',(-18.77831216351,-14.25,16.));
#6489 = DIRECTION('',(-0.866025403784,-0.5,4.440892098502E-16));
#6490 = DIRECTION('',(0.5,-0.866025403784,7.691850745537E-16));
#6491 = DEFINITIONAL_REPRESENTATION('',(#6492),#6496);
#6492 = HYPERBOLA('',#6493,1.250001225481,1.25);
#6493 = AXIS2_PLACEMENT_2D('',#6494,#6495);
#6494 = CARTESIAN_POINT('',(0.721687836487,-8.450001421558));
#6495 = DIRECTION('',(3.845925372771E-16,1.));
#6496 = ( GEOMETRIC_REPRESENTATION_CONTEXT(2) 
PARAMETRIC_REPRESENTATION_CONTEXT() REPRESENTATION_CONTEXT('2D SPACE',''
  ) );
#6497 = ADVANCED_FACE('',(#6498),#6486,.T.);
#6498 = FACE_BOUND('',#6499,.T.);
#6499 = EDGE_LOOP('',(#6500,#6501,#6524,#6560));
#6500 = ORIENTED_EDGE('',*,*,#6464,.T.);
#6501 = ORIENTED_EDGE('',*,*,#6502,.T.);
#6502 = EDGE_CURVE('',#6260,#6503,#6505,.T.);
#6503 = VERTEX_POINT('',#6504);
#6504 = CARTESIAN_POINT('',(-18.77831216351,-14.25,6.824426932662));
#6505 = SURFACE_CURVE('',#6506,(#6510,#6517),.PCURVE_S1.);
#6506 = LINE('',#6507,#6508);
#6507 = CARTESIAN_POINT('',(-18.77831216351,-14.25,16.));
#6508 = VECTOR('',#6509,1.);
#6509 = DIRECTION('',(0.,-8.881784197001E-16,-1.));
#6510 = PCURVE('',#6486,#6511);
#6511 = DEFINITIONAL_REPRESENTATION('',(#6512),#6516);
#6512 = LINE('',#6513,#6514);
#6513 = CARTESIAN_POINT('',(0.,0.));
#6514 = VECTOR('',#6515,1.);
#6515 = DIRECTION('',(-3.855557674268E-28,-1.));
#6516 = ( GEOMETRIC_REPRESENTATION_CONTEXT(2) 
PARAMETRIC_REPRESENTATION_CONTEXT() REPRESENTATION_CONTEXT('2D SPACE',''
  ) );
#6517 = PCURVE('',#6285,#6518);
#6518 = DEFINITIONAL_REPRESENTATION('',(#6519),#6523);
#6519 = LINE('',#6520,#6521);
#6520 = CARTESIAN_POINT('',(1.443375672974,0.));
#6521 = VECTOR('',#6522,1.);
#6522 = DIRECTION('',(0.,-1.));
#6523 = ( GEOMETRIC_REPRESENTATION_CONTEXT(2) 
PARAMETRIC_REPRESENTATION_CONTEXT() REPRESENTATION_CONTEXT('2D SPACE',''
  ) );
#6524 = ORIENTED_EDGE('',*,*,#6525,.F.);
#6525 = EDGE_CURVE('',#6526,#6503,#6528,.T.);
#6526 = VERTEX_POINT('',#6527);
#6527 = CARTESIAN_POINT('',(-18.05662432702,-15.5,6.824426932662));
#6528 = SURFACE_CURVE('',#6529,(#6534,#6541),.PCURVE_S1.);
#6529 = HYPERBOLA('',#6530,0.454963467216,1.25);
#6530 = AXIS2_PLACEMENT_3D('',#6531,#6532,#6533);
#6531 = CARTESIAN_POINT('',(-18.41746824526,-14.875,6.299080372125));
#6532 = DIRECTION('',(-0.866025403784,-0.5,4.440892098502E-16));
#6533 = DIRECTION('',(-4.326600975418E-29,8.881784197001E-16,1.));
#6534 = PCURVE('',#6486,#6535);
#6535 = DEFINITIONAL_REPRESENTATION('',(#6536),#6540);
#6536 = HYPERBOLA('',#6537,0.454963467216,1.25);
#6537 = AXIS2_PLACEMENT_2D('',#6538,#6539);
#6538 = CARTESIAN_POINT('',(0.721687836487,-9.700919627875));
#6539 = DIRECTION('',(3.855557674268E-28,1.));
#6540 = ( GEOMETRIC_REPRESENTATION_CONTEXT(2) 
PARAMETRIC_REPRESENTATION_CONTEXT() REPRESENTATION_CONTEXT('2D SPACE',''
  ) );
#6541 = PCURVE('',#6542,#6547);
#6542 = CONICAL_SURFACE('',#6543,6.640918306942E-17,1.22173);
#6543 = AXIS2_PLACEMENT_3D('',#6544,#6545,#6546);
#6544 = CARTESIAN_POINT('',(-19.5,-15.5,6.299080372125));
#6545 = DIRECTION('',(0.,8.881784197001E-16,1.));
#6546 = DIRECTION('',(1.,1.514889354313E-16,-1.345492032734E-31));
#6547 = DEFINITIONAL_REPRESENTATION('',(#6548),#6559);
#6548 = B_SPLINE_CURVE_WITH_KNOTS('',9,(#6549,#6550,#6551,#6552,#6553,
    #6554,#6555,#6556,#6557,#6558),.UNSPECIFIED.,.F.,.F.,(10,10),(
    -0.549306144334,0.549306144334),.PIECEWISE_BEZIER_KNOTS.);
#6549 = CARTESIAN_POINT('',(-4.138911435803E-13,0.525346560537));
#6550 = CARTESIAN_POINT('',(0.105714017311,0.493282550051));
#6551 = CARTESIAN_POINT('',(0.218686762078,0.470025018626));
#6552 = CARTESIAN_POINT('',(0.337778866987,0.454882901967));
#6553 = CARTESIAN_POINT('',(0.461119290295,0.447418203466));
#6554 = CARTESIAN_POINT('',(0.586078086357,0.447418204259));
#6555 = CARTESIAN_POINT('',(0.709418934657,0.454882901435));
#6556 = CARTESIAN_POINT('',(0.82851073268,0.470025018555));
#6557 = CARTESIAN_POINT('',(0.941483504018,0.493282549804));
#6558 = CARTESIAN_POINT('',(1.04719755172,0.525346560116));
#6559 = ( GEOMETRIC_REPRESENTATION_CONTEXT(2) 
PARAMETRIC_REPRESENTATION_CONTEXT() REPRESENTATION_CONTEXT('2D SPACE',''
  ) );
#6560 = ORIENTED_EDGE('',*,*,#6561,.F.);
#6561 = EDGE_CURVE('',#6406,#6526,#6562,.T.);
#6562 = SURFACE_CURVE('',#6563,(#6567,#6574),.PCURVE_S1.);
#6563 = LINE('',#6564,#6565);
#6564 = CARTESIAN_POINT('',(-18.05662432702,-15.5,16.));
#6565 = VECTOR('',#6566,1.);
#6566 = DIRECTION('',(0.,-8.881784197001E-16,-1.));
#6567 = PCURVE('',#6486,#6568);
#6568 = DEFINITIONAL_REPRESENTATION('',(#6569),#6573);
#6569 = LINE('',#6570,#6571);
#6570 = CARTESIAN_POINT('',(1.443375672974,-1.110223024626E-15));
#6571 = VECTOR('',#6572,1.);
#6572 = DIRECTION('',(-3.855557674268E-28,-1.));
#6573 = ( GEOMETRIC_REPRESENTATION_CONTEXT(2) 
PARAMETRIC_REPRESENTATION_CONTEXT() REPRESENTATION_CONTEXT('2D SPACE',''
  ) );
#6574 = PCURVE('',#6429,#6575);
#6575 = DEFINITIONAL_REPRESENTATION('',(#6576),#6580);
#6576 = LINE('',#6577,#6578);
#6577 = CARTESIAN_POINT('',(0.,0.));
#6578 = VECTOR('',#6579,1.);
#6579 = DIRECTION('',(-3.855557674268E-28,-1.));
#6580 = ( GEOMETRIC_REPRESENTATION_CONTEXT(2) 
PARAMETRIC_REPRESENTATION_CONTEXT() REPRESENTATION_CONTEXT('2D SPACE',''
  ) );
#6581 = ADVANCED_FACE('',(#6582),#6285,.T.);
#6582 = FACE_BOUND('',#6583,.T.);
#6583 = EDGE_LOOP('',(#6584,#6585,#6608,#6637));
#6584 = ORIENTED_EDGE('',*,*,#6259,.T.);
#6585 = ORIENTED_EDGE('',*,*,#6586,.T.);
#6586 = EDGE_CURVE('',#6262,#6587,#6589,.T.);
#6587 = VERTEX_POINT('',#6588);
#6588 = CARTESIAN_POINT('',(-20.22168783648,-14.25,6.824426932662));
#6589 = SURFACE_CURVE('',#6590,(#6594,#6601),.PCURVE_S1.);
#6590 = LINE('',#6591,#6592);
#6591 = CARTESIAN_POINT('',(-20.22168783648,-14.25,16.));
#6592 = VECTOR('',#6593,1.);
#6593 = DIRECTION('',(0.,-8.881784197001E-16,-1.));
#6594 = PCURVE('',#6285,#6595);
#6595 = DEFINITIONAL_REPRESENTATION('',(#6596),#6600);
#6596 = LINE('',#6597,#6598);
#6597 = CARTESIAN_POINT('',(0.,0.));
#6598 = VECTOR('',#6599,1.);
#6599 = DIRECTION('',(0.,-1.));
#6600 = ( GEOMETRIC_REPRESENTATION_CONTEXT(2) 
PARAMETRIC_REPRESENTATION_CONTEXT() REPRESENTATION_CONTEXT('2D SPACE',''
  ) );
#6601 = PCURVE('',#6321,#6602);
#6602 = DEFINITIONAL_REPRESENTATION('',(#6603),#6607);
#6603 = LINE('',#6604,#6605);
#6604 = CARTESIAN_POINT('',(1.443375672974,1.110223024626E-15));
#6605 = VECTOR('',#6606,1.);
#6606 = DIRECTION('',(3.855557674268E-28,-1.));
#6607 = ( GEOMETRIC_REPRESENTATION_CONTEXT(2) 
PARAMETRIC_REPRESENTATION_CONTEXT() REPRESENTATION_CONTEXT('2D SPACE',''
  ) );
#6608 = ORIENTED_EDGE('',*,*,#6609,.F.);
#6609 = EDGE_CURVE('',#6503,#6587,#6610,.T.);
#6610 = SURFACE_CURVE('',#6611,(#6616,#6623),.PCURVE_S1.);
#6611 = HYPERBOLA('',#6612,0.454963467216,1.25);
#6612 = AXIS2_PLACEMENT_3D('',#6613,#6614,#6615);
#6613 = CARTESIAN_POINT('',(-19.5,-14.25,6.299080372125));
#6614 = DIRECTION('',(0.,-1.,8.881784197001E-16));
#6615 = DIRECTION('',(0.,8.881784197001E-16,1.));
#6616 = PCURVE('',#6285,#6617);
#6617 = DEFINITIONAL_REPRESENTATION('',(#6618),#6622);
#6618 = HYPERBOLA('',#6619,0.454963467216,1.25);
#6619 = AXIS2_PLACEMENT_2D('',#6620,#6621);
#6620 = CARTESIAN_POINT('',(0.721687836487,-9.700919627875));
#6621 = DIRECTION('',(0.,1.));
#6622 = ( GEOMETRIC_REPRESENTATION_CONTEXT(2) 
PARAMETRIC_REPRESENTATION_CONTEXT() REPRESENTATION_CONTEXT('2D SPACE',''
  ) );
#6623 = PCURVE('',#6542,#6624);
#6624 = DEFINITIONAL_REPRESENTATION('',(#6625),#6636);
#6625 = B_SPLINE_CURVE_WITH_KNOTS('',9,(#6626,#6627,#6628,#6629,#6630,
    #6631,#6632,#6633,#6634,#6635),.UNSPECIFIED.,.F.,.F.,(10,10),(
    -0.646774826402,0.646774826402),.PIECEWISE_BEZIER_KNOTS.);
#6626 = CARTESIAN_POINT('',(0.964905207956,0.553486946207));
#6627 = CARTESIAN_POINT('',(1.083048682524,0.508182821976));
#6628 = CARTESIAN_POINT('',(1.212070841286,0.47574166301));
#6629 = CARTESIAN_POINT('',(1.35073639829,0.454809791019));
#6630 = CARTESIAN_POINT('',(1.496451142968,0.4445459758));
#6631 = CARTESIAN_POINT('',(1.645141510769,0.444545975797));
#6632 = CARTESIAN_POINT('',(1.790856255251,0.45480979102));
#6633 = CARTESIAN_POINT('',(1.929521812348,0.475741663012));
#6634 = CARTESIAN_POINT('',(2.058543971067,0.508182821976));
#6635 = CARTESIAN_POINT('',(2.176687445635,0.553486946207));
#6636 = ( GEOMETRIC_REPRESENTATION_CONTEXT(2) 
PARAMETRIC_REPRESENTATION_CONTEXT() REPRESENTATION_CONTEXT('2D SPACE',''
  ) );
#6637 = ORIENTED_EDGE('',*,*,#6502,.F.);
#6638 = ADVANCED_FACE('',(#6639),#6321,.T.);
#6639 = FACE_BOUND('',#6640,.T.);
#6640 = EDGE_LOOP('',(#6641,#6642,#6665,#6694));
#6641 = ORIENTED_EDGE('',*,*,#6297,.T.);
#6642 = ORIENTED_EDGE('',*,*,#6643,.T.);
#6643 = EDGE_CURVE('',#6298,#6644,#6646,.T.);
#6644 = VERTEX_POINT('',#6645);
#6645 = CARTESIAN_POINT('',(-20.94337567297,-15.5,6.824426932662));
#6646 = SURFACE_CURVE('',#6647,(#6651,#6658),.PCURVE_S1.);
#6647 = LINE('',#6648,#6649);
#6648 = CARTESIAN_POINT('',(-20.94337567297,-15.5,16.));
#6649 = VECTOR('',#6650,1.);
#6650 = DIRECTION('',(0.,-8.881784197001E-16,-1.));
#6651 = PCURVE('',#6321,#6652);
#6652 = DEFINITIONAL_REPRESENTATION('',(#6653),#6657);
#6653 = LINE('',#6654,#6655);
#6654 = CARTESIAN_POINT('',(0.,0.));
#6655 = VECTOR('',#6656,1.);
#6656 = DIRECTION('',(3.855557674268E-28,-1.));
#6657 = ( GEOMETRIC_REPRESENTATION_CONTEXT(2) 
PARAMETRIC_REPRESENTATION_CONTEXT() REPRESENTATION_CONTEXT('2D SPACE',''
  ) );
#6658 = PCURVE('',#6357,#6659);
#6659 = DEFINITIONAL_REPRESENTATION('',(#6660),#6664);
#6660 = LINE('',#6661,#6662);
#6661 = CARTESIAN_POINT('',(1.443375672974,1.110223024626E-15));
#6662 = VECTOR('',#6663,1.);
#6663 = DIRECTION('',(3.855557674268E-28,-1.));
#6664 = ( GEOMETRIC_REPRESENTATION_CONTEXT(2) 
PARAMETRIC_REPRESENTATION_CONTEXT() REPRESENTATION_CONTEXT('2D SPACE',''
  ) );
#6665 = ORIENTED_EDGE('',*,*,#6666,.F.);
#6666 = EDGE_CURVE('',#6587,#6644,#6667,.T.);
#6667 = SURFACE_CURVE('',#6668,(#6673,#6680),.PCURVE_S1.);
#6668 = HYPERBOLA('',#6669,0.454963467216,1.25);
#6669 = AXIS2_PLACEMENT_3D('',#6670,#6671,#6672);
#6670 = CARTESIAN_POINT('',(-20.58253175473,-14.875,6.299080372125));
#6671 = DIRECTION('',(0.866025403784,-0.5,4.440892098502E-16));
#6672 = DIRECTION('',(4.326600975418E-29,8.881784197001E-16,1.));
#6673 = PCURVE('',#6321,#6674);
#6674 = DEFINITIONAL_REPRESENTATION('',(#6675),#6679);
#6675 = HYPERBOLA('',#6676,0.454963467216,1.25);
#6676 = AXIS2_PLACEMENT_2D('',#6677,#6678);
#6677 = CARTESIAN_POINT('',(0.721687836487,-9.700919627875));
#6678 = DIRECTION('',(-3.855557674268E-28,1.));
#6679 = ( GEOMETRIC_REPRESENTATION_CONTEXT(2) 
PARAMETRIC_REPRESENTATION_CONTEXT() REPRESENTATION_CONTEXT('2D SPACE',''
  ) );
#6680 = PCURVE('',#6542,#6681);
#6681 = DEFINITIONAL_REPRESENTATION('',(#6682),#6693);
#6682 = B_SPLINE_CURVE_WITH_KNOTS('',9,(#6683,#6684,#6685,#6686,#6687,
    #6688,#6689,#6690,#6691,#6692),.UNSPECIFIED.,.F.,.F.,(10,10),(
    -0.646774826402,0.646774826402),.PIECEWISE_BEZIER_KNOTS.);
#6683 = CARTESIAN_POINT('',(2.012102759153,0.553486946207));
#6684 = CARTESIAN_POINT('',(2.13024623372,0.508182821976));
#6685 = CARTESIAN_POINT('',(2.259268392443,0.475741663011));
#6686 = CARTESIAN_POINT('',(2.397933949582,0.454809791026));
#6687 = CARTESIAN_POINT('',(2.54364869391,0.444545975815));
#6688 = CARTESIAN_POINT('',(2.69233906209,0.444545975782));
#6689 = CARTESIAN_POINT('',(2.838053806397,0.454809791032));
#6690 = CARTESIAN_POINT('',(2.976719363556,0.475741663009));
#6691 = CARTESIAN_POINT('',(3.105741522263,0.508182821976));
#6692 = CARTESIAN_POINT('',(3.223884996831,0.553486946207));
#6693 = ( GEOMETRIC_REPRESENTATION_CONTEXT(2) 
PARAMETRIC_REPRESENTATION_CONTEXT() REPRESENTATION_CONTEXT('2D SPACE',''
  ) );
#6694 = ORIENTED_EDGE('',*,*,#6586,.F.);
#6695 = ADVANCED_FACE('',(#6696),#6357,.T.);
#6696 = FACE_BOUND('',#6697,.T.);
#6697 = EDGE_LOOP('',(#6698,#6699,#6722,#6751));
#6698 = ORIENTED_EDGE('',*,*,#6333,.T.);
#6699 = ORIENTED_EDGE('',*,*,#6700,.T.);
#6700 = EDGE_CURVE('',#6334,#6701,#6703,.T.);
#6701 = VERTEX_POINT('',#6702);
#6702 = CARTESIAN_POINT('',(-20.22168783648,-16.75,6.824426932662));
#6703 = SURFACE_CURVE('',#6704,(#6708,#6715),.PCURVE_S1.);
#6704 = LINE('',#6705,#6706);
#6705 = CARTESIAN_POINT('',(-20.22168783648,-16.75,16.));
#6706 = VECTOR('',#6707,1.);
#6707 = DIRECTION('',(0.,-8.881784197001E-16,-1.));
#6708 = PCURVE('',#6357,#6709);
#6709 = DEFINITIONAL_REPRESENTATION('',(#6710),#6714);
#6710 = LINE('',#6711,#6712);
#6711 = CARTESIAN_POINT('',(0.,0.));
#6712 = VECTOR('',#6713,1.);
#6713 = DIRECTION('',(3.855557674268E-28,-1.));
#6714 = ( GEOMETRIC_REPRESENTATION_CONTEXT(2) 
PARAMETRIC_REPRESENTATION_CONTEXT() REPRESENTATION_CONTEXT('2D SPACE',''
  ) );
#6715 = PCURVE('',#6393,#6716);
#6716 = DEFINITIONAL_REPRESENTATION('',(#6717),#6721);
#6717 = LINE('',#6718,#6719);
#6718 = CARTESIAN_POINT('',(1.443375672974,0.));
#6719 = VECTOR('',#6720,1.);
#6720 = DIRECTION('',(-0.,-1.));
#6721 = ( GEOMETRIC_REPRESENTATION_CONTEXT(2) 
PARAMETRIC_REPRESENTATION_CONTEXT() REPRESENTATION_CONTEXT('2D SPACE',''
  ) );
#6722 = ORIENTED_EDGE('',*,*,#6723,.F.);
#6723 = EDGE_CURVE('',#6644,#6701,#6724,.T.);
#6724 = SURFACE_CURVE('',#6725,(#6730,#6737),.PCURVE_S1.);
#6725 = HYPERBOLA('',#6726,0.454963467216,1.25);
#6726 = AXIS2_PLACEMENT_3D('',#6727,#6728,#6729);
#6727 = CARTESIAN_POINT('',(-20.58253175473,-16.125,6.299080372125));
#6728 = DIRECTION('',(0.866025403784,0.5,-4.440892098502E-16));
#6729 = DIRECTION('',(-4.326600975418E-29,8.881784197001E-16,1.));
#6730 = PCURVE('',#6357,#6731);
#6731 = DEFINITIONAL_REPRESENTATION('',(#6732),#6736);
#6732 = HYPERBOLA('',#6733,0.454963467216,1.25);
#6733 = AXIS2_PLACEMENT_2D('',#6734,#6735);
#6734 = CARTESIAN_POINT('',(0.721687836487,-9.700919627875));
#6735 = DIRECTION('',(-3.855557674268E-28,1.));
#6736 = ( GEOMETRIC_REPRESENTATION_CONTEXT(2) 
PARAMETRIC_REPRESENTATION_CONTEXT() REPRESENTATION_CONTEXT('2D SPACE',''
  ) );
#6737 = PCURVE('',#6542,#6738);
#6738 = DEFINITIONAL_REPRESENTATION('',(#6739),#6750);
#6739 = B_SPLINE_CURVE_WITH_KNOTS('',9,(#6740,#6741,#6742,#6743,#6744,
    #6745,#6746,#6747,#6748,#6749),.UNSPECIFIED.,.F.,.F.,(10,10),(
    -0.646774826402,0.646774826402),.PIECEWISE_BEZIER_KNOTS.);
#6740 = CARTESIAN_POINT('',(3.059300310349,0.553486946207));
#6741 = CARTESIAN_POINT('',(3.177443784917,0.508182821976));
#6742 = CARTESIAN_POINT('',(3.306465943706,0.475741663006));
#6743 = CARTESIAN_POINT('',(3.445131500524,0.454809791048));
#6744 = CARTESIAN_POINT('',(3.590846245704,0.444545975751));
#6745 = CARTESIAN_POINT('',(3.739536612662,0.444545975849));
#6746 = CARTESIAN_POINT('',(3.885251357871,0.454809791005));
#6747 = CARTESIAN_POINT('',(4.023916914684,0.475741663017));
#6748 = CARTESIAN_POINT('',(4.15293907346,0.508182821976));
#6749 = CARTESIAN_POINT('',(4.271082548028,0.553486946207));
#6750 = ( GEOMETRIC_REPRESENTATION_CONTEXT(2) 
PARAMETRIC_REPRESENTATION_CONTEXT() REPRESENTATION_CONTEXT('2D SPACE',''
  ) );
#6751 = ORIENTED_EDGE('',*,*,#6643,.F.);
#6752 = ADVANCED_FACE('',(#6753),#6393,.T.);
#6753 = FACE_BOUND('',#6754,.T.);
#6754 = EDGE_LOOP('',(#6755,#6756,#6779,#6808));
#6755 = ORIENTED_EDGE('',*,*,#6369,.T.);
#6756 = ORIENTED_EDGE('',*,*,#6757,.T.);
#6757 = EDGE_CURVE('',#6370,#6758,#6760,.T.);
#6758 = VERTEX_POINT('',#6759);
#6759 = CARTESIAN_POINT('',(-18.77831216351,-16.75,6.824426932662));
#6760 = SURFACE_CURVE('',#6761,(#6765,#6772),.PCURVE_S1.);
#6761 = LINE('',#6762,#6763);
#6762 = CARTESIAN_POINT('',(-18.77831216351,-16.75,16.));
#6763 = VECTOR('',#6764,1.);
#6764 = DIRECTION('',(0.,-8.881784197001E-16,-1.));
#6765 = PCURVE('',#6393,#6766);
#6766 = DEFINITIONAL_REPRESENTATION('',(#6767),#6771);
#6767 = LINE('',#6768,#6769);
#6768 = CARTESIAN_POINT('',(0.,0.));
#6769 = VECTOR('',#6770,1.);
#6770 = DIRECTION('',(-0.,-1.));
#6771 = ( GEOMETRIC_REPRESENTATION_CONTEXT(2) 
PARAMETRIC_REPRESENTATION_CONTEXT() REPRESENTATION_CONTEXT('2D SPACE',''
  ) );
#6772 = PCURVE('',#6429,#6773);
#6773 = DEFINITIONAL_REPRESENTATION('',(#6774),#6778);
#6774 = LINE('',#6775,#6776);
#6775 = CARTESIAN_POINT('',(1.443375672974,-1.110223024626E-15));
#6776 = VECTOR('',#6777,1.);
#6777 = DIRECTION('',(-3.855557674268E-28,-1.));
#6778 = ( GEOMETRIC_REPRESENTATION_CONTEXT(2) 
PARAMETRIC_REPRESENTATION_CONTEXT() REPRESENTATION_CONTEXT('2D SPACE',''
  ) );
#6779 = ORIENTED_EDGE('',*,*,#6780,.F.);
#6780 = EDGE_CURVE('',#6701,#6758,#6781,.T.);
#6781 = SURFACE_CURVE('',#6782,(#6787,#6794),.PCURVE_S1.);
#6782 = HYPERBOLA('',#6783,0.454963467216,1.25);
#6783 = AXIS2_PLACEMENT_3D('',#6784,#6785,#6786);
#6784 = CARTESIAN_POINT('',(-19.5,-16.75,6.299080372125));
#6785 = DIRECTION('',(0.,1.,-8.881784197001E-16));
#6786 = DIRECTION('',(0.,8.881784197001E-16,1.));
#6787 = PCURVE('',#6393,#6788);
#6788 = DEFINITIONAL_REPRESENTATION('',(#6789),#6793);
#6789 = HYPERBOLA('',#6790,0.454963467216,1.25);
#6790 = AXIS2_PLACEMENT_2D('',#6791,#6792);
#6791 = CARTESIAN_POINT('',(0.721687836487,-9.700919627875));
#6792 = DIRECTION('',(0.,1.));
#6793 = ( GEOMETRIC_REPRESENTATION_CONTEXT(2) 
PARAMETRIC_REPRESENTATION_CONTEXT() REPRESENTATION_CONTEXT('2D SPACE',''
  ) );
#6794 = PCURVE('',#6542,#6795);
#6795 = DEFINITIONAL_REPRESENTATION('',(#6796),#6807);
#6796 = B_SPLINE_CURVE_WITH_KNOTS('',9,(#6797,#6798,#6799,#6800,#6801,
    #6802,#6803,#6804,#6805,#6806),.UNSPECIFIED.,.F.,.F.,(10,10),(
    -0.646774826402,0.646774826402),.PIECEWISE_BEZIER_KNOTS.);
#6797 = CARTESIAN_POINT('',(4.106497861546,0.553486946207));
#6798 = CARTESIAN_POINT('',(4.224641336114,0.508182821976));
#6799 = CARTESIAN_POINT('',(4.353663494862,0.47574166301));
#6800 = CARTESIAN_POINT('',(4.492329051914,0.454809791019));
#6801 = CARTESIAN_POINT('',(4.638043796538,0.4445459758));
#6802 = CARTESIAN_POINT('',(4.786734164252,0.444545975797));
#6803 = CARTESIAN_POINT('',(4.932448908872,0.45480979102));
#6804 = CARTESIAN_POINT('',(5.071114465911,0.475741663012));
#6805 = CARTESIAN_POINT('',(5.200136624657,0.508182821976));
#6806 = CARTESIAN_POINT('',(5.318280099224,0.553486946207));
#6807 = ( GEOMETRIC_REPRESENTATION_CONTEXT(2) 
PARAMETRIC_REPRESENTATION_CONTEXT() REPRESENTATION_CONTEXT('2D SPACE',''
  ) );
#6808 = ORIENTED_EDGE('',*,*,#6700,.F.);
#6809 = ADVANCED_FACE('',(#6810),#6429,.T.);
#6810 = FACE_BOUND('',#6811,.T.);
#6811 = EDGE_LOOP('',(#6812,#6813,#6814,#6843));
#6812 = ORIENTED_EDGE('',*,*,#6405,.T.);
#6813 = ORIENTED_EDGE('',*,*,#6561,.T.);
#6814 = ORIENTED_EDGE('',*,*,#6815,.F.);
#6815 = EDGE_CURVE('',#6758,#6526,#6816,.T.);
#6816 = SURFACE_CURVE('',#6817,(#6822,#6829),.PCURVE_S1.);
#6817 = HYPERBOLA('',#6818,0.454963467216,1.25);
#6818 = AXIS2_PLACEMENT_3D('',#6819,#6820,#6821);
#6819 = CARTESIAN_POINT('',(-18.41746824526,-16.125,6.299080372125));
#6820 = DIRECTION('',(-0.866025403784,0.5,-4.440892098502E-16));
#6821 = DIRECTION('',(4.326600975418E-29,8.881784197001E-16,1.));
#6822 = PCURVE('',#6429,#6823);
#6823 = DEFINITIONAL_REPRESENTATION('',(#6824),#6828);
#6824 = HYPERBOLA('',#6825,0.454963467216,1.25);
#6825 = AXIS2_PLACEMENT_2D('',#6826,#6827);
#6826 = CARTESIAN_POINT('',(0.721687836487,-9.700919627875));
#6827 = DIRECTION('',(3.855557674268E-28,1.));
#6828 = ( GEOMETRIC_REPRESENTATION_CONTEXT(2) 
PARAMETRIC_REPRESENTATION_CONTEXT() REPRESENTATION_CONTEXT('2D SPACE',''
  ) );
#6829 = PCURVE('',#6542,#6830);
#6830 = DEFINITIONAL_REPRESENTATION('',(#6831),#6842);
#6831 = B_SPLINE_CURVE_WITH_KNOTS('',9,(#6832,#6833,#6834,#6835,#6836,
    #6837,#6838,#6839,#6840,#6841),.UNSPECIFIED.,.F.,.F.,(10,10),(
    -0.549306144334,0.549306144334),.PIECEWISE_BEZIER_KNOTS.);
#6832 = CARTESIAN_POINT('',(5.235987755461,0.525346560117));
#6833 = CARTESIAN_POINT('',(5.341701803171,0.493282549805));
#6834 = CARTESIAN_POINT('',(5.454674574529,0.470025018557));
#6835 = CARTESIAN_POINT('',(5.573766372589,0.454882901438));
#6836 = CARTESIAN_POINT('',(5.697107220945,0.44741820425));
#6837 = CARTESIAN_POINT('',(5.822066016855,0.447418203479));
#6838 = CARTESIAN_POINT('',(5.94540644017,0.454882901961));
#6839 = CARTESIAN_POINT('',(6.064498545092,0.470025018627));
#6840 = CARTESIAN_POINT('',(6.177471289869,0.493282550051));
#6841 = CARTESIAN_POINT('',(6.28318530718,0.525346560537));
#6842 = ( GEOMETRIC_REPRESENTATION_CONTEXT(2) 
PARAMETRIC_REPRESENTATION_CONTEXT() REPRESENTATION_CONTEXT('2D SPACE',''
  ) );
#6843 = ORIENTED_EDGE('',*,*,#6757,.F.);
#6844 = ADVANCED_FACE('',(#6845),#6542,.F.);
#6845 = FACE_BOUND('',#6846,.F.);
#6846 = EDGE_LOOP('',(#6847,#6848,#6849,#6850,#6851,#6852,#6853,#6876));
#6847 = ORIENTED_EDGE('',*,*,#6815,.F.);
#6848 = ORIENTED_EDGE('',*,*,#6780,.F.);
#6849 = ORIENTED_EDGE('',*,*,#6723,.F.);
#6850 = ORIENTED_EDGE('',*,*,#6666,.F.);
#6851 = ORIENTED_EDGE('',*,*,#6609,.F.);
#6852 = ORIENTED_EDGE('',*,*,#6525,.F.);
#6853 = ORIENTED_EDGE('',*,*,#6854,.F.);
#6854 = EDGE_CURVE('',#6855,#6526,#6857,.T.);
#6855 = VERTEX_POINT('',#6856);
#6856 = CARTESIAN_POINT('',(-19.5,-15.5,6.299080372125));
#6857 = SEAM_CURVE('',#6858,(#6862,#6869),.PCURVE_S1.);
#6858 = LINE('',#6859,#6860);
#6859 = CARTESIAN_POINT('',(-19.5,-15.5,6.299080372125));
#6860 = VECTOR('',#6861,1.);
#6861 = DIRECTION('',(0.939692457849,3.797191350146E-16,0.342020590991)
  );
#6862 = PCURVE('',#6542,#6863);
#6863 = DEFINITIONAL_REPRESENTATION('',(#6864),#6868);
#6864 = LINE('',#6865,#6866);
#6865 = CARTESIAN_POINT('',(0.,0.));
#6866 = VECTOR('',#6867,1.);
#6867 = DIRECTION('',(-0.,1.));
#6868 = ( GEOMETRIC_REPRESENTATION_CONTEXT(2) 
PARAMETRIC_REPRESENTATION_CONTEXT() REPRESENTATION_CONTEXT('2D SPACE',''
  ) );
#6869 = PCURVE('',#6542,#6870);
#6870 = DEFINITIONAL_REPRESENTATION('',(#6871),#6875);
#6871 = LINE('',#6872,#6873);
#6872 = CARTESIAN_POINT('',(6.283185307179,0.));
#6873 = VECTOR('',#6874,1.);
#6874 = DIRECTION('',(-0.,1.));
#6875 = ( GEOMETRIC_REPRESENTATION_CONTEXT(2) 
PARAMETRIC_REPRESENTATION_CONTEXT() REPRESENTATION_CONTEXT('2D SPACE',''
  ) );
#6876 = ORIENTED_EDGE('',*,*,#6854,.T.);
#6877 = ( GEOMETRIC_REPRESENTATION_CONTEXT(3) 
GLOBAL_UNCERTAINTY_ASSIGNED_CONTEXT((#6881)) 
GLOBAL_UNIT_ASSIGNED_CONTEXT((#6878,#6879,#6880)) REPRESENTATION_CONTEXT
('Context #1','3D Context with UNIT and UNCERTAINTY') );
#6878 = ( LENGTH_UNIT() NAMED_UNIT(*) SI_UNIT(.MILLI.,.METRE.) );
#6879 = ( NAMED_UNIT(*) PLANE_ANGLE_UNIT() SI_UNIT($,.RADIAN.) );
#6880 = ( NAMED_UNIT(*) SI_UNIT($,.STERADIAN.) SOLID_ANGLE_UNIT() );
#6881 = UNCERTAINTY_MEASURE_WITH_UNIT(LENGTH_MEASURE(1.E-07),#6878,
  'distance_accuracy_value','confusion accuracy');
#6882 = CONTEXT_DEPENDENT_SHAPE_REPRESENTATION(#6883,#6885);
#6883 = ( REPRESENTATION_RELATIONSHIP('','',#5876,#10) 
REPRESENTATION_RELATIONSHIP_WITH_TRANSFORMATION(#6884) 
SHAPE_REPRESENTATION_RELATIONSHIP() );
#6884 = ITEM_DEFINED_TRANSFORMATION('','',#11,#79);
#6885 = PRODUCT_DEFINITION_SHAPE('Placement','Placement of an item',
  #6886);
#6886 = NEXT_ASSEMBLY_USAGE_OCCURRENCE('17',
  'source_locked_motor_m3x10_fastener_2','',#5,#5871,$);
#6887 = PRODUCT_RELATED_PRODUCT_CATEGORY('part',$,(#5873));
#6888 = SHAPE_DEFINITION_REPRESENTATION(#6889,#6895);
#6889 = PRODUCT_DEFINITION_SHAPE('','',#6890);
#6890 = PRODUCT_DEFINITION('design','',#6891,#6894);
#6891 = PRODUCT_DEFINITION_FORMATION('','',#6892);
#6892 = PRODUCT('source_locked_motor_m3x10_fastener_3',
  'source_locked_motor_m3x10_fastener_3','',(#6893));
#6893 = PRODUCT_CONTEXT('',#2,'mechanical');
#6894 = PRODUCT_DEFINITION_CONTEXT('part definition',#2,'design');
#6895 = ADVANCED_BREP_SHAPE_REPRESENTATION('',(#11,#6896),#7896);
#6896 = MANIFOLD_SOLID_BREP('',#6897);
#6897 = CLOSED_SHELL('',(#6898,#6966,#7019,#7074,#7129,#7182,#7235,#7239
    ,#7274,#7516,#7600,#7657,#7714,#7771,#7828,#7863));
#6898 = ADVANCED_FACE('',(#6899,#6935),#6912,.T.);
#6899 = FACE_BOUND('',#6900,.T.);
#6900 = EDGE_LOOP('',(#6901));
#6901 = ORIENTED_EDGE('',*,*,#6902,.T.);
#6902 = EDGE_CURVE('',#6903,#6903,#6905,.T.);
#6903 = VERTEX_POINT('',#6904);
#6904 = CARTESIAN_POINT('',(-47.85,15.5,6.));
#6905 = SURFACE_CURVE('',#6906,(#6911,#6923),.PCURVE_S1.);
#6906 = CIRCLE('',#6907,2.65);
#6907 = AXIS2_PLACEMENT_3D('',#6908,#6909,#6910);
#6908 = CARTESIAN_POINT('',(-50.5,15.5,6.));
#6909 = DIRECTION('',(-1.325926550505E-63,-4.440892098501E-16,-1.));
#6910 = DIRECTION('',(1.,-7.171462774736E-32,3.184769237102E-47));
#6911 = PCURVE('',#6912,#6917);
#6912 = PLANE('',#6913);
#6913 = AXIS2_PLACEMENT_3D('',#6914,#6915,#6916);
#6914 = CARTESIAN_POINT('',(-50.5,15.5,6.));
#6915 = DIRECTION('',(0.,-4.440892098501E-16,-1.));
#6916 = DIRECTION('',(1.,0.,0.));
#6917 = DEFINITIONAL_REPRESENTATION('',(#6918),#6922);
#6918 = CIRCLE('',#6919,2.65);
#6919 = AXIS2_PLACEMENT_2D('',#6920,#6921);
#6920 = CARTESIAN_POINT('',(0.,0.));
#6921 = DIRECTION('',(1.,7.171462774736E-32));
#6922 = ( GEOMETRIC_REPRESENTATION_CONTEXT(2) 
PARAMETRIC_REPRESENTATION_CONTEXT() REPRESENTATION_CONTEXT('2D SPACE',''
  ) );
#6923 = PCURVE('',#6924,#6929);
#6924 = CONICAL_SURFACE('',#6925,2.75,0.785398163397);
#6925 = AXIS2_PLACEMENT_3D('',#6926,#6927,#6928);
#6926 = CARTESIAN_POINT('',(-50.5,15.5,6.1));
#6927 = DIRECTION('',(0.,4.440892098501E-16,1.));
#6928 = DIRECTION('',(1.,-7.171462774736E-32,3.184769237102E-47));
#6929 = DEFINITIONAL_REPRESENTATION('',(#6930),#6934);
#6930 = LINE('',#6931,#6932);
#6931 = CARTESIAN_POINT('',(6.28318530718,-0.1));
#6932 = VECTOR('',#6933,1.);
#6933 = DIRECTION('',(-1.,0.));
#6934 = ( GEOMETRIC_REPRESENTATION_CONTEXT(2) 
PARAMETRIC_REPRESENTATION_CONTEXT() REPRESENTATION_CONTEXT('2D SPACE',''
  ) );
#6935 = FACE_BOUND('',#6936,.T.);
#6936 = EDGE_LOOP('',(#6937));
#6937 = ORIENTED_EDGE('',*,*,#6938,.F.);
#6938 = EDGE_CURVE('',#6939,#6939,#6941,.T.);
#6939 = VERTEX_POINT('',#6940);
#6940 = CARTESIAN_POINT('',(-49.,15.5,6.));
#6941 = SURFACE_CURVE('',#6942,(#6947,#6954),.PCURVE_S1.);
#6942 = CIRCLE('',#6943,1.5);
#6943 = AXIS2_PLACEMENT_3D('',#6944,#6945,#6946);
#6944 = CARTESIAN_POINT('',(-50.5,15.5,6.));
#6945 = DIRECTION('',(0.,-4.440892098501E-16,-1.));
#6946 = DIRECTION('',(1.,0.,0.));
#6947 = PCURVE('',#6912,#6948);
#6948 = DEFINITIONAL_REPRESENTATION('',(#6949),#6953);
#6949 = CIRCLE('',#6950,1.5);
#6950 = AXIS2_PLACEMENT_2D('',#6951,#6952);
#6951 = CARTESIAN_POINT('',(0.,0.));
#6952 = DIRECTION('',(1.,0.));
#6953 = ( GEOMETRIC_REPRESENTATION_CONTEXT(2) 
PARAMETRIC_REPRESENTATION_CONTEXT() REPRESENTATION_CONTEXT('2D SPACE',''
  ) );
#6954 = PCURVE('',#6955,#6960);
#6955 = CYLINDRICAL_SURFACE('',#6956,1.5);
#6956 = AXIS2_PLACEMENT_3D('',#6957,#6958,#6959);
#6957 = CARTESIAN_POINT('',(-50.5,15.5,6.));
#6958 = DIRECTION('',(0.,-4.440892098501E-16,-1.));
#6959 = DIRECTION('',(1.,0.,0.));
#6960 = DEFINITIONAL_REPRESENTATION('',(#6961),#6965);
#6961 = LINE('',#6962,#6963);
#6962 = CARTESIAN_POINT('',(0.,0.));
#6963 = VECTOR('',#6964,1.);
#6964 = DIRECTION('',(1.,0.));
#6965 = ( GEOMETRIC_REPRESENTATION_CONTEXT(2) 
PARAMETRIC_REPRESENTATION_CONTEXT() REPRESENTATION_CONTEXT('2D SPACE',''
  ) );
#6966 = ADVANCED_FACE('',(#6967),#6924,.T.);
#6967 = FACE_BOUND('',#6968,.T.);
#6968 = EDGE_LOOP('',(#6969,#6998,#7017,#7018));
#6969 = ORIENTED_EDGE('',*,*,#6970,.T.);
#6970 = EDGE_CURVE('',#6971,#6971,#6973,.T.);
#6971 = VERTEX_POINT('',#6972);
#6972 = CARTESIAN_POINT('',(-47.75,15.5,6.1));
#6973 = SURFACE_CURVE('',#6974,(#6979,#6986),.PCURVE_S1.);
#6974 = CIRCLE('',#6975,2.75);
#6975 = AXIS2_PLACEMENT_3D('',#6976,#6977,#6978);
#6976 = CARTESIAN_POINT('',(-50.5,15.5,6.1));
#6977 = DIRECTION('',(-1.325926550505E-63,-4.440892098501E-16,-1.));
#6978 = DIRECTION('',(1.,-7.171462774736E-32,3.184769237102E-47));
#6979 = PCURVE('',#6924,#6980);
#6980 = DEFINITIONAL_REPRESENTATION('',(#6981),#6985);
#6981 = LINE('',#6982,#6983);
#6982 = CARTESIAN_POINT('',(6.28318530718,0.));
#6983 = VECTOR('',#6984,1.);
#6984 = DIRECTION('',(-1.,0.));
#6985 = ( GEOMETRIC_REPRESENTATION_CONTEXT(2) 
PARAMETRIC_REPRESENTATION_CONTEXT() REPRESENTATION_CONTEXT('2D SPACE',''
  ) );
#6986 = PCURVE('',#6987,#6992);
#6987 = CYLINDRICAL_SURFACE('',#6988,2.75);
#6988 = AXIS2_PLACEMENT_3D('',#6989,#6990,#6991);
#6989 = CARTESIAN_POINT('',(-50.5,15.5,9.));
#6990 = DIRECTION('',(0.,-4.440892098501E-16,-1.));
#6991 = DIRECTION('',(1.,2.422304781E-16,-1.07571941621E-31));
#6992 = DEFINITIONAL_REPRESENTATION('',(#6993),#6997);
#6993 = LINE('',#6994,#6995);
#6994 = CARTESIAN_POINT('',(2.422304781E-16,2.9));
#6995 = VECTOR('',#6996,1.);
#6996 = DIRECTION('',(1.,0.));
#6997 = ( GEOMETRIC_REPRESENTATION_CONTEXT(2) 
PARAMETRIC_REPRESENTATION_CONTEXT() REPRESENTATION_CONTEXT('2D SPACE',''
  ) );
#6998 = ORIENTED_EDGE('',*,*,#6999,.F.);
#6999 = EDGE_CURVE('',#6903,#6971,#7000,.T.);
#7000 = SEAM_CURVE('',#7001,(#7005,#7011),.PCURVE_S1.);
#7001 = LINE('',#7002,#7003);
#7002 = CARTESIAN_POINT('',(-47.75,15.5,6.1));
#7003 = VECTOR('',#7004,1.);
#7004 = DIRECTION('',(0.707106781187,4.85301305411E-16,0.707106781187));
#7005 = PCURVE('',#6924,#7006);
#7006 = DEFINITIONAL_REPRESENTATION('',(#7007),#7010);
#7007 = B_SPLINE_CURVE_WITH_KNOTS('',1,(#7008,#7009),.UNSPECIFIED.,.F.,
  .F.,(2,2),(-0.141421356237,0.),.PIECEWISE_BEZIER_KNOTS.);
#7008 = CARTESIAN_POINT('',(0.,-0.1));
#7009 = CARTESIAN_POINT('',(0.,0.));
#7010 = ( GEOMETRIC_REPRESENTATION_CONTEXT(2) 
PARAMETRIC_REPRESENTATION_CONTEXT() REPRESENTATION_CONTEXT('2D SPACE',''
  ) );
#7011 = PCURVE('',#6924,#7012);
#7012 = DEFINITIONAL_REPRESENTATION('',(#7013),#7016);
#7013 = B_SPLINE_CURVE_WITH_KNOTS('',1,(#7014,#7015),.UNSPECIFIED.,.F.,
  .F.,(2,2),(-0.141421356237,0.),.PIECEWISE_BEZIER_KNOTS.);
#7014 = CARTESIAN_POINT('',(6.283185307179,-0.1));
#7015 = CARTESIAN_POINT('',(6.283185307179,0.));
#7016 = ( GEOMETRIC_REPRESENTATION_CONTEXT(2) 
PARAMETRIC_REPRESENTATION_CONTEXT() REPRESENTATION_CONTEXT('2D SPACE',''
  ) );
#7017 = ORIENTED_EDGE('',*,*,#6902,.F.);
#7018 = ORIENTED_EDGE('',*,*,#6999,.T.);
#7019 = ADVANCED_FACE('',(#7020),#6955,.T.);
#7020 = FACE_BOUND('',#7021,.T.);
#7021 = EDGE_LOOP('',(#7022,#7045,#7046,#7047));
#7022 = ORIENTED_EDGE('',*,*,#7023,.F.);
#7023 = EDGE_CURVE('',#6939,#7024,#7026,.T.);
#7024 = VERTEX_POINT('',#7025);
#7025 = CARTESIAN_POINT('',(-49.,15.5,-3.6));
#7026 = SEAM_CURVE('',#7027,(#7031,#7038),.PCURVE_S1.);
#7027 = LINE('',#7028,#7029);
#7028 = CARTESIAN_POINT('',(-49.,15.5,6.));
#7029 = VECTOR('',#7030,1.);
#7030 = DIRECTION('',(0.,-6.661338147751E-16,-1.));
#7031 = PCURVE('',#6955,#7032);
#7032 = DEFINITIONAL_REPRESENTATION('',(#7033),#7037);
#7033 = LINE('',#7034,#7035);
#7034 = CARTESIAN_POINT('',(0.,0.));
#7035 = VECTOR('',#7036,1.);
#7036 = DIRECTION('',(0.,1.));
#7037 = ( GEOMETRIC_REPRESENTATION_CONTEXT(2) 
PARAMETRIC_REPRESENTATION_CONTEXT() REPRESENTATION_CONTEXT('2D SPACE',''
  ) );
#7038 = PCURVE('',#6955,#7039);
#7039 = DEFINITIONAL_REPRESENTATION('',(#7040),#7044);
#7040 = LINE('',#7041,#7042);
#7041 = CARTESIAN_POINT('',(6.28318530718,0.));
#7042 = VECTOR('',#7043,1.);
#7043 = DIRECTION('',(0.,1.));
#7044 = ( GEOMETRIC_REPRESENTATION_CONTEXT(2) 
PARAMETRIC_REPRESENTATION_CONTEXT() REPRESENTATION_CONTEXT('2D SPACE',''
  ) );
#7045 = ORIENTED_EDGE('',*,*,#6938,.T.);
#7046 = ORIENTED_EDGE('',*,*,#7023,.T.);
#7047 = ORIENTED_EDGE('',*,*,#7048,.F.);
#7048 = EDGE_CURVE('',#7024,#7024,#7049,.T.);
#7049 = SURFACE_CURVE('',#7050,(#7055,#7062),.PCURVE_S1.);
#7050 = CIRCLE('',#7051,1.5);
#7051 = AXIS2_PLACEMENT_3D('',#7052,#7053,#7054);
#7052 = CARTESIAN_POINT('',(-50.5,15.5,-3.6));
#7053 = DIRECTION('',(1.167748720224E-46,-4.440892098501E-16,-1.));
#7054 = DIRECTION('',(1.,-1.480297366167E-15,6.573840876843E-31));
#7055 = PCURVE('',#6955,#7056);
#7056 = DEFINITIONAL_REPRESENTATION('',(#7057),#7061);
#7057 = LINE('',#7058,#7059);
#7058 = CARTESIAN_POINT('',(1.480297366167E-15,9.6));
#7059 = VECTOR('',#7060,1.);
#7060 = DIRECTION('',(1.,0.));
#7061 = ( GEOMETRIC_REPRESENTATION_CONTEXT(2) 
PARAMETRIC_REPRESENTATION_CONTEXT() REPRESENTATION_CONTEXT('2D SPACE',''
  ) );
#7062 = PCURVE('',#7063,#7068);
#7063 = CONICAL_SURFACE('',#7064,1.5,0.785398163397);
#7064 = AXIS2_PLACEMENT_3D('',#7065,#7066,#7067);
#7065 = CARTESIAN_POINT('',(-50.5,15.5,-3.6));
#7066 = DIRECTION('',(-8.75811540203E-47,4.440892098501E-16,1.));
#7067 = DIRECTION('',(1.,-1.480297366167E-15,6.573840876843E-31));
#7068 = DEFINITIONAL_REPRESENTATION('',(#7069),#7073);
#7069 = LINE('',#7070,#7071);
#7070 = CARTESIAN_POINT('',(6.28318530718,0.));
#7071 = VECTOR('',#7072,1.);
#7072 = DIRECTION('',(-1.,0.));
#7073 = ( GEOMETRIC_REPRESENTATION_CONTEXT(2) 
PARAMETRIC_REPRESENTATION_CONTEXT() REPRESENTATION_CONTEXT('2D SPACE',''
  ) );
#7074 = ADVANCED_FACE('',(#7075),#6987,.T.);
#7075 = FACE_BOUND('',#7076,.T.);
#7076 = EDGE_LOOP('',(#7077,#7100,#7127,#7128));
#7077 = ORIENTED_EDGE('',*,*,#7078,.F.);
#7078 = EDGE_CURVE('',#7079,#6971,#7081,.T.);
#7079 = VERTEX_POINT('',#7080);
#7080 = CARTESIAN_POINT('',(-47.75,15.5,8.9));
#7081 = SEAM_CURVE('',#7082,(#7086,#7093),.PCURVE_S1.);
#7082 = LINE('',#7083,#7084);
#7083 = CARTESIAN_POINT('',(-47.75,15.5,9.));
#7084 = VECTOR('',#7085,1.);
#7085 = DIRECTION('',(0.,-6.661338147751E-16,-1.));
#7086 = PCURVE('',#6987,#7087);
#7087 = DEFINITIONAL_REPRESENTATION('',(#7088),#7092);
#7088 = LINE('',#7089,#7090);
#7089 = CARTESIAN_POINT('',(0.,0.));
#7090 = VECTOR('',#7091,1.);
#7091 = DIRECTION('',(0.,1.));
#7092 = ( GEOMETRIC_REPRESENTATION_CONTEXT(2) 
PARAMETRIC_REPRESENTATION_CONTEXT() REPRESENTATION_CONTEXT('2D SPACE',''
  ) );
#7093 = PCURVE('',#6987,#7094);
#7094 = DEFINITIONAL_REPRESENTATION('',(#7095),#7099);
#7095 = LINE('',#7096,#7097);
#7096 = CARTESIAN_POINT('',(6.28318530718,0.));
#7097 = VECTOR('',#7098,1.);
#7098 = DIRECTION('',(0.,1.));
#7099 = ( GEOMETRIC_REPRESENTATION_CONTEXT(2) 
PARAMETRIC_REPRESENTATION_CONTEXT() REPRESENTATION_CONTEXT('2D SPACE',''
  ) );
#7100 = ORIENTED_EDGE('',*,*,#7101,.T.);
#7101 = EDGE_CURVE('',#7079,#7079,#7102,.T.);
#7102 = SURFACE_CURVE('',#7103,(#7108,#7115),.PCURVE_S1.);
#7103 = CIRCLE('',#7104,2.75);
#7104 = AXIS2_PLACEMENT_3D('',#7105,#7106,#7107);
#7105 = CARTESIAN_POINT('',(-50.5,15.5,8.9));
#7106 = DIRECTION('',(9.952403864668E-48,-4.440892098501E-16,-1.));
#7107 = DIRECTION('',(1.,2.422304781E-16,-1.07571941621E-31));
#7108 = PCURVE('',#6987,#7109);
#7109 = DEFINITIONAL_REPRESENTATION('',(#7110),#7114);
#7110 = LINE('',#7111,#7112);
#7111 = CARTESIAN_POINT('',(1.434292554947E-31,0.1));
#7112 = VECTOR('',#7113,1.);
#7113 = DIRECTION('',(1.,0.));
#7114 = ( GEOMETRIC_REPRESENTATION_CONTEXT(2) 
PARAMETRIC_REPRESENTATION_CONTEXT() REPRESENTATION_CONTEXT('2D SPACE',''
  ) );
#7115 = PCURVE('',#7116,#7121);
#7116 = CONICAL_SURFACE('',#7117,2.75,0.785398163397);
#7117 = AXIS2_PLACEMENT_3D('',#7118,#7119,#7120);
#7118 = CARTESIAN_POINT('',(-50.5,15.5,8.9));
#7119 = DIRECTION('',(-0.,-4.440892098501E-16,-1.));
#7120 = DIRECTION('',(1.,2.422304781E-16,-1.07571941621E-31));
#7121 = DEFINITIONAL_REPRESENTATION('',(#7122),#7126);
#7122 = LINE('',#7123,#7124);
#7123 = CARTESIAN_POINT('',(0.,0.));
#7124 = VECTOR('',#7125,1.);
#7125 = DIRECTION('',(1.,-0.));
#7126 = ( GEOMETRIC_REPRESENTATION_CONTEXT(2) 
PARAMETRIC_REPRESENTATION_CONTEXT() REPRESENTATION_CONTEXT('2D SPACE',''
  ) );
#7127 = ORIENTED_EDGE('',*,*,#7078,.T.);
#7128 = ORIENTED_EDGE('',*,*,#6970,.F.);
#7129 = ADVANCED_FACE('',(#7130),#7063,.T.);
#7130 = FACE_BOUND('',#7131,.T.);
#7131 = EDGE_LOOP('',(#7132,#7153,#7154,#7155));
#7132 = ORIENTED_EDGE('',*,*,#7133,.F.);
#7133 = EDGE_CURVE('',#7024,#7134,#7136,.T.);
#7134 = VERTEX_POINT('',#7135);
#7135 = CARTESIAN_POINT('',(-49.4,15.5,-4.));
#7136 = SEAM_CURVE('',#7137,(#7141,#7147),.PCURVE_S1.);
#7137 = LINE('',#7138,#7139);
#7138 = CARTESIAN_POINT('',(-49.,15.5,-3.6));
#7139 = VECTOR('',#7140,1.);
#7140 = DIRECTION('',(-0.707106781187,-3.140184917366E-16,
    -0.707106781187));
#7141 = PCURVE('',#7063,#7142);
#7142 = DEFINITIONAL_REPRESENTATION('',(#7143),#7146);
#7143 = B_SPLINE_CURVE_WITH_KNOTS('',1,(#7144,#7145),.UNSPECIFIED.,.F.,
  .F.,(2,2),(0.,0.565685424949),.PIECEWISE_BEZIER_KNOTS.);
#7144 = CARTESIAN_POINT('',(6.28318530718,0.));
#7145 = CARTESIAN_POINT('',(6.28318530718,-0.4));
#7146 = ( GEOMETRIC_REPRESENTATION_CONTEXT(2) 
PARAMETRIC_REPRESENTATION_CONTEXT() REPRESENTATION_CONTEXT('2D SPACE',''
  ) );
#7147 = PCURVE('',#7063,#7148);
#7148 = DEFINITIONAL_REPRESENTATION('',(#7149),#7152);
#7149 = B_SPLINE_CURVE_WITH_KNOTS('',1,(#7150,#7151),.UNSPECIFIED.,.F.,
  .F.,(2,2),(0.,0.565685424949),.PIECEWISE_BEZIER_KNOTS.);
#7150 = CARTESIAN_POINT('',(-4.138911435803E-13,0.));
#7151 = CARTESIAN_POINT('',(-4.138911435803E-13,-0.4));
#7152 = ( GEOMETRIC_REPRESENTATION_CONTEXT(2) 
PARAMETRIC_REPRESENTATION_CONTEXT() REPRESENTATION_CONTEXT('2D SPACE',''
  ) );
#7153 = ORIENTED_EDGE('',*,*,#7048,.T.);
#7154 = ORIENTED_EDGE('',*,*,#7133,.T.);
#7155 = ORIENTED_EDGE('',*,*,#7156,.F.);
#7156 = EDGE_CURVE('',#7134,#7134,#7157,.T.);
#7157 = SURFACE_CURVE('',#7158,(#7163,#7170),.PCURVE_S1.);
#7158 = CIRCLE('',#7159,1.1);
#7159 = AXIS2_PLACEMENT_3D('',#7160,#7161,#7162);
#7160 = CARTESIAN_POINT('',(-50.5,15.5,-4.));
#7161 = DIRECTION('',(1.167748720224E-46,-4.440892098501E-16,-1.));
#7162 = DIRECTION('',(1.,-1.480297366167E-15,6.573840876843E-31));
#7163 = PCURVE('',#7063,#7164);
#7164 = DEFINITIONAL_REPRESENTATION('',(#7165),#7169);
#7165 = LINE('',#7166,#7167);
#7166 = CARTESIAN_POINT('',(6.28318530718,-0.4));
#7167 = VECTOR('',#7168,1.);
#7168 = DIRECTION('',(-1.,0.));
#7169 = ( GEOMETRIC_REPRESENTATION_CONTEXT(2) 
PARAMETRIC_REPRESENTATION_CONTEXT() REPRESENTATION_CONTEXT('2D SPACE',''
  ) );
#7170 = PCURVE('',#7171,#7176);
#7171 = PLANE('',#7172);
#7172 = AXIS2_PLACEMENT_3D('',#7173,#7174,#7175);
#7173 = CARTESIAN_POINT('',(-50.5,15.5,-4.));
#7174 = DIRECTION('',(0.,-4.440892098501E-16,-1.));
#7175 = DIRECTION('',(1.,-1.480297366167E-15,6.573840876843E-31));
#7176 = DEFINITIONAL_REPRESENTATION('',(#7177),#7181);
#7177 = CIRCLE('',#7178,1.1);
#7178 = AXIS2_PLACEMENT_2D('',#7179,#7180);
#7179 = CARTESIAN_POINT('',(0.,0.));
#7180 = DIRECTION('',(1.,2.919371800677E-46));
#7181 = ( GEOMETRIC_REPRESENTATION_CONTEXT(2) 
PARAMETRIC_REPRESENTATION_CONTEXT() REPRESENTATION_CONTEXT('2D SPACE',''
  ) );
#7182 = ADVANCED_FACE('',(#7183),#7116,.T.);
#7183 = FACE_BOUND('',#7184,.T.);
#7184 = EDGE_LOOP('',(#7185,#7214,#7233,#7234));
#7185 = ORIENTED_EDGE('',*,*,#7186,.T.);
#7186 = EDGE_CURVE('',#7187,#7187,#7189,.T.);
#7187 = VERTEX_POINT('',#7188);
#7188 = CARTESIAN_POINT('',(-47.85,15.5,9.));
#7189 = SURFACE_CURVE('',#7190,(#7195,#7202),.PCURVE_S1.);
#7190 = CIRCLE('',#7191,2.65);
#7191 = AXIS2_PLACEMENT_3D('',#7192,#7193,#7194);
#7192 = CARTESIAN_POINT('',(-50.5,15.5,9.));
#7193 = DIRECTION('',(9.952403864668E-48,-4.440892098501E-16,-1.));
#7194 = DIRECTION('',(1.,2.422304781E-16,-1.07571941621E-31));
#7195 = PCURVE('',#7116,#7196);
#7196 = DEFINITIONAL_REPRESENTATION('',(#7197),#7201);
#7197 = LINE('',#7198,#7199);
#7198 = CARTESIAN_POINT('',(0.,-0.1));
#7199 = VECTOR('',#7200,1.);
#7200 = DIRECTION('',(1.,-0.));
#7201 = ( GEOMETRIC_REPRESENTATION_CONTEXT(2) 
PARAMETRIC_REPRESENTATION_CONTEXT() REPRESENTATION_CONTEXT('2D SPACE',''
  ) );
#7202 = PCURVE('',#7203,#7208);
#7203 = PLANE('',#7204);
#7204 = AXIS2_PLACEMENT_3D('',#7205,#7206,#7207);
#7205 = CARTESIAN_POINT('',(-50.5,15.5,9.));
#7206 = DIRECTION('',(0.,-4.440892098501E-16,-1.));
#7207 = DIRECTION('',(1.,4.594026308794E-16,-2.040157513503E-31));
#7208 = DEFINITIONAL_REPRESENTATION('',(#7209),#7213);
#7209 = CIRCLE('',#7210,2.65);
#7210 = AXIS2_PLACEMENT_2D('',#7211,#7212);
#7211 = CARTESIAN_POINT('',(0.,0.));
#7212 = DIRECTION('',(1.,2.171721527794E-16));
#7213 = ( GEOMETRIC_REPRESENTATION_CONTEXT(2) 
PARAMETRIC_REPRESENTATION_CONTEXT() REPRESENTATION_CONTEXT('2D SPACE',''
  ) );
#7214 = ORIENTED_EDGE('',*,*,#7215,.F.);
#7215 = EDGE_CURVE('',#7079,#7187,#7216,.T.);
#7216 = SEAM_CURVE('',#7217,(#7221,#7227),.PCURVE_S1.);
#7217 = LINE('',#7218,#7219);
#7218 = CARTESIAN_POINT('',(-47.75,15.5,8.9));
#7219 = VECTOR('',#7220,1.);
#7220 = DIRECTION('',(-0.707106781187,1.427356780621E-16,0.707106781187)
  );
#7221 = PCURVE('',#7116,#7222);
#7222 = DEFINITIONAL_REPRESENTATION('',(#7223),#7226);
#7223 = B_SPLINE_CURVE_WITH_KNOTS('',1,(#7224,#7225),.UNSPECIFIED.,.F.,
  .F.,(2,2),(0.,0.141421356237),.PIECEWISE_BEZIER_KNOTS.);
#7224 = CARTESIAN_POINT('',(6.28318530718,0.));
#7225 = CARTESIAN_POINT('',(6.28318530718,-0.1));
#7226 = ( GEOMETRIC_REPRESENTATION_CONTEXT(2) 
PARAMETRIC_REPRESENTATION_CONTEXT() REPRESENTATION_CONTEXT('2D SPACE',''
  ) );
#7227 = PCURVE('',#7116,#7228);
#7228 = DEFINITIONAL_REPRESENTATION('',(#7229),#7232);
#7229 = B_SPLINE_CURVE_WITH_KNOTS('',1,(#7230,#7231),.UNSPECIFIED.,.F.,
  .F.,(2,2),(0.,0.141421356237),.PIECEWISE_BEZIER_KNOTS.);
#7230 = CARTESIAN_POINT('',(4.138911435803E-13,0.));
#7231 = CARTESIAN_POINT('',(4.138911435803E-13,-0.1));
#7232 = ( GEOMETRIC_REPRESENTATION_CONTEXT(2) 
PARAMETRIC_REPRESENTATION_CONTEXT() REPRESENTATION_CONTEXT('2D SPACE',''
  ) );
#7233 = ORIENTED_EDGE('',*,*,#7101,.F.);
#7234 = ORIENTED_EDGE('',*,*,#7215,.T.);
#7235 = ADVANCED_FACE('',(#7236),#7171,.T.);
#7236 = FACE_BOUND('',#7237,.T.);
#7237 = EDGE_LOOP('',(#7238));
#7238 = ORIENTED_EDGE('',*,*,#7156,.T.);
#7239 = ADVANCED_FACE('',(#7240,#7243),#7203,.F.);
#7240 = FACE_BOUND('',#7241,.T.);
#7241 = EDGE_LOOP('',(#7242));
#7242 = ORIENTED_EDGE('',*,*,#7186,.F.);
#7243 = FACE_BOUND('',#7244,.T.);
#7244 = EDGE_LOOP('',(#7245));
#7245 = ORIENTED_EDGE('',*,*,#7246,.T.);
#7246 = EDGE_CURVE('',#7247,#7247,#7249,.T.);
#7247 = VERTEX_POINT('',#7248);
#7248 = CARTESIAN_POINT('',(-49.05,15.5,9.));
#7249 = SURFACE_CURVE('',#7250,(#7255,#7262),.PCURVE_S1.);
#7250 = CIRCLE('',#7251,1.45);
#7251 = AXIS2_PLACEMENT_3D('',#7252,#7253,#7254);
#7252 = CARTESIAN_POINT('',(-50.5,15.5,9.));
#7253 = DIRECTION('',(3.020039794733E-48,-4.440892098501E-16,-1.));
#7254 = DIRECTION('',(1.,4.594026308794E-16,-2.040157513503E-31));
#7255 = PCURVE('',#7203,#7256);
#7256 = DEFINITIONAL_REPRESENTATION('',(#7257),#7261);
#7257 = CIRCLE('',#7258,1.45);
#7258 = AXIS2_PLACEMENT_2D('',#7259,#7260);
#7259 = CARTESIAN_POINT('',(0.,0.));
#7260 = DIRECTION('',(1.,-9.060119381412E-47));
#7261 = ( GEOMETRIC_REPRESENTATION_CONTEXT(2) 
PARAMETRIC_REPRESENTATION_CONTEXT() REPRESENTATION_CONTEXT('2D SPACE',''
  ) );
#7262 = PCURVE('',#7263,#7268);
#7263 = CONICAL_SURFACE('',#7264,3.441688219844E-16,0.785397673205);
#7264 = AXIS2_PLACEMENT_3D('',#7265,#7266,#7267);
#7265 = CARTESIAN_POINT('',(-50.5,15.5,7.549998578442));
#7266 = DIRECTION('',(0.,4.440892098501E-16,1.));
#7267 = DIRECTION('',(1.,7.087732770012E-16,-3.147585645463E-31));
#7268 = DEFINITIONAL_REPRESENTATION('',(#7269),#7273);
#7269 = LINE('',#7270,#7271);
#7270 = CARTESIAN_POINT('',(6.28318530718,1.450001421558));
#7271 = VECTOR('',#7272,1.);
#7272 = DIRECTION('',(-1.,0.));
#7273 = ( GEOMETRIC_REPRESENTATION_CONTEXT(2) 
PARAMETRIC_REPRESENTATION_CONTEXT() REPRESENTATION_CONTEXT('2D SPACE',''
  ) );
#7274 = ADVANCED_FACE('',(#7275),#7263,.F.);
#7275 = FACE_BOUND('',#7276,.F.);
#7276 = EDGE_LOOP('',(#7277,#7315,#7351,#7387,#7423,#7459,#7480,#7481,
    #7482));
#7277 = ORIENTED_EDGE('',*,*,#7278,.T.);
#7278 = EDGE_CURVE('',#7279,#7281,#7283,.T.);
#7279 = VERTEX_POINT('',#7280);
#7280 = CARTESIAN_POINT('',(-49.77831216351,16.75,8.99337566648));
#7281 = VERTEX_POINT('',#7282);
#7282 = CARTESIAN_POINT('',(-51.22168783648,16.75,8.99337566648));
#7283 = SURFACE_CURVE('',#7284,(#7289,#7303),.PCURVE_S1.);
#7284 = HYPERBOLA('',#7285,1.250001225481,1.25);
#7285 = AXIS2_PLACEMENT_3D('',#7286,#7287,#7288);
#7286 = CARTESIAN_POINT('',(-50.5,16.75,7.549998578442));
#7287 = DIRECTION('',(0.,-1.,8.881784197001E-16));
#7288 = DIRECTION('',(0.,8.881784197001E-16,1.));
#7289 = PCURVE('',#7263,#7290);
#7290 = DEFINITIONAL_REPRESENTATION('',(#7291),#7302);
#7291 = B_SPLINE_CURVE_WITH_KNOTS('',9,(#7292,#7293,#7294,#7295,#7296,
    #7297,#7298,#7299,#7300,#7301),.UNSPECIFIED.,.F.,.F.,(10,10),(
    -0.55840221658,0.55840221658),.PIECEWISE_BEZIER_KNOTS.);
#7292 = CARTESIAN_POINT('',(1.039338088856,1.450001421558));
#7293 = CARTESIAN_POINT('',(1.14631169429,1.358814631645));
#7294 = CARTESIAN_POINT('',(1.260853407593,1.292746139179));
#7295 = CARTESIAN_POINT('',(1.381805677021,1.249764999563));
#7296 = CARTESIAN_POINT('',(1.507225448684,1.228586187654));
#7297 = CARTESIAN_POINT('',(1.634367205213,1.228586187695));
#7298 = CARTESIAN_POINT('',(1.759786976592,1.249764999548));
#7299 = CARTESIAN_POINT('',(1.88073924602,1.292746139183));
#7300 = CARTESIAN_POINT('',(1.995280959301,1.358814631645));
#7301 = CARTESIAN_POINT('',(2.102254564734,1.450001421558));
#7302 = ( GEOMETRIC_REPRESENTATION_CONTEXT(2) 
PARAMETRIC_REPRESENTATION_CONTEXT() REPRESENTATION_CONTEXT('2D SPACE',''
  ) );
#7303 = PCURVE('',#7304,#7309);
#7304 = PLANE('',#7305);
#7305 = AXIS2_PLACEMENT_3D('',#7306,#7307,#7308);
#7306 = CARTESIAN_POINT('',(-51.22168783648,16.75,16.));
#7307 = DIRECTION('',(0.,-1.,8.881784197001E-16));
#7308 = DIRECTION('',(1.,0.,0.));
#7309 = DEFINITIONAL_REPRESENTATION('',(#7310),#7314);
#7310 = HYPERBOLA('',#7311,1.250001225481,1.25);
#7311 = AXIS2_PLACEMENT_2D('',#7312,#7313);
#7312 = CARTESIAN_POINT('',(0.721687836487,-8.450001421558));
#7313 = DIRECTION('',(0.,1.));
#7314 = ( GEOMETRIC_REPRESENTATION_CONTEXT(2) 
PARAMETRIC_REPRESENTATION_CONTEXT() REPRESENTATION_CONTEXT('2D SPACE',''
  ) );
#7315 = ORIENTED_EDGE('',*,*,#7316,.T.);
#7316 = EDGE_CURVE('',#7281,#7317,#7319,.T.);
#7317 = VERTEX_POINT('',#7318);
#7318 = CARTESIAN_POINT('',(-51.94337567297,15.5,8.99337566648));
#7319 = SURFACE_CURVE('',#7320,(#7325,#7339),.PCURVE_S1.);
#7320 = HYPERBOLA('',#7321,1.250001225481,1.25);
#7321 = AXIS2_PLACEMENT_3D('',#7322,#7323,#7324);
#7322 = CARTESIAN_POINT('',(-51.58253175473,16.125,7.549998578442));
#7323 = DIRECTION('',(0.866025403784,-0.5,4.440892098502E-16));
#7324 = DIRECTION('',(-1.922962686384E-16,5.551115123126E-16,1.));
#7325 = PCURVE('',#7263,#7326);
#7326 = DEFINITIONAL_REPRESENTATION('',(#7327),#7338);
#7327 = B_SPLINE_CURVE_WITH_KNOTS('',9,(#7328,#7329,#7330,#7331,#7332,
    #7333,#7334,#7335,#7336,#7337),.UNSPECIFIED.,.F.,.F.,(10,10),(
    -0.55840221658,0.55840221658),.PIECEWISE_BEZIER_KNOTS.);
#7328 = CARTESIAN_POINT('',(2.086535640053,1.450001421558));
#7329 = CARTESIAN_POINT('',(2.193509245487,1.358814631645));
#7330 = CARTESIAN_POINT('',(2.308050958801,1.292746139181));
#7331 = CARTESIAN_POINT('',(2.429003228277,1.249764999586));
#7332 = CARTESIAN_POINT('',(2.554422999728,1.228586187613));
#7333 = CARTESIAN_POINT('',(2.681564756301,1.228586187603));
#7334 = CARTESIAN_POINT('',(2.806984527702,1.249764999581));
#7335 = CARTESIAN_POINT('',(2.927936797199,1.292746139178));
#7336 = CARTESIAN_POINT('',(3.042478510497,1.358814631645));
#7337 = CARTESIAN_POINT('',(3.149452115931,1.450001421558));
#7338 = ( GEOMETRIC_REPRESENTATION_CONTEXT(2) 
PARAMETRIC_REPRESENTATION_CONTEXT() REPRESENTATION_CONTEXT('2D SPACE',''
  ) );
#7339 = PCURVE('',#7340,#7345);
#7340 = PLANE('',#7341);
#7341 = AXIS2_PLACEMENT_3D('',#7342,#7343,#7344);
#7342 = CARTESIAN_POINT('',(-51.94337567297,15.5,16.));
#7343 = DIRECTION('',(0.866025403784,-0.5,4.440892098502E-16));
#7344 = DIRECTION('',(0.5,0.866025403784,-7.691850745537E-16));
#7345 = DEFINITIONAL_REPRESENTATION('',(#7346),#7350);
#7346 = HYPERBOLA('',#7347,1.250001225481,1.25);
#7347 = AXIS2_PLACEMENT_2D('',#7348,#7349);
#7348 = CARTESIAN_POINT('',(0.721687836487,-8.450001421558));
#7349 = DIRECTION('',(-3.845925372771E-16,1.));
#7350 = ( GEOMETRIC_REPRESENTATION_CONTEXT(2) 
PARAMETRIC_REPRESENTATION_CONTEXT() REPRESENTATION_CONTEXT('2D SPACE',''
  ) );
#7351 = ORIENTED_EDGE('',*,*,#7352,.T.);
#7352 = EDGE_CURVE('',#7317,#7353,#7355,.T.);
#7353 = VERTEX_POINT('',#7354);
#7354 = CARTESIAN_POINT('',(-51.22168783648,14.25,8.99337566648));
#7355 = SURFACE_CURVE('',#7356,(#7361,#7375),.PCURVE_S1.);
#7356 = HYPERBOLA('',#7357,1.250001225481,1.25);
#7357 = AXIS2_PLACEMENT_3D('',#7358,#7359,#7360);
#7358 = CARTESIAN_POINT('',(-51.58253175473,14.875,7.549998578442));
#7359 = DIRECTION('',(0.866025403784,0.5,-4.440892098502E-16));
#7360 = DIRECTION('',(1.922962686384E-16,5.551115123126E-16,1.));
#7361 = PCURVE('',#7263,#7362);
#7362 = DEFINITIONAL_REPRESENTATION('',(#7363),#7374);
#7363 = B_SPLINE_CURVE_WITH_KNOTS('',9,(#7364,#7365,#7366,#7367,#7368,
    #7369,#7370,#7371,#7372,#7373),.UNSPECIFIED.,.F.,.F.,(10,10),(
    -0.55840221658,0.55840221658),.PIECEWISE_BEZIER_KNOTS.);
#7364 = CARTESIAN_POINT('',(3.13373319125,1.450001421558));
#7365 = CARTESIAN_POINT('',(3.240706796683,1.358814631645));
#7366 = CARTESIAN_POINT('',(3.355248509956,1.292746139172));
#7367 = CARTESIAN_POINT('',(3.476200779601,1.24976499961));
#7368 = CARTESIAN_POINT('',(3.601620550686,1.228586187613));
#7369 = CARTESIAN_POINT('',(3.728762307746,1.228586187747));
#7370 = CARTESIAN_POINT('',(3.854182078834,1.24976499953));
#7371 = CARTESIAN_POINT('',(3.97513434843,1.292746139193));
#7372 = CARTESIAN_POINT('',(4.089676061694,1.358814631645));
#7373 = CARTESIAN_POINT('',(4.196649667127,1.450001421558));
#7374 = ( GEOMETRIC_REPRESENTATION_CONTEXT(2) 
PARAMETRIC_REPRESENTATION_CONTEXT() REPRESENTATION_CONTEXT('2D SPACE',''
  ) );
#7375 = PCURVE('',#7376,#7381);
#7376 = PLANE('',#7377);
#7377 = AXIS2_PLACEMENT_3D('',#7378,#7379,#7380);
#7378 = CARTESIAN_POINT('',(-51.22168783648,14.25,16.));
#7379 = DIRECTION('',(0.866025403784,0.5,-4.440892098502E-16));
#7380 = DIRECTION('',(-0.5,0.866025403784,-7.691850745537E-16));
#7381 = DEFINITIONAL_REPRESENTATION('',(#7382),#7386);
#7382 = HYPERBOLA('',#7383,1.250001225481,1.25);
#7383 = AXIS2_PLACEMENT_2D('',#7384,#7385);
#7384 = CARTESIAN_POINT('',(0.721687836487,-8.450001421558));
#7385 = DIRECTION('',(-3.845925372771E-16,1.));
#7386 = ( GEOMETRIC_REPRESENTATION_CONTEXT(2) 
PARAMETRIC_REPRESENTATION_CONTEXT() REPRESENTATION_CONTEXT('2D SPACE',''
  ) );
#7387 = ORIENTED_EDGE('',*,*,#7388,.T.);
#7388 = EDGE_CURVE('',#7353,#7389,#7391,.T.);
#7389 = VERTEX_POINT('',#7390);
#7390 = CARTESIAN_POINT('',(-49.77831216351,14.25,8.99337566648));
#7391 = SURFACE_CURVE('',#7392,(#7397,#7411),.PCURVE_S1.);
#7392 = HYPERBOLA('',#7393,1.250001225481,1.25);
#7393 = AXIS2_PLACEMENT_3D('',#7394,#7395,#7396);
#7394 = CARTESIAN_POINT('',(-50.5,14.25,7.549998578442));
#7395 = DIRECTION('',(0.,1.,-8.881784197001E-16));
#7396 = DIRECTION('',(0.,8.881784197001E-16,1.));
#7397 = PCURVE('',#7263,#7398);
#7398 = DEFINITIONAL_REPRESENTATION('',(#7399),#7410);
#7399 = B_SPLINE_CURVE_WITH_KNOTS('',9,(#7400,#7401,#7402,#7403,#7404,
    #7405,#7406,#7407,#7408,#7409),.UNSPECIFIED.,.F.,.F.,(10,10),(
    -0.55840221658,0.55840221658),.PIECEWISE_BEZIER_KNOTS.);
#7400 = CARTESIAN_POINT('',(4.180930742446,1.450001421558));
#7401 = CARTESIAN_POINT('',(4.28790434788,1.358814631645));
#7402 = CARTESIAN_POINT('',(4.402446061178,1.292746139178));
#7403 = CARTESIAN_POINT('',(4.523398330671,1.249764999558));
#7404 = CARTESIAN_POINT('',(4.648818102057,1.228586187628));
#7405 = CARTESIAN_POINT('',(4.775959858805,1.228586187659));
#7406 = CARTESIAN_POINT('',(4.901379630097,1.249764999576));
#7407 = CARTESIAN_POINT('',(5.022331899598,1.292746139184));
#7408 = CARTESIAN_POINT('',(5.13687361289,1.358814631645));
#7409 = CARTESIAN_POINT('',(5.243847218324,1.450001421558));
#7410 = ( GEOMETRIC_REPRESENTATION_CONTEXT(2) 
PARAMETRIC_REPRESENTATION_CONTEXT() REPRESENTATION_CONTEXT('2D SPACE',''
  ) );
#7411 = PCURVE('',#7412,#7417);
#7412 = PLANE('',#7413);
#7413 = AXIS2_PLACEMENT_3D('',#7414,#7415,#7416);
#7414 = CARTESIAN_POINT('',(-49.77831216351,14.25,16.));
#7415 = DIRECTION('',(-0.,1.,-8.881784197001E-16));
#7416 = DIRECTION('',(-1.,0.,0.));
#7417 = DEFINITIONAL_REPRESENTATION('',(#7418),#7422);
#7418 = HYPERBOLA('',#7419,1.250001225481,1.25);
#7419 = AXIS2_PLACEMENT_2D('',#7420,#7421);
#7420 = CARTESIAN_POINT('',(0.721687836487,-8.450001421558));
#7421 = DIRECTION('',(0.,1.));
#7422 = ( GEOMETRIC_REPRESENTATION_CONTEXT(2) 
PARAMETRIC_REPRESENTATION_CONTEXT() REPRESENTATION_CONTEXT('2D SPACE',''
  ) );
#7423 = ORIENTED_EDGE('',*,*,#7424,.T.);
#7424 = EDGE_CURVE('',#7389,#7425,#7427,.T.);
#7425 = VERTEX_POINT('',#7426);
#7426 = CARTESIAN_POINT('',(-49.05662432702,15.5,8.99337566648));
#7427 = SURFACE_CURVE('',#7428,(#7433,#7447),.PCURVE_S1.);
#7428 = HYPERBOLA('',#7429,1.250001225481,1.25);
#7429 = AXIS2_PLACEMENT_3D('',#7430,#7431,#7432);
#7430 = CARTESIAN_POINT('',(-49.41746824526,14.875,7.549998578442));
#7431 = DIRECTION('',(-0.866025403784,0.5,-4.440892098502E-16));
#7432 = DIRECTION('',(-1.922962686384E-16,5.551115123126E-16,1.));
#7433 = PCURVE('',#7263,#7434);
#7434 = DEFINITIONAL_REPRESENTATION('',(#7435),#7446);
#7435 = B_SPLINE_CURVE_WITH_KNOTS('',9,(#7436,#7437,#7438,#7439,#7440,
    #7441,#7442,#7443,#7444,#7445),.UNSPECIFIED.,.F.,.F.,(10,10),(
    -0.55840221658,0.549306144334),.PIECEWISE_BEZIER_KNOTS.);
#7436 = CARTESIAN_POINT('',(5.228128293643,1.450001421558));
#7437 = CARTESIAN_POINT('',(5.334230627788,1.35955732356));
#7438 = CARTESIAN_POINT('',(5.44777828577,1.29382402573));
#7439 = CARTESIAN_POINT('',(5.567641818774,1.250819804702));
#7440 = CARTESIAN_POINT('',(5.691931317997,1.229284851298));
#7441 = CARTESIAN_POINT('',(5.817980988224,1.228600240075));
#7442 = CARTESIAN_POINT('',(5.942446370592,1.248751099319));
#7443 = CARTESIAN_POINT('',(6.062627441059,1.290326010706));
#7444 = CARTESIAN_POINT('',(6.176596019727,1.354552594967));
#7445 = CARTESIAN_POINT('',(6.28318530718,1.443377088038));
#7446 = ( GEOMETRIC_REPRESENTATION_CONTEXT(2) 
PARAMETRIC_REPRESENTATION_CONTEXT() REPRESENTATION_CONTEXT('2D SPACE',''
  ) );
#7447 = PCURVE('',#7448,#7453);
#7448 = PLANE('',#7449);
#7449 = AXIS2_PLACEMENT_3D('',#7450,#7451,#7452);
#7450 = CARTESIAN_POINT('',(-49.05662432702,15.5,16.));
#7451 = DIRECTION('',(-0.866025403784,0.5,-4.440892098502E-16));
#7452 = DIRECTION('',(-0.5,-0.866025403784,7.691850745537E-16));
#7453 = DEFINITIONAL_REPRESENTATION('',(#7454),#7458);
#7454 = HYPERBOLA('',#7455,1.250001225481,1.25);
#7455 = AXIS2_PLACEMENT_2D('',#7456,#7457);
#7456 = CARTESIAN_POINT('',(0.721687836487,-8.450001421558));
#7457 = DIRECTION('',(3.845925372771E-16,1.));
#7458 = ( GEOMETRIC_REPRESENTATION_CONTEXT(2) 
PARAMETRIC_REPRESENTATION_CONTEXT() REPRESENTATION_CONTEXT('2D SPACE',''
  ) );
#7459 = ORIENTED_EDGE('',*,*,#7460,.T.);
#7460 = EDGE_CURVE('',#7425,#7247,#7461,.T.);
#7461 = SEAM_CURVE('',#7462,(#7466,#7473),.PCURVE_S1.);
#7462 = LINE('',#7463,#7464);
#7463 = CARTESIAN_POINT('',(-50.5,15.5,7.549998578442));
#7464 = VECTOR('',#7465,1.);
#7465 = DIRECTION('',(0.707106434568,4.710279684993E-16,0.707107127805)
  );
#7466 = PCURVE('',#7263,#7467);
#7467 = DEFINITIONAL_REPRESENTATION('',(#7468),#7472);
#7468 = LINE('',#7469,#7470);
#7469 = CARTESIAN_POINT('',(6.28318530718,0.));
#7470 = VECTOR('',#7471,1.);
#7471 = DIRECTION('',(-0.,1.));
#7472 = ( GEOMETRIC_REPRESENTATION_CONTEXT(2) 
PARAMETRIC_REPRESENTATION_CONTEXT() REPRESENTATION_CONTEXT('2D SPACE',''
  ) );
#7473 = PCURVE('',#7263,#7474);
#7474 = DEFINITIONAL_REPRESENTATION('',(#7475),#7479);
#7475 = LINE('',#7476,#7477);
#7476 = CARTESIAN_POINT('',(-4.138911435803E-13,0.));
#7477 = VECTOR('',#7478,1.);
#7478 = DIRECTION('',(-0.,1.));
#7479 = ( GEOMETRIC_REPRESENTATION_CONTEXT(2) 
PARAMETRIC_REPRESENTATION_CONTEXT() REPRESENTATION_CONTEXT('2D SPACE',''
  ) );
#7480 = ORIENTED_EDGE('',*,*,#7246,.T.);
#7481 = ORIENTED_EDGE('',*,*,#7460,.F.);
#7482 = ORIENTED_EDGE('',*,*,#7483,.T.);
#7483 = EDGE_CURVE('',#7425,#7279,#7484,.T.);
#7484 = SURFACE_CURVE('',#7485,(#7490,#7504),.PCURVE_S1.);
#7485 = HYPERBOLA('',#7486,1.250001225481,1.25);
#7486 = AXIS2_PLACEMENT_3D('',#7487,#7488,#7489);
#7487 = CARTESIAN_POINT('',(-49.41746824526,16.125,7.549998578442));
#7488 = DIRECTION('',(-0.866025403784,-0.5,4.440892098502E-16));
#7489 = DIRECTION('',(1.922962686384E-16,5.551115123126E-16,1.));
#7490 = PCURVE('',#7263,#7491);
#7491 = DEFINITIONAL_REPRESENTATION('',(#7492),#7503);
#7492 = B_SPLINE_CURVE_WITH_KNOTS('',9,(#7493,#7494,#7495,#7496,#7497,
    #7498,#7499,#7500,#7501,#7502),.UNSPECIFIED.,.F.,.F.,(10,10),(
    -0.549306144334,0.55840221658),.PIECEWISE_BEZIER_KNOTS.);
#7493 = CARTESIAN_POINT('',(-4.138911435803E-13,1.443377088038));
#7494 = CARTESIAN_POINT('',(0.106589287454,1.354552594967));
#7495 = CARTESIAN_POINT('',(0.22055786611,1.290326010721));
#7496 = CARTESIAN_POINT('',(0.340738936702,1.248751099214));
#7497 = CARTESIAN_POINT('',(0.465204318763,1.22860024028));
#7498 = CARTESIAN_POINT('',(0.591253989358,1.229284851185));
#7499 = CARTESIAN_POINT('',(0.715543488371,1.250819804797));
#7500 = CARTESIAN_POINT('',(0.835407021448,1.293824025712));
#7501 = CARTESIAN_POINT('',(0.948954679392,1.35955732356));
#7502 = CARTESIAN_POINT('',(1.055057013538,1.450001421558));
#7503 = ( GEOMETRIC_REPRESENTATION_CONTEXT(2) 
PARAMETRIC_REPRESENTATION_CONTEXT() REPRESENTATION_CONTEXT('2D SPACE',''
  ) );
#7504 = PCURVE('',#7505,#7510);
#7505 = PLANE('',#7506);
#7506 = AXIS2_PLACEMENT_3D('',#7507,#7508,#7509);
#7507 = CARTESIAN_POINT('',(-49.77831216351,16.75,16.));
#7508 = DIRECTION('',(-0.866025403784,-0.5,4.440892098502E-16));
#7509 = DIRECTION('',(0.5,-0.866025403784,7.691850745537E-16));
#7510 = DEFINITIONAL_REPRESENTATION('',(#7511),#7515);
#7511 = HYPERBOLA('',#7512,1.250001225481,1.25);
#7512 = AXIS2_PLACEMENT_2D('',#7513,#7514);
#7513 = CARTESIAN_POINT('',(0.721687836487,-8.450001421558));
#7514 = DIRECTION('',(3.845925372771E-16,1.));
#7515 = ( GEOMETRIC_REPRESENTATION_CONTEXT(2) 
PARAMETRIC_REPRESENTATION_CONTEXT() REPRESENTATION_CONTEXT('2D SPACE',''
  ) );
#7516 = ADVANCED_FACE('',(#7517),#7505,.T.);
#7517 = FACE_BOUND('',#7518,.T.);
#7518 = EDGE_LOOP('',(#7519,#7520,#7543,#7579));
#7519 = ORIENTED_EDGE('',*,*,#7483,.T.);
#7520 = ORIENTED_EDGE('',*,*,#7521,.T.);
#7521 = EDGE_CURVE('',#7279,#7522,#7524,.T.);
#7522 = VERTEX_POINT('',#7523);
#7523 = CARTESIAN_POINT('',(-49.77831216351,16.75,6.824426932662));
#7524 = SURFACE_CURVE('',#7525,(#7529,#7536),.PCURVE_S1.);
#7525 = LINE('',#7526,#7527);
#7526 = CARTESIAN_POINT('',(-49.77831216351,16.75,16.));
#7527 = VECTOR('',#7528,1.);
#7528 = DIRECTION('',(0.,-8.881784197001E-16,-1.));
#7529 = PCURVE('',#7505,#7530);
#7530 = DEFINITIONAL_REPRESENTATION('',(#7531),#7535);
#7531 = LINE('',#7532,#7533);
#7532 = CARTESIAN_POINT('',(0.,0.));
#7533 = VECTOR('',#7534,1.);
#7534 = DIRECTION('',(-3.855557674268E-28,-1.));
#7535 = ( GEOMETRIC_REPRESENTATION_CONTEXT(2) 
PARAMETRIC_REPRESENTATION_CONTEXT() REPRESENTATION_CONTEXT('2D SPACE',''
  ) );
#7536 = PCURVE('',#7304,#7537);
#7537 = DEFINITIONAL_REPRESENTATION('',(#7538),#7542);
#7538 = LINE('',#7539,#7540);
#7539 = CARTESIAN_POINT('',(1.443375672974,0.));
#7540 = VECTOR('',#7541,1.);
#7541 = DIRECTION('',(0.,-1.));
#7542 = ( GEOMETRIC_REPRESENTATION_CONTEXT(2) 
PARAMETRIC_REPRESENTATION_CONTEXT() REPRESENTATION_CONTEXT('2D SPACE',''
  ) );
#7543 = ORIENTED_EDGE('',*,*,#7544,.F.);
#7544 = EDGE_CURVE('',#7545,#7522,#7547,.T.);
#7545 = VERTEX_POINT('',#7546);
#7546 = CARTESIAN_POINT('',(-49.05662432702,15.5,6.824426932662));
#7547 = SURFACE_CURVE('',#7548,(#7553,#7560),.PCURVE_S1.);
#7548 = HYPERBOLA('',#7549,0.454963467216,1.25);
#7549 = AXIS2_PLACEMENT_3D('',#7550,#7551,#7552);
#7550 = CARTESIAN_POINT('',(-49.41746824526,16.125,6.299080372125));
#7551 = DIRECTION('',(-0.866025403784,-0.5,4.440892098502E-16));
#7552 = DIRECTION('',(-4.326600975418E-29,8.881784197001E-16,1.));
#7553 = PCURVE('',#7505,#7554);
#7554 = DEFINITIONAL_REPRESENTATION('',(#7555),#7559);
#7555 = HYPERBOLA('',#7556,0.454963467216,1.25);
#7556 = AXIS2_PLACEMENT_2D('',#7557,#7558);
#7557 = CARTESIAN_POINT('',(0.721687836487,-9.700919627875));
#7558 = DIRECTION('',(3.855557674268E-28,1.));
#7559 = ( GEOMETRIC_REPRESENTATION_CONTEXT(2) 
PARAMETRIC_REPRESENTATION_CONTEXT() REPRESENTATION_CONTEXT('2D SPACE',''
  ) );
#7560 = PCURVE('',#7561,#7566);
#7561 = CONICAL_SURFACE('',#7562,6.640918306942E-17,1.22173);
#7562 = AXIS2_PLACEMENT_3D('',#7563,#7564,#7565);
#7563 = CARTESIAN_POINT('',(-50.5,15.5,6.299080372125));
#7564 = DIRECTION('',(0.,8.881784197001E-16,1.));
#7565 = DIRECTION('',(1.,1.514889354313E-16,-1.345492032734E-31));
#7566 = DEFINITIONAL_REPRESENTATION('',(#7567),#7578);
#7567 = B_SPLINE_CURVE_WITH_KNOTS('',9,(#7568,#7569,#7570,#7571,#7572,
    #7573,#7574,#7575,#7576,#7577),.UNSPECIFIED.,.F.,.F.,(10,10),(
    -0.549306144334,0.549306144334),.PIECEWISE_BEZIER_KNOTS.);
#7568 = CARTESIAN_POINT('',(-4.138911435803E-13,0.525346560537));
#7569 = CARTESIAN_POINT('',(0.105714017311,0.493282550051));
#7570 = CARTESIAN_POINT('',(0.218686762078,0.470025018626));
#7571 = CARTESIAN_POINT('',(0.337778866987,0.454882901967));
#7572 = CARTESIAN_POINT('',(0.461119290295,0.447418203466));
#7573 = CARTESIAN_POINT('',(0.586078086357,0.447418204259));
#7574 = CARTESIAN_POINT('',(0.709418934657,0.454882901435));
#7575 = CARTESIAN_POINT('',(0.82851073268,0.470025018555));
#7576 = CARTESIAN_POINT('',(0.941483504018,0.493282549804));
#7577 = CARTESIAN_POINT('',(1.04719755172,0.525346560116));
#7578 = ( GEOMETRIC_REPRESENTATION_CONTEXT(2) 
PARAMETRIC_REPRESENTATION_CONTEXT() REPRESENTATION_CONTEXT('2D SPACE',''
  ) );
#7579 = ORIENTED_EDGE('',*,*,#7580,.F.);
#7580 = EDGE_CURVE('',#7425,#7545,#7581,.T.);
#7581 = SURFACE_CURVE('',#7582,(#7586,#7593),.PCURVE_S1.);
#7582 = LINE('',#7583,#7584);
#7583 = CARTESIAN_POINT('',(-49.05662432702,15.5,16.));
#7584 = VECTOR('',#7585,1.);
#7585 = DIRECTION('',(0.,-8.881784197001E-16,-1.));
#7586 = PCURVE('',#7505,#7587);
#7587 = DEFINITIONAL_REPRESENTATION('',(#7588),#7592);
#7588 = LINE('',#7589,#7590);
#7589 = CARTESIAN_POINT('',(1.443375672974,-1.110223024626E-15));
#7590 = VECTOR('',#7591,1.);
#7591 = DIRECTION('',(-3.855557674268E-28,-1.));
#7592 = ( GEOMETRIC_REPRESENTATION_CONTEXT(2) 
PARAMETRIC_REPRESENTATION_CONTEXT() REPRESENTATION_CONTEXT('2D SPACE',''
  ) );
#7593 = PCURVE('',#7448,#7594);
#7594 = DEFINITIONAL_REPRESENTATION('',(#7595),#7599);
#7595 = LINE('',#7596,#7597);
#7596 = CARTESIAN_POINT('',(0.,0.));
#7597 = VECTOR('',#7598,1.);
#7598 = DIRECTION('',(-3.855557674268E-28,-1.));
#7599 = ( GEOMETRIC_REPRESENTATION_CONTEXT(2) 
PARAMETRIC_REPRESENTATION_CONTEXT() REPRESENTATION_CONTEXT('2D SPACE',''
  ) );
#7600 = ADVANCED_FACE('',(#7601),#7304,.T.);
#7601 = FACE_BOUND('',#7602,.T.);
#7602 = EDGE_LOOP('',(#7603,#7604,#7627,#7656));
#7603 = ORIENTED_EDGE('',*,*,#7278,.T.);
#7604 = ORIENTED_EDGE('',*,*,#7605,.T.);
#7605 = EDGE_CURVE('',#7281,#7606,#7608,.T.);
#7606 = VERTEX_POINT('',#7607);
#7607 = CARTESIAN_POINT('',(-51.22168783648,16.75,6.824426932662));
#7608 = SURFACE_CURVE('',#7609,(#7613,#7620),.PCURVE_S1.);
#7609 = LINE('',#7610,#7611);
#7610 = CARTESIAN_POINT('',(-51.22168783648,16.75,16.));
#7611 = VECTOR('',#7612,1.);
#7612 = DIRECTION('',(0.,-8.881784197001E-16,-1.));
#7613 = PCURVE('',#7304,#7614);
#7614 = DEFINITIONAL_REPRESENTATION('',(#7615),#7619);
#7615 = LINE('',#7616,#7617);
#7616 = CARTESIAN_POINT('',(0.,0.));
#7617 = VECTOR('',#7618,1.);
#7618 = DIRECTION('',(0.,-1.));
#7619 = ( GEOMETRIC_REPRESENTATION_CONTEXT(2) 
PARAMETRIC_REPRESENTATION_CONTEXT() REPRESENTATION_CONTEXT('2D SPACE',''
  ) );
#7620 = PCURVE('',#7340,#7621);
#7621 = DEFINITIONAL_REPRESENTATION('',(#7622),#7626);
#7622 = LINE('',#7623,#7624);
#7623 = CARTESIAN_POINT('',(1.443375672974,1.110223024626E-15));
#7624 = VECTOR('',#7625,1.);
#7625 = DIRECTION('',(3.855557674268E-28,-1.));
#7626 = ( GEOMETRIC_REPRESENTATION_CONTEXT(2) 
PARAMETRIC_REPRESENTATION_CONTEXT() REPRESENTATION_CONTEXT('2D SPACE',''
  ) );
#7627 = ORIENTED_EDGE('',*,*,#7628,.F.);
#7628 = EDGE_CURVE('',#7522,#7606,#7629,.T.);
#7629 = SURFACE_CURVE('',#7630,(#7635,#7642),.PCURVE_S1.);
#7630 = HYPERBOLA('',#7631,0.454963467216,1.25);
#7631 = AXIS2_PLACEMENT_3D('',#7632,#7633,#7634);
#7632 = CARTESIAN_POINT('',(-50.5,16.75,6.299080372125));
#7633 = DIRECTION('',(0.,-1.,8.881784197001E-16));
#7634 = DIRECTION('',(0.,8.881784197001E-16,1.));
#7635 = PCURVE('',#7304,#7636);
#7636 = DEFINITIONAL_REPRESENTATION('',(#7637),#7641);
#7637 = HYPERBOLA('',#7638,0.454963467216,1.25);
#7638 = AXIS2_PLACEMENT_2D('',#7639,#7640);
#7639 = CARTESIAN_POINT('',(0.721687836487,-9.700919627875));
#7640 = DIRECTION('',(0.,1.));
#7641 = ( GEOMETRIC_REPRESENTATION_CONTEXT(2) 
PARAMETRIC_REPRESENTATION_CONTEXT() REPRESENTATION_CONTEXT('2D SPACE',''
  ) );
#7642 = PCURVE('',#7561,#7643);
#7643 = DEFINITIONAL_REPRESENTATION('',(#7644),#7655);
#7644 = B_SPLINE_CURVE_WITH_KNOTS('',9,(#7645,#7646,#7647,#7648,#7649,
    #7650,#7651,#7652,#7653,#7654),.UNSPECIFIED.,.F.,.F.,(10,10),(
    -0.646774826402,0.646774826402),.PIECEWISE_BEZIER_KNOTS.);
#7645 = CARTESIAN_POINT('',(0.964905207956,0.553486946207));
#7646 = CARTESIAN_POINT('',(1.083048682524,0.508182821976));
#7647 = CARTESIAN_POINT('',(1.212070841286,0.47574166301));
#7648 = CARTESIAN_POINT('',(1.35073639829,0.454809791019));
#7649 = CARTESIAN_POINT('',(1.496451142968,0.4445459758));
#7650 = CARTESIAN_POINT('',(1.645141510769,0.444545975797));
#7651 = CARTESIAN_POINT('',(1.790856255251,0.45480979102));
#7652 = CARTESIAN_POINT('',(1.929521812348,0.475741663012));
#7653 = CARTESIAN_POINT('',(2.058543971067,0.508182821976));
#7654 = CARTESIAN_POINT('',(2.176687445635,0.553486946207));
#7655 = ( GEOMETRIC_REPRESENTATION_CONTEXT(2) 
PARAMETRIC_REPRESENTATION_CONTEXT() REPRESENTATION_CONTEXT('2D SPACE',''
  ) );
#7656 = ORIENTED_EDGE('',*,*,#7521,.F.);
#7657 = ADVANCED_FACE('',(#7658),#7340,.T.);
#7658 = FACE_BOUND('',#7659,.T.);
#7659 = EDGE_LOOP('',(#7660,#7661,#7684,#7713));
#7660 = ORIENTED_EDGE('',*,*,#7316,.T.);
#7661 = ORIENTED_EDGE('',*,*,#7662,.T.);
#7662 = EDGE_CURVE('',#7317,#7663,#7665,.T.);
#7663 = VERTEX_POINT('',#7664);
#7664 = CARTESIAN_POINT('',(-51.94337567297,15.5,6.824426932662));
#7665 = SURFACE_CURVE('',#7666,(#7670,#7677),.PCURVE_S1.);
#7666 = LINE('',#7667,#7668);
#7667 = CARTESIAN_POINT('',(-51.94337567297,15.5,16.));
#7668 = VECTOR('',#7669,1.);
#7669 = DIRECTION('',(0.,-8.881784197001E-16,-1.));
#7670 = PCURVE('',#7340,#7671);
#7671 = DEFINITIONAL_REPRESENTATION('',(#7672),#7676);
#7672 = LINE('',#7673,#7674);
#7673 = CARTESIAN_POINT('',(0.,0.));
#7674 = VECTOR('',#7675,1.);
#7675 = DIRECTION('',(3.855557674268E-28,-1.));
#7676 = ( GEOMETRIC_REPRESENTATION_CONTEXT(2) 
PARAMETRIC_REPRESENTATION_CONTEXT() REPRESENTATION_CONTEXT('2D SPACE',''
  ) );
#7677 = PCURVE('',#7376,#7678);
#7678 = DEFINITIONAL_REPRESENTATION('',(#7679),#7683);
#7679 = LINE('',#7680,#7681);
#7680 = CARTESIAN_POINT('',(1.443375672974,1.110223024626E-15));
#7681 = VECTOR('',#7682,1.);
#7682 = DIRECTION('',(3.855557674268E-28,-1.));
#7683 = ( GEOMETRIC_REPRESENTATION_CONTEXT(2) 
PARAMETRIC_REPRESENTATION_CONTEXT() REPRESENTATION_CONTEXT('2D SPACE',''
  ) );
#7684 = ORIENTED_EDGE('',*,*,#7685,.F.);
#7685 = EDGE_CURVE('',#7606,#7663,#7686,.T.);
#7686 = SURFACE_CURVE('',#7687,(#7692,#7699),.PCURVE_S1.);
#7687 = HYPERBOLA('',#7688,0.454963467216,1.25);
#7688 = AXIS2_PLACEMENT_3D('',#7689,#7690,#7691);
#7689 = CARTESIAN_POINT('',(-51.58253175473,16.125,6.299080372125));
#7690 = DIRECTION('',(0.866025403784,-0.5,4.440892098502E-16));
#7691 = DIRECTION('',(4.326600975418E-29,8.881784197001E-16,1.));
#7692 = PCURVE('',#7340,#7693);
#7693 = DEFINITIONAL_REPRESENTATION('',(#7694),#7698);
#7694 = HYPERBOLA('',#7695,0.454963467216,1.25);
#7695 = AXIS2_PLACEMENT_2D('',#7696,#7697);
#7696 = CARTESIAN_POINT('',(0.721687836487,-9.700919627875));
#7697 = DIRECTION('',(-3.855557674268E-28,1.));
#7698 = ( GEOMETRIC_REPRESENTATION_CONTEXT(2) 
PARAMETRIC_REPRESENTATION_CONTEXT() REPRESENTATION_CONTEXT('2D SPACE',''
  ) );
#7699 = PCURVE('',#7561,#7700);
#7700 = DEFINITIONAL_REPRESENTATION('',(#7701),#7712);
#7701 = B_SPLINE_CURVE_WITH_KNOTS('',9,(#7702,#7703,#7704,#7705,#7706,
    #7707,#7708,#7709,#7710,#7711),.UNSPECIFIED.,.F.,.F.,(10,10),(
    -0.646774826402,0.646774826402),.PIECEWISE_BEZIER_KNOTS.);
#7702 = CARTESIAN_POINT('',(2.012102759153,0.553486946207));
#7703 = CARTESIAN_POINT('',(2.13024623372,0.508182821976));
#7704 = CARTESIAN_POINT('',(2.259268392443,0.475741663011));
#7705 = CARTESIAN_POINT('',(2.397933949582,0.454809791026));
#7706 = CARTESIAN_POINT('',(2.54364869391,0.444545975815));
#7707 = CARTESIAN_POINT('',(2.69233906209,0.444545975782));
#7708 = CARTESIAN_POINT('',(2.838053806397,0.454809791032));
#7709 = CARTESIAN_POINT('',(2.976719363556,0.475741663009));
#7710 = CARTESIAN_POINT('',(3.105741522263,0.508182821976));
#7711 = CARTESIAN_POINT('',(3.223884996831,0.553486946207));
#7712 = ( GEOMETRIC_REPRESENTATION_CONTEXT(2) 
PARAMETRIC_REPRESENTATION_CONTEXT() REPRESENTATION_CONTEXT('2D SPACE',''
  ) );
#7713 = ORIENTED_EDGE('',*,*,#7605,.F.);
#7714 = ADVANCED_FACE('',(#7715),#7376,.T.);
#7715 = FACE_BOUND('',#7716,.T.);
#7716 = EDGE_LOOP('',(#7717,#7718,#7741,#7770));
#7717 = ORIENTED_EDGE('',*,*,#7352,.T.);
#7718 = ORIENTED_EDGE('',*,*,#7719,.T.);
#7719 = EDGE_CURVE('',#7353,#7720,#7722,.T.);
#7720 = VERTEX_POINT('',#7721);
#7721 = CARTESIAN_POINT('',(-51.22168783648,14.25,6.824426932662));
#7722 = SURFACE_CURVE('',#7723,(#7727,#7734),.PCURVE_S1.);
#7723 = LINE('',#7724,#7725);
#7724 = CARTESIAN_POINT('',(-51.22168783648,14.25,16.));
#7725 = VECTOR('',#7726,1.);
#7726 = DIRECTION('',(0.,-8.881784197001E-16,-1.));
#7727 = PCURVE('',#7376,#7728);
#7728 = DEFINITIONAL_REPRESENTATION('',(#7729),#7733);
#7729 = LINE('',#7730,#7731);
#7730 = CARTESIAN_POINT('',(0.,0.));
#7731 = VECTOR('',#7732,1.);
#7732 = DIRECTION('',(3.855557674268E-28,-1.));
#7733 = ( GEOMETRIC_REPRESENTATION_CONTEXT(2) 
PARAMETRIC_REPRESENTATION_CONTEXT() REPRESENTATION_CONTEXT('2D SPACE',''
  ) );
#7734 = PCURVE('',#7412,#7735);
#7735 = DEFINITIONAL_REPRESENTATION('',(#7736),#7740);
#7736 = LINE('',#7737,#7738);
#7737 = CARTESIAN_POINT('',(1.443375672974,0.));
#7738 = VECTOR('',#7739,1.);
#7739 = DIRECTION('',(-0.,-1.));
#7740 = ( GEOMETRIC_REPRESENTATION_CONTEXT(2) 
PARAMETRIC_REPRESENTATION_CONTEXT() REPRESENTATION_CONTEXT('2D SPACE',''
  ) );
#7741 = ORIENTED_EDGE('',*,*,#7742,.F.);
#7742 = EDGE_CURVE('',#7663,#7720,#7743,.T.);
#7743 = SURFACE_CURVE('',#7744,(#7749,#7756),.PCURVE_S1.);
#7744 = HYPERBOLA('',#7745,0.454963467216,1.25);
#7745 = AXIS2_PLACEMENT_3D('',#7746,#7747,#7748);
#7746 = CARTESIAN_POINT('',(-51.58253175473,14.875,6.299080372125));
#7747 = DIRECTION('',(0.866025403784,0.5,-4.440892098502E-16));
#7748 = DIRECTION('',(-4.326600975418E-29,8.881784197001E-16,1.));
#7749 = PCURVE('',#7376,#7750);
#7750 = DEFINITIONAL_REPRESENTATION('',(#7751),#7755);
#7751 = HYPERBOLA('',#7752,0.454963467216,1.25);
#7752 = AXIS2_PLACEMENT_2D('',#7753,#7754);
#7753 = CARTESIAN_POINT('',(0.721687836487,-9.700919627875));
#7754 = DIRECTION('',(-3.855557674268E-28,1.));
#7755 = ( GEOMETRIC_REPRESENTATION_CONTEXT(2) 
PARAMETRIC_REPRESENTATION_CONTEXT() REPRESENTATION_CONTEXT('2D SPACE',''
  ) );
#7756 = PCURVE('',#7561,#7757);
#7757 = DEFINITIONAL_REPRESENTATION('',(#7758),#7769);
#7758 = B_SPLINE_CURVE_WITH_KNOTS('',9,(#7759,#7760,#7761,#7762,#7763,
    #7764,#7765,#7766,#7767,#7768),.UNSPECIFIED.,.F.,.F.,(10,10),(
    -0.646774826402,0.646774826402),.PIECEWISE_BEZIER_KNOTS.);
#7759 = CARTESIAN_POINT('',(3.059300310349,0.553486946207));
#7760 = CARTESIAN_POINT('',(3.177443784917,0.508182821976));
#7761 = CARTESIAN_POINT('',(3.306465943706,0.475741663006));
#7762 = CARTESIAN_POINT('',(3.445131500524,0.454809791048));
#7763 = CARTESIAN_POINT('',(3.590846245704,0.444545975751));
#7764 = CARTESIAN_POINT('',(3.739536612662,0.444545975849));
#7765 = CARTESIAN_POINT('',(3.885251357871,0.454809791005));
#7766 = CARTESIAN_POINT('',(4.023916914684,0.475741663017));
#7767 = CARTESIAN_POINT('',(4.15293907346,0.508182821976));
#7768 = CARTESIAN_POINT('',(4.271082548028,0.553486946207));
#7769 = ( GEOMETRIC_REPRESENTATION_CONTEXT(2) 
PARAMETRIC_REPRESENTATION_CONTEXT() REPRESENTATION_CONTEXT('2D SPACE',''
  ) );
#7770 = ORIENTED_EDGE('',*,*,#7662,.F.);
#7771 = ADVANCED_FACE('',(#7772),#7412,.T.);
#7772 = FACE_BOUND('',#7773,.T.);
#7773 = EDGE_LOOP('',(#7774,#7775,#7798,#7827));
#7774 = ORIENTED_EDGE('',*,*,#7388,.T.);
#7775 = ORIENTED_EDGE('',*,*,#7776,.T.);
#7776 = EDGE_CURVE('',#7389,#7777,#7779,.T.);
#7777 = VERTEX_POINT('',#7778);
#7778 = CARTESIAN_POINT('',(-49.77831216351,14.25,6.824426932662));
#7779 = SURFACE_CURVE('',#7780,(#7784,#7791),.PCURVE_S1.);
#7780 = LINE('',#7781,#7782);
#7781 = CARTESIAN_POINT('',(-49.77831216351,14.25,16.));
#7782 = VECTOR('',#7783,1.);
#7783 = DIRECTION('',(0.,-8.881784197001E-16,-1.));
#7784 = PCURVE('',#7412,#7785);
#7785 = DEFINITIONAL_REPRESENTATION('',(#7786),#7790);
#7786 = LINE('',#7787,#7788);
#7787 = CARTESIAN_POINT('',(0.,0.));
#7788 = VECTOR('',#7789,1.);
#7789 = DIRECTION('',(-0.,-1.));
#7790 = ( GEOMETRIC_REPRESENTATION_CONTEXT(2) 
PARAMETRIC_REPRESENTATION_CONTEXT() REPRESENTATION_CONTEXT('2D SPACE',''
  ) );
#7791 = PCURVE('',#7448,#7792);
#7792 = DEFINITIONAL_REPRESENTATION('',(#7793),#7797);
#7793 = LINE('',#7794,#7795);
#7794 = CARTESIAN_POINT('',(1.443375672974,-1.110223024626E-15));
#7795 = VECTOR('',#7796,1.);
#7796 = DIRECTION('',(-3.855557674268E-28,-1.));
#7797 = ( GEOMETRIC_REPRESENTATION_CONTEXT(2) 
PARAMETRIC_REPRESENTATION_CONTEXT() REPRESENTATION_CONTEXT('2D SPACE',''
  ) );
#7798 = ORIENTED_EDGE('',*,*,#7799,.F.);
#7799 = EDGE_CURVE('',#7720,#7777,#7800,.T.);
#7800 = SURFACE_CURVE('',#7801,(#7806,#7813),.PCURVE_S1.);
#7801 = HYPERBOLA('',#7802,0.454963467216,1.25);
#7802 = AXIS2_PLACEMENT_3D('',#7803,#7804,#7805);
#7803 = CARTESIAN_POINT('',(-50.5,14.25,6.299080372125));
#7804 = DIRECTION('',(0.,1.,-8.881784197001E-16));
#7805 = DIRECTION('',(0.,8.881784197001E-16,1.));
#7806 = PCURVE('',#7412,#7807);
#7807 = DEFINITIONAL_REPRESENTATION('',(#7808),#7812);
#7808 = HYPERBOLA('',#7809,0.454963467216,1.25);
#7809 = AXIS2_PLACEMENT_2D('',#7810,#7811);
#7810 = CARTESIAN_POINT('',(0.721687836487,-9.700919627875));
#7811 = DIRECTION('',(0.,1.));
#7812 = ( GEOMETRIC_REPRESENTATION_CONTEXT(2) 
PARAMETRIC_REPRESENTATION_CONTEXT() REPRESENTATION_CONTEXT('2D SPACE',''
  ) );
#7813 = PCURVE('',#7561,#7814);
#7814 = DEFINITIONAL_REPRESENTATION('',(#7815),#7826);
#7815 = B_SPLINE_CURVE_WITH_KNOTS('',9,(#7816,#7817,#7818,#7819,#7820,
    #7821,#7822,#7823,#7824,#7825),.UNSPECIFIED.,.F.,.F.,(10,10),(
    -0.646774826402,0.646774826402),.PIECEWISE_BEZIER_KNOTS.);
#7816 = CARTESIAN_POINT('',(4.106497861546,0.553486946207));
#7817 = CARTESIAN_POINT('',(4.224641336114,0.508182821976));
#7818 = CARTESIAN_POINT('',(4.353663494862,0.47574166301));
#7819 = CARTESIAN_POINT('',(4.492329051914,0.454809791019));
#7820 = CARTESIAN_POINT('',(4.638043796538,0.4445459758));
#7821 = CARTESIAN_POINT('',(4.786734164252,0.444545975797));
#7822 = CARTESIAN_POINT('',(4.932448908872,0.45480979102));
#7823 = CARTESIAN_POINT('',(5.071114465911,0.475741663012));
#7824 = CARTESIAN_POINT('',(5.200136624657,0.508182821976));
#7825 = CARTESIAN_POINT('',(5.318280099224,0.553486946207));
#7826 = ( GEOMETRIC_REPRESENTATION_CONTEXT(2) 
PARAMETRIC_REPRESENTATION_CONTEXT() REPRESENTATION_CONTEXT('2D SPACE',''
  ) );
#7827 = ORIENTED_EDGE('',*,*,#7719,.F.);
#7828 = ADVANCED_FACE('',(#7829),#7448,.T.);
#7829 = FACE_BOUND('',#7830,.T.);
#7830 = EDGE_LOOP('',(#7831,#7832,#7833,#7862));
#7831 = ORIENTED_EDGE('',*,*,#7424,.T.);
#7832 = ORIENTED_EDGE('',*,*,#7580,.T.);
#7833 = ORIENTED_EDGE('',*,*,#7834,.F.);
#7834 = EDGE_CURVE('',#7777,#7545,#7835,.T.);
#7835 = SURFACE_CURVE('',#7836,(#7841,#7848),.PCURVE_S1.);
#7836 = HYPERBOLA('',#7837,0.454963467216,1.25);
#7837 = AXIS2_PLACEMENT_3D('',#7838,#7839,#7840);
#7838 = CARTESIAN_POINT('',(-49.41746824526,14.875,6.299080372125));
#7839 = DIRECTION('',(-0.866025403784,0.5,-4.440892098502E-16));
#7840 = DIRECTION('',(4.326600975418E-29,8.881784197001E-16,1.));
#7841 = PCURVE('',#7448,#7842);
#7842 = DEFINITIONAL_REPRESENTATION('',(#7843),#7847);
#7843 = HYPERBOLA('',#7844,0.454963467216,1.25);
#7844 = AXIS2_PLACEMENT_2D('',#7845,#7846);
#7845 = CARTESIAN_POINT('',(0.721687836487,-9.700919627875));
#7846 = DIRECTION('',(3.855557674268E-28,1.));
#7847 = ( GEOMETRIC_REPRESENTATION_CONTEXT(2) 
PARAMETRIC_REPRESENTATION_CONTEXT() REPRESENTATION_CONTEXT('2D SPACE',''
  ) );
#7848 = PCURVE('',#7561,#7849);
#7849 = DEFINITIONAL_REPRESENTATION('',(#7850),#7861);
#7850 = B_SPLINE_CURVE_WITH_KNOTS('',9,(#7851,#7852,#7853,#7854,#7855,
    #7856,#7857,#7858,#7859,#7860),.UNSPECIFIED.,.F.,.F.,(10,10),(
    -0.549306144334,0.549306144334),.PIECEWISE_BEZIER_KNOTS.);
#7851 = CARTESIAN_POINT('',(5.235987755461,0.525346560117));
#7852 = CARTESIAN_POINT('',(5.341701803171,0.493282549805));
#7853 = CARTESIAN_POINT('',(5.454674574529,0.470025018557));
#7854 = CARTESIAN_POINT('',(5.573766372589,0.454882901438));
#7855 = CARTESIAN_POINT('',(5.697107220945,0.44741820425));
#7856 = CARTESIAN_POINT('',(5.822066016855,0.447418203479));
#7857 = CARTESIAN_POINT('',(5.94540644017,0.454882901961));
#7858 = CARTESIAN_POINT('',(6.064498545092,0.470025018627));
#7859 = CARTESIAN_POINT('',(6.177471289869,0.493282550051));
#7860 = CARTESIAN_POINT('',(6.28318530718,0.525346560537));
#7861 = ( GEOMETRIC_REPRESENTATION_CONTEXT(2) 
PARAMETRIC_REPRESENTATION_CONTEXT() REPRESENTATION_CONTEXT('2D SPACE',''
  ) );
#7862 = ORIENTED_EDGE('',*,*,#7776,.F.);
#7863 = ADVANCED_FACE('',(#7864),#7561,.F.);
#7864 = FACE_BOUND('',#7865,.F.);
#7865 = EDGE_LOOP('',(#7866,#7867,#7868,#7869,#7870,#7871,#7872,#7895));
#7866 = ORIENTED_EDGE('',*,*,#7834,.F.);
#7867 = ORIENTED_EDGE('',*,*,#7799,.F.);
#7868 = ORIENTED_EDGE('',*,*,#7742,.F.);
#7869 = ORIENTED_EDGE('',*,*,#7685,.F.);
#7870 = ORIENTED_EDGE('',*,*,#7628,.F.);
#7871 = ORIENTED_EDGE('',*,*,#7544,.F.);
#7872 = ORIENTED_EDGE('',*,*,#7873,.F.);
#7873 = EDGE_CURVE('',#7874,#7545,#7876,.T.);
#7874 = VERTEX_POINT('',#7875);
#7875 = CARTESIAN_POINT('',(-50.5,15.5,6.299080372125));
#7876 = SEAM_CURVE('',#7877,(#7881,#7888),.PCURVE_S1.);
#7877 = LINE('',#7878,#7879);
#7878 = CARTESIAN_POINT('',(-50.5,15.5,6.299080372125));
#7879 = VECTOR('',#7880,1.);
#7880 = DIRECTION('',(0.939692457849,3.797191350146E-16,0.342020590991)
  );
#7881 = PCURVE('',#7561,#7882);
#7882 = DEFINITIONAL_REPRESENTATION('',(#7883),#7887);
#7883 = LINE('',#7884,#7885);
#7884 = CARTESIAN_POINT('',(0.,0.));
#7885 = VECTOR('',#7886,1.);
#7886 = DIRECTION('',(-0.,1.));
#7887 = ( GEOMETRIC_REPRESENTATION_CONTEXT(2) 
PARAMETRIC_REPRESENTATION_CONTEXT() REPRESENTATION_CONTEXT('2D SPACE',''
  ) );
#7888 = PCURVE('',#7561,#7889);
#7889 = DEFINITIONAL_REPRESENTATION('',(#7890),#7894);
#7890 = LINE('',#7891,#7892);
#7891 = CARTESIAN_POINT('',(6.283185307179,0.));
#7892 = VECTOR('',#7893,1.);
#7893 = DIRECTION('',(-0.,1.));
#7894 = ( GEOMETRIC_REPRESENTATION_CONTEXT(2) 
PARAMETRIC_REPRESENTATION_CONTEXT() REPRESENTATION_CONTEXT('2D SPACE',''
  ) );
#7895 = ORIENTED_EDGE('',*,*,#7873,.T.);
#7896 = ( GEOMETRIC_REPRESENTATION_CONTEXT(3) 
GLOBAL_UNCERTAINTY_ASSIGNED_CONTEXT((#7900)) 
GLOBAL_UNIT_ASSIGNED_CONTEXT((#7897,#7898,#7899)) REPRESENTATION_CONTEXT
('Context #1','3D Context with UNIT and UNCERTAINTY') );
#7897 = ( LENGTH_UNIT() NAMED_UNIT(*) SI_UNIT(.MILLI.,.METRE.) );
#7898 = ( NAMED_UNIT(*) PLANE_ANGLE_UNIT() SI_UNIT($,.RADIAN.) );
#7899 = ( NAMED_UNIT(*) SI_UNIT($,.STERADIAN.) SOLID_ANGLE_UNIT() );
#7900 = UNCERTAINTY_MEASURE_WITH_UNIT(LENGTH_MEASURE(1.E-07),#7897,
  'distance_accuracy_value','confusion accuracy');
#7901 = CONTEXT_DEPENDENT_SHAPE_REPRESENTATION(#7902,#7904);
#7902 = ( REPRESENTATION_RELATIONSHIP('','',#6895,#10) 
REPRESENTATION_RELATIONSHIP_WITH_TRANSFORMATION(#7903) 
SHAPE_REPRESENTATION_RELATIONSHIP() );
#7903 = ITEM_DEFINED_TRANSFORMATION('','',#11,#83);
#7904 = PRODUCT_DEFINITION_SHAPE('Placement','Placement of an item',
  #7905);
#7905 = NEXT_ASSEMBLY_USAGE_OCCURRENCE('18',
  'source_locked_motor_m3x10_fastener_3','',#5,#6890,$);
#7906 = PRODUCT_RELATED_PRODUCT_CATEGORY('part',$,(#6892));
#7907 = SHAPE_DEFINITION_REPRESENTATION(#7908,#7914);
#7908 = PRODUCT_DEFINITION_SHAPE('','',#7909);
#7909 = PRODUCT_DEFINITION('design','',#7910,#7913);
#7910 = PRODUCT_DEFINITION_FORMATION('','',#7911);
#7911 = PRODUCT('source_locked_motor_m3x10_fastener_4',
  'source_locked_motor_m3x10_fastener_4','',(#7912));
#7912 = PRODUCT_CONTEXT('',#2,'mechanical');
#7913 = PRODUCT_DEFINITION_CONTEXT('part definition',#2,'design');
#7914 = ADVANCED_BREP_SHAPE_REPRESENTATION('',(#11,#7915),#8915);
#7915 = MANIFOLD_SOLID_BREP('',#7916);
#7916 = CLOSED_SHELL('',(#7917,#7985,#8038,#8093,#8148,#8201,#8254,#8258
    ,#8293,#8535,#8619,#8676,#8733,#8790,#8847,#8882));
#7917 = ADVANCED_FACE('',(#7918,#7954),#7931,.T.);
#7918 = FACE_BOUND('',#7919,.T.);
#7919 = EDGE_LOOP('',(#7920));
#7920 = ORIENTED_EDGE('',*,*,#7921,.T.);
#7921 = EDGE_CURVE('',#7922,#7922,#7924,.T.);
#7922 = VERTEX_POINT('',#7923);
#7923 = CARTESIAN_POINT('',(-16.85,15.5,6.));
#7924 = SURFACE_CURVE('',#7925,(#7930,#7942),.PCURVE_S1.);
#7925 = CIRCLE('',#7926,2.65);
#7926 = AXIS2_PLACEMENT_3D('',#7927,#7928,#7929);
#7927 = CARTESIAN_POINT('',(-19.5,15.5,6.));
#7928 = DIRECTION('',(-1.325926550505E-63,-4.440892098501E-16,-1.));
#7929 = DIRECTION('',(1.,-7.171462774736E-32,3.184769237102E-47));
#7930 = PCURVE('',#7931,#7936);
#7931 = PLANE('',#7932);
#7932 = AXIS2_PLACEMENT_3D('',#7933,#7934,#7935);
#7933 = CARTESIAN_POINT('',(-19.5,15.5,6.));
#7934 = DIRECTION('',(0.,-4.440892098501E-16,-1.));
#7935 = DIRECTION('',(1.,0.,0.));
#7936 = DEFINITIONAL_REPRESENTATION('',(#7937),#7941);
#7937 = CIRCLE('',#7938,2.65);
#7938 = AXIS2_PLACEMENT_2D('',#7939,#7940);
#7939 = CARTESIAN_POINT('',(0.,0.));
#7940 = DIRECTION('',(1.,7.171462774736E-32));
#7941 = ( GEOMETRIC_REPRESENTATION_CONTEXT(2) 
PARAMETRIC_REPRESENTATION_CONTEXT() REPRESENTATION_CONTEXT('2D SPACE',''
  ) );
#7942 = PCURVE('',#7943,#7948);
#7943 = CONICAL_SURFACE('',#7944,2.75,0.785398163397);
#7944 = AXIS2_PLACEMENT_3D('',#7945,#7946,#7947);
#7945 = CARTESIAN_POINT('',(-19.5,15.5,6.1));
#7946 = DIRECTION('',(0.,4.440892098501E-16,1.));
#7947 = DIRECTION('',(1.,-7.171462774736E-32,3.184769237102E-47));
#7948 = DEFINITIONAL_REPRESENTATION('',(#7949),#7953);
#7949 = LINE('',#7950,#7951);
#7950 = CARTESIAN_POINT('',(6.28318530718,-0.1));
#7951 = VECTOR('',#7952,1.);
#7952 = DIRECTION('',(-1.,0.));
#7953 = ( GEOMETRIC_REPRESENTATION_CONTEXT(2) 
PARAMETRIC_REPRESENTATION_CONTEXT() REPRESENTATION_CONTEXT('2D SPACE',''
  ) );
#7954 = FACE_BOUND('',#7955,.T.);
#7955 = EDGE_LOOP('',(#7956));
#7956 = ORIENTED_EDGE('',*,*,#7957,.F.);
#7957 = EDGE_CURVE('',#7958,#7958,#7960,.T.);
#7958 = VERTEX_POINT('',#7959);
#7959 = CARTESIAN_POINT('',(-18.,15.5,6.));
#7960 = SURFACE_CURVE('',#7961,(#7966,#7973),.PCURVE_S1.);
#7961 = CIRCLE('',#7962,1.5);
#7962 = AXIS2_PLACEMENT_3D('',#7963,#7964,#7965);
#7963 = CARTESIAN_POINT('',(-19.5,15.5,6.));
#7964 = DIRECTION('',(0.,-4.440892098501E-16,-1.));
#7965 = DIRECTION('',(1.,0.,0.));
#7966 = PCURVE('',#7931,#7967);
#7967 = DEFINITIONAL_REPRESENTATION('',(#7968),#7972);
#7968 = CIRCLE('',#7969,1.5);
#7969 = AXIS2_PLACEMENT_2D('',#7970,#7971);
#7970 = CARTESIAN_POINT('',(0.,0.));
#7971 = DIRECTION('',(1.,0.));
#7972 = ( GEOMETRIC_REPRESENTATION_CONTEXT(2) 
PARAMETRIC_REPRESENTATION_CONTEXT() REPRESENTATION_CONTEXT('2D SPACE',''
  ) );
#7973 = PCURVE('',#7974,#7979);
#7974 = CYLINDRICAL_SURFACE('',#7975,1.5);
#7975 = AXIS2_PLACEMENT_3D('',#7976,#7977,#7978);
#7976 = CARTESIAN_POINT('',(-19.5,15.5,6.));
#7977 = DIRECTION('',(0.,-4.440892098501E-16,-1.));
#7978 = DIRECTION('',(1.,0.,0.));
#7979 = DEFINITIONAL_REPRESENTATION('',(#7980),#7984);
#7980 = LINE('',#7981,#7982);
#7981 = CARTESIAN_POINT('',(0.,0.));
#7982 = VECTOR('',#7983,1.);
#7983 = DIRECTION('',(1.,0.));
#7984 = ( GEOMETRIC_REPRESENTATION_CONTEXT(2) 
PARAMETRIC_REPRESENTATION_CONTEXT() REPRESENTATION_CONTEXT('2D SPACE',''
  ) );
#7985 = ADVANCED_FACE('',(#7986),#7943,.T.);
#7986 = FACE_BOUND('',#7987,.T.);
#7987 = EDGE_LOOP('',(#7988,#8017,#8036,#8037));
#7988 = ORIENTED_EDGE('',*,*,#7989,.T.);
#7989 = EDGE_CURVE('',#7990,#7990,#7992,.T.);
#7990 = VERTEX_POINT('',#7991);
#7991 = CARTESIAN_POINT('',(-16.75,15.5,6.1));
#7992 = SURFACE_CURVE('',#7993,(#7998,#8005),.PCURVE_S1.);
#7993 = CIRCLE('',#7994,2.75);
#7994 = AXIS2_PLACEMENT_3D('',#7995,#7996,#7997);
#7995 = CARTESIAN_POINT('',(-19.5,15.5,6.1));
#7996 = DIRECTION('',(-1.325926550505E-63,-4.440892098501E-16,-1.));
#7997 = DIRECTION('',(1.,-7.171462774736E-32,3.184769237102E-47));
#7998 = PCURVE('',#7943,#7999);
#7999 = DEFINITIONAL_REPRESENTATION('',(#8000),#8004);
#8000 = LINE('',#8001,#8002);
#8001 = CARTESIAN_POINT('',(6.28318530718,0.));
#8002 = VECTOR('',#8003,1.);
#8003 = DIRECTION('',(-1.,0.));
#8004 = ( GEOMETRIC_REPRESENTATION_CONTEXT(2) 
PARAMETRIC_REPRESENTATION_CONTEXT() REPRESENTATION_CONTEXT('2D SPACE',''
  ) );
#8005 = PCURVE('',#8006,#8011);
#8006 = CYLINDRICAL_SURFACE('',#8007,2.75);
#8007 = AXIS2_PLACEMENT_3D('',#8008,#8009,#8010);
#8008 = CARTESIAN_POINT('',(-19.5,15.5,9.));
#8009 = DIRECTION('',(0.,-4.440892098501E-16,-1.));
#8010 = DIRECTION('',(1.,2.422304781E-16,-1.07571941621E-31));
#8011 = DEFINITIONAL_REPRESENTATION('',(#8012),#8016);
#8012 = LINE('',#8013,#8014);
#8013 = CARTESIAN_POINT('',(2.422304781E-16,2.9));
#8014 = VECTOR('',#8015,1.);
#8015 = DIRECTION('',(1.,0.));
#8016 = ( GEOMETRIC_REPRESENTATION_CONTEXT(2) 
PARAMETRIC_REPRESENTATION_CONTEXT() REPRESENTATION_CONTEXT('2D SPACE',''
  ) );
#8017 = ORIENTED_EDGE('',*,*,#8018,.F.);
#8018 = EDGE_CURVE('',#7922,#7990,#8019,.T.);
#8019 = SEAM_CURVE('',#8020,(#8024,#8030),.PCURVE_S1.);
#8020 = LINE('',#8021,#8022);
#8021 = CARTESIAN_POINT('',(-16.75,15.5,6.1));
#8022 = VECTOR('',#8023,1.);
#8023 = DIRECTION('',(0.707106781187,4.85301305411E-16,0.707106781187));
#8024 = PCURVE('',#7943,#8025);
#8025 = DEFINITIONAL_REPRESENTATION('',(#8026),#8029);
#8026 = B_SPLINE_CURVE_WITH_KNOTS('',1,(#8027,#8028),.UNSPECIFIED.,.F.,
  .F.,(2,2),(-0.141421356237,0.),.PIECEWISE_BEZIER_KNOTS.);
#8027 = CARTESIAN_POINT('',(0.,-0.1));
#8028 = CARTESIAN_POINT('',(0.,0.));
#8029 = ( GEOMETRIC_REPRESENTATION_CONTEXT(2) 
PARAMETRIC_REPRESENTATION_CONTEXT() REPRESENTATION_CONTEXT('2D SPACE',''
  ) );
#8030 = PCURVE('',#7943,#8031);
#8031 = DEFINITIONAL_REPRESENTATION('',(#8032),#8035);
#8032 = B_SPLINE_CURVE_WITH_KNOTS('',1,(#8033,#8034),.UNSPECIFIED.,.F.,
  .F.,(2,2),(-0.141421356237,0.),.PIECEWISE_BEZIER_KNOTS.);
#8033 = CARTESIAN_POINT('',(6.283185307179,-0.1));
#8034 = CARTESIAN_POINT('',(6.283185307179,0.));
#8035 = ( GEOMETRIC_REPRESENTATION_CONTEXT(2) 
PARAMETRIC_REPRESENTATION_CONTEXT() REPRESENTATION_CONTEXT('2D SPACE',''
  ) );
#8036 = ORIENTED_EDGE('',*,*,#7921,.F.);
#8037 = ORIENTED_EDGE('',*,*,#8018,.T.);
#8038 = ADVANCED_FACE('',(#8039),#7974,.T.);
#8039 = FACE_BOUND('',#8040,.T.);
#8040 = EDGE_LOOP('',(#8041,#8064,#8065,#8066));
#8041 = ORIENTED_EDGE('',*,*,#8042,.F.);
#8042 = EDGE_CURVE('',#7958,#8043,#8045,.T.);
#8043 = VERTEX_POINT('',#8044);
#8044 = CARTESIAN_POINT('',(-18.,15.5,-3.6));
#8045 = SEAM_CURVE('',#8046,(#8050,#8057),.PCURVE_S1.);
#8046 = LINE('',#8047,#8048);
#8047 = CARTESIAN_POINT('',(-18.,15.5,6.));
#8048 = VECTOR('',#8049,1.);
#8049 = DIRECTION('',(0.,-6.661338147751E-16,-1.));
#8050 = PCURVE('',#7974,#8051);
#8051 = DEFINITIONAL_REPRESENTATION('',(#8052),#8056);
#8052 = LINE('',#8053,#8054);
#8053 = CARTESIAN_POINT('',(0.,0.));
#8054 = VECTOR('',#8055,1.);
#8055 = DIRECTION('',(0.,1.));
#8056 = ( GEOMETRIC_REPRESENTATION_CONTEXT(2) 
PARAMETRIC_REPRESENTATION_CONTEXT() REPRESENTATION_CONTEXT('2D SPACE',''
  ) );
#8057 = PCURVE('',#7974,#8058);
#8058 = DEFINITIONAL_REPRESENTATION('',(#8059),#8063);
#8059 = LINE('',#8060,#8061);
#8060 = CARTESIAN_POINT('',(6.28318530718,0.));
#8061 = VECTOR('',#8062,1.);
#8062 = DIRECTION('',(0.,1.));
#8063 = ( GEOMETRIC_REPRESENTATION_CONTEXT(2) 
PARAMETRIC_REPRESENTATION_CONTEXT() REPRESENTATION_CONTEXT('2D SPACE',''
  ) );
#8064 = ORIENTED_EDGE('',*,*,#7957,.T.);
#8065 = ORIENTED_EDGE('',*,*,#8042,.T.);
#8066 = ORIENTED_EDGE('',*,*,#8067,.F.);
#8067 = EDGE_CURVE('',#8043,#8043,#8068,.T.);
#8068 = SURFACE_CURVE('',#8069,(#8074,#8081),.PCURVE_S1.);
#8069 = CIRCLE('',#8070,1.5);
#8070 = AXIS2_PLACEMENT_3D('',#8071,#8072,#8073);
#8071 = CARTESIAN_POINT('',(-19.5,15.5,-3.6));
#8072 = DIRECTION('',(1.167748720224E-46,-4.440892098501E-16,-1.));
#8073 = DIRECTION('',(1.,-1.480297366167E-15,6.573840876843E-31));
#8074 = PCURVE('',#7974,#8075);
#8075 = DEFINITIONAL_REPRESENTATION('',(#8076),#8080);
#8076 = LINE('',#8077,#8078);
#8077 = CARTESIAN_POINT('',(1.480297366167E-15,9.6));
#8078 = VECTOR('',#8079,1.);
#8079 = DIRECTION('',(1.,0.));
#8080 = ( GEOMETRIC_REPRESENTATION_CONTEXT(2) 
PARAMETRIC_REPRESENTATION_CONTEXT() REPRESENTATION_CONTEXT('2D SPACE',''
  ) );
#8081 = PCURVE('',#8082,#8087);
#8082 = CONICAL_SURFACE('',#8083,1.5,0.785398163397);
#8083 = AXIS2_PLACEMENT_3D('',#8084,#8085,#8086);
#8084 = CARTESIAN_POINT('',(-19.5,15.5,-3.6));
#8085 = DIRECTION('',(-8.75811540203E-47,4.440892098501E-16,1.));
#8086 = DIRECTION('',(1.,-1.480297366167E-15,6.573840876843E-31));
#8087 = DEFINITIONAL_REPRESENTATION('',(#8088),#8092);
#8088 = LINE('',#8089,#8090);
#8089 = CARTESIAN_POINT('',(6.28318530718,0.));
#8090 = VECTOR('',#8091,1.);
#8091 = DIRECTION('',(-1.,0.));
#8092 = ( GEOMETRIC_REPRESENTATION_CONTEXT(2) 
PARAMETRIC_REPRESENTATION_CONTEXT() REPRESENTATION_CONTEXT('2D SPACE',''
  ) );
#8093 = ADVANCED_FACE('',(#8094),#8006,.T.);
#8094 = FACE_BOUND('',#8095,.T.);
#8095 = EDGE_LOOP('',(#8096,#8119,#8146,#8147));
#8096 = ORIENTED_EDGE('',*,*,#8097,.F.);
#8097 = EDGE_CURVE('',#8098,#7990,#8100,.T.);
#8098 = VERTEX_POINT('',#8099);
#8099 = CARTESIAN_POINT('',(-16.75,15.5,8.9));
#8100 = SEAM_CURVE('',#8101,(#8105,#8112),.PCURVE_S1.);
#8101 = LINE('',#8102,#8103);
#8102 = CARTESIAN_POINT('',(-16.75,15.5,9.));
#8103 = VECTOR('',#8104,1.);
#8104 = DIRECTION('',(0.,-6.661338147751E-16,-1.));
#8105 = PCURVE('',#8006,#8106);
#8106 = DEFINITIONAL_REPRESENTATION('',(#8107),#8111);
#8107 = LINE('',#8108,#8109);
#8108 = CARTESIAN_POINT('',(0.,0.));
#8109 = VECTOR('',#8110,1.);
#8110 = DIRECTION('',(0.,1.));
#8111 = ( GEOMETRIC_REPRESENTATION_CONTEXT(2) 
PARAMETRIC_REPRESENTATION_CONTEXT() REPRESENTATION_CONTEXT('2D SPACE',''
  ) );
#8112 = PCURVE('',#8006,#8113);
#8113 = DEFINITIONAL_REPRESENTATION('',(#8114),#8118);
#8114 = LINE('',#8115,#8116);
#8115 = CARTESIAN_POINT('',(6.28318530718,0.));
#8116 = VECTOR('',#8117,1.);
#8117 = DIRECTION('',(0.,1.));
#8118 = ( GEOMETRIC_REPRESENTATION_CONTEXT(2) 
PARAMETRIC_REPRESENTATION_CONTEXT() REPRESENTATION_CONTEXT('2D SPACE',''
  ) );
#8119 = ORIENTED_EDGE('',*,*,#8120,.T.);
#8120 = EDGE_CURVE('',#8098,#8098,#8121,.T.);
#8121 = SURFACE_CURVE('',#8122,(#8127,#8134),.PCURVE_S1.);
#8122 = CIRCLE('',#8123,2.75);
#8123 = AXIS2_PLACEMENT_3D('',#8124,#8125,#8126);
#8124 = CARTESIAN_POINT('',(-19.5,15.5,8.9));
#8125 = DIRECTION('',(9.952403864668E-48,-4.440892098501E-16,-1.));
#8126 = DIRECTION('',(1.,2.422304781E-16,-1.07571941621E-31));
#8127 = PCURVE('',#8006,#8128);
#8128 = DEFINITIONAL_REPRESENTATION('',(#8129),#8133);
#8129 = LINE('',#8130,#8131);
#8130 = CARTESIAN_POINT('',(1.434292554947E-31,0.1));
#8131 = VECTOR('',#8132,1.);
#8132 = DIRECTION('',(1.,0.));
#8133 = ( GEOMETRIC_REPRESENTATION_CONTEXT(2) 
PARAMETRIC_REPRESENTATION_CONTEXT() REPRESENTATION_CONTEXT('2D SPACE',''
  ) );
#8134 = PCURVE('',#8135,#8140);
#8135 = CONICAL_SURFACE('',#8136,2.75,0.785398163397);
#8136 = AXIS2_PLACEMENT_3D('',#8137,#8138,#8139);
#8137 = CARTESIAN_POINT('',(-19.5,15.5,8.9));
#8138 = DIRECTION('',(-0.,-4.440892098501E-16,-1.));
#8139 = DIRECTION('',(1.,2.422304781E-16,-1.07571941621E-31));
#8140 = DEFINITIONAL_REPRESENTATION('',(#8141),#8145);
#8141 = LINE('',#8142,#8143);
#8142 = CARTESIAN_POINT('',(0.,0.));
#8143 = VECTOR('',#8144,1.);
#8144 = DIRECTION('',(1.,-0.));
#8145 = ( GEOMETRIC_REPRESENTATION_CONTEXT(2) 
PARAMETRIC_REPRESENTATION_CONTEXT() REPRESENTATION_CONTEXT('2D SPACE',''
  ) );
#8146 = ORIENTED_EDGE('',*,*,#8097,.T.);
#8147 = ORIENTED_EDGE('',*,*,#7989,.F.);
#8148 = ADVANCED_FACE('',(#8149),#8082,.T.);
#8149 = FACE_BOUND('',#8150,.T.);
#8150 = EDGE_LOOP('',(#8151,#8172,#8173,#8174));
#8151 = ORIENTED_EDGE('',*,*,#8152,.F.);
#8152 = EDGE_CURVE('',#8043,#8153,#8155,.T.);
#8153 = VERTEX_POINT('',#8154);
#8154 = CARTESIAN_POINT('',(-18.4,15.5,-4.));
#8155 = SEAM_CURVE('',#8156,(#8160,#8166),.PCURVE_S1.);
#8156 = LINE('',#8157,#8158);
#8157 = CARTESIAN_POINT('',(-18.,15.5,-3.6));
#8158 = VECTOR('',#8159,1.);
#8159 = DIRECTION('',(-0.707106781187,-3.140184917366E-16,
    -0.707106781187));
#8160 = PCURVE('',#8082,#8161);
#8161 = DEFINITIONAL_REPRESENTATION('',(#8162),#8165);
#8162 = B_SPLINE_CURVE_WITH_KNOTS('',1,(#8163,#8164),.UNSPECIFIED.,.F.,
  .F.,(2,2),(0.,0.565685424949),.PIECEWISE_BEZIER_KNOTS.);
#8163 = CARTESIAN_POINT('',(6.28318530718,0.));
#8164 = CARTESIAN_POINT('',(6.28318530718,-0.4));
#8165 = ( GEOMETRIC_REPRESENTATION_CONTEXT(2) 
PARAMETRIC_REPRESENTATION_CONTEXT() REPRESENTATION_CONTEXT('2D SPACE',''
  ) );
#8166 = PCURVE('',#8082,#8167);
#8167 = DEFINITIONAL_REPRESENTATION('',(#8168),#8171);
#8168 = B_SPLINE_CURVE_WITH_KNOTS('',1,(#8169,#8170),.UNSPECIFIED.,.F.,
  .F.,(2,2),(0.,0.565685424949),.PIECEWISE_BEZIER_KNOTS.);
#8169 = CARTESIAN_POINT('',(-4.138911435803E-13,0.));
#8170 = CARTESIAN_POINT('',(-4.138911435803E-13,-0.4));
#8171 = ( GEOMETRIC_REPRESENTATION_CONTEXT(2) 
PARAMETRIC_REPRESENTATION_CONTEXT() REPRESENTATION_CONTEXT('2D SPACE',''
  ) );
#8172 = ORIENTED_EDGE('',*,*,#8067,.T.);
#8173 = ORIENTED_EDGE('',*,*,#8152,.T.);
#8174 = ORIENTED_EDGE('',*,*,#8175,.F.);
#8175 = EDGE_CURVE('',#8153,#8153,#8176,.T.);
#8176 = SURFACE_CURVE('',#8177,(#8182,#8189),.PCURVE_S1.);
#8177 = CIRCLE('',#8178,1.1);
#8178 = AXIS2_PLACEMENT_3D('',#8179,#8180,#8181);
#8179 = CARTESIAN_POINT('',(-19.5,15.5,-4.));
#8180 = DIRECTION('',(1.167748720224E-46,-4.440892098501E-16,-1.));
#8181 = DIRECTION('',(1.,-1.480297366167E-15,6.573840876843E-31));
#8182 = PCURVE('',#8082,#8183);
#8183 = DEFINITIONAL_REPRESENTATION('',(#8184),#8188);
#8184 = LINE('',#8185,#8186);
#8185 = CARTESIAN_POINT('',(6.28318530718,-0.4));
#8186 = VECTOR('',#8187,1.);
#8187 = DIRECTION('',(-1.,0.));
#8188 = ( GEOMETRIC_REPRESENTATION_CONTEXT(2) 
PARAMETRIC_REPRESENTATION_CONTEXT() REPRESENTATION_CONTEXT('2D SPACE',''
  ) );
#8189 = PCURVE('',#8190,#8195);
#8190 = PLANE('',#8191);
#8191 = AXIS2_PLACEMENT_3D('',#8192,#8193,#8194);
#8192 = CARTESIAN_POINT('',(-19.5,15.5,-4.));
#8193 = DIRECTION('',(0.,-4.440892098501E-16,-1.));
#8194 = DIRECTION('',(1.,-1.480297366167E-15,6.573840876843E-31));
#8195 = DEFINITIONAL_REPRESENTATION('',(#8196),#8200);
#8196 = CIRCLE('',#8197,1.1);
#8197 = AXIS2_PLACEMENT_2D('',#8198,#8199);
#8198 = CARTESIAN_POINT('',(0.,0.));
#8199 = DIRECTION('',(1.,2.919371800677E-46));
#8200 = ( GEOMETRIC_REPRESENTATION_CONTEXT(2) 
PARAMETRIC_REPRESENTATION_CONTEXT() REPRESENTATION_CONTEXT('2D SPACE',''
  ) );
#8201 = ADVANCED_FACE('',(#8202),#8135,.T.);
#8202 = FACE_BOUND('',#8203,.T.);
#8203 = EDGE_LOOP('',(#8204,#8233,#8252,#8253));
#8204 = ORIENTED_EDGE('',*,*,#8205,.T.);
#8205 = EDGE_CURVE('',#8206,#8206,#8208,.T.);
#8206 = VERTEX_POINT('',#8207);
#8207 = CARTESIAN_POINT('',(-16.85,15.5,9.));
#8208 = SURFACE_CURVE('',#8209,(#8214,#8221),.PCURVE_S1.);
#8209 = CIRCLE('',#8210,2.65);
#8210 = AXIS2_PLACEMENT_3D('',#8211,#8212,#8213);
#8211 = CARTESIAN_POINT('',(-19.5,15.5,9.));
#8212 = DIRECTION('',(9.952403864668E-48,-4.440892098501E-16,-1.));
#8213 = DIRECTION('',(1.,2.422304781E-16,-1.07571941621E-31));
#8214 = PCURVE('',#8135,#8215);
#8215 = DEFINITIONAL_REPRESENTATION('',(#8216),#8220);
#8216 = LINE('',#8217,#8218);
#8217 = CARTESIAN_POINT('',(0.,-0.1));
#8218 = VECTOR('',#8219,1.);
#8219 = DIRECTION('',(1.,-0.));
#8220 = ( GEOMETRIC_REPRESENTATION_CONTEXT(2) 
PARAMETRIC_REPRESENTATION_CONTEXT() REPRESENTATION_CONTEXT('2D SPACE',''
  ) );
#8221 = PCURVE('',#8222,#8227);
#8222 = PLANE('',#8223);
#8223 = AXIS2_PLACEMENT_3D('',#8224,#8225,#8226);
#8224 = CARTESIAN_POINT('',(-19.5,15.5,9.));
#8225 = DIRECTION('',(0.,-4.440892098501E-16,-1.));
#8226 = DIRECTION('',(1.,4.594026308794E-16,-2.040157513503E-31));
#8227 = DEFINITIONAL_REPRESENTATION('',(#8228),#8232);
#8228 = CIRCLE('',#8229,2.65);
#8229 = AXIS2_PLACEMENT_2D('',#8230,#8231);
#8230 = CARTESIAN_POINT('',(0.,0.));
#8231 = DIRECTION('',(1.,2.171721527794E-16));
#8232 = ( GEOMETRIC_REPRESENTATION_CONTEXT(2) 
PARAMETRIC_REPRESENTATION_CONTEXT() REPRESENTATION_CONTEXT('2D SPACE',''
  ) );
#8233 = ORIENTED_EDGE('',*,*,#8234,.F.);
#8234 = EDGE_CURVE('',#8098,#8206,#8235,.T.);
#8235 = SEAM_CURVE('',#8236,(#8240,#8246),.PCURVE_S1.);
#8236 = LINE('',#8237,#8238);
#8237 = CARTESIAN_POINT('',(-16.75,15.5,8.9));
#8238 = VECTOR('',#8239,1.);
#8239 = DIRECTION('',(-0.707106781187,1.427356780621E-16,0.707106781187)
  );
#8240 = PCURVE('',#8135,#8241);
#8241 = DEFINITIONAL_REPRESENTATION('',(#8242),#8245);
#8242 = B_SPLINE_CURVE_WITH_KNOTS('',1,(#8243,#8244),.UNSPECIFIED.,.F.,
  .F.,(2,2),(0.,0.141421356237),.PIECEWISE_BEZIER_KNOTS.);
#8243 = CARTESIAN_POINT('',(6.28318530718,0.));
#8244 = CARTESIAN_POINT('',(6.28318530718,-0.1));
#8245 = ( GEOMETRIC_REPRESENTATION_CONTEXT(2) 
PARAMETRIC_REPRESENTATION_CONTEXT() REPRESENTATION_CONTEXT('2D SPACE',''
  ) );
#8246 = PCURVE('',#8135,#8247);
#8247 = DEFINITIONAL_REPRESENTATION('',(#8248),#8251);
#8248 = B_SPLINE_CURVE_WITH_KNOTS('',1,(#8249,#8250),.UNSPECIFIED.,.F.,
  .F.,(2,2),(0.,0.141421356237),.PIECEWISE_BEZIER_KNOTS.);
#8249 = CARTESIAN_POINT('',(4.138911435803E-13,0.));
#8250 = CARTESIAN_POINT('',(4.138911435803E-13,-0.1));
#8251 = ( GEOMETRIC_REPRESENTATION_CONTEXT(2) 
PARAMETRIC_REPRESENTATION_CONTEXT() REPRESENTATION_CONTEXT('2D SPACE',''
  ) );
#8252 = ORIENTED_EDGE('',*,*,#8120,.F.);
#8253 = ORIENTED_EDGE('',*,*,#8234,.T.);
#8254 = ADVANCED_FACE('',(#8255),#8190,.T.);
#8255 = FACE_BOUND('',#8256,.T.);
#8256 = EDGE_LOOP('',(#8257));
#8257 = ORIENTED_EDGE('',*,*,#8175,.T.);
#8258 = ADVANCED_FACE('',(#8259,#8262),#8222,.F.);
#8259 = FACE_BOUND('',#8260,.T.);
#8260 = EDGE_LOOP('',(#8261));
#8261 = ORIENTED_EDGE('',*,*,#8205,.F.);
#8262 = FACE_BOUND('',#8263,.T.);
#8263 = EDGE_LOOP('',(#8264));
#8264 = ORIENTED_EDGE('',*,*,#8265,.T.);
#8265 = EDGE_CURVE('',#8266,#8266,#8268,.T.);
#8266 = VERTEX_POINT('',#8267);
#8267 = CARTESIAN_POINT('',(-18.05,15.5,9.));
#8268 = SURFACE_CURVE('',#8269,(#8274,#8281),.PCURVE_S1.);
#8269 = CIRCLE('',#8270,1.45);
#8270 = AXIS2_PLACEMENT_3D('',#8271,#8272,#8273);
#8271 = CARTESIAN_POINT('',(-19.5,15.5,9.));
#8272 = DIRECTION('',(3.020039794733E-48,-4.440892098501E-16,-1.));
#8273 = DIRECTION('',(1.,4.594026308794E-16,-2.040157513503E-31));
#8274 = PCURVE('',#8222,#8275);
#8275 = DEFINITIONAL_REPRESENTATION('',(#8276),#8280);
#8276 = CIRCLE('',#8277,1.45);
#8277 = AXIS2_PLACEMENT_2D('',#8278,#8279);
#8278 = CARTESIAN_POINT('',(0.,0.));
#8279 = DIRECTION('',(1.,-9.060119381412E-47));
#8280 = ( GEOMETRIC_REPRESENTATION_CONTEXT(2) 
PARAMETRIC_REPRESENTATION_CONTEXT() REPRESENTATION_CONTEXT('2D SPACE',''
  ) );
#8281 = PCURVE('',#8282,#8287);
#8282 = CONICAL_SURFACE('',#8283,3.441688219844E-16,0.785397673205);
#8283 = AXIS2_PLACEMENT_3D('',#8284,#8285,#8286);
#8284 = CARTESIAN_POINT('',(-19.5,15.5,7.549998578442));
#8285 = DIRECTION('',(0.,4.440892098501E-16,1.));
#8286 = DIRECTION('',(1.,7.087732770012E-16,-3.147585645463E-31));
#8287 = DEFINITIONAL_REPRESENTATION('',(#8288),#8292);
#8288 = LINE('',#8289,#8290);
#8289 = CARTESIAN_POINT('',(6.28318530718,1.450001421558));
#8290 = VECTOR('',#8291,1.);
#8291 = DIRECTION('',(-1.,0.));
#8292 = ( GEOMETRIC_REPRESENTATION_CONTEXT(2) 
PARAMETRIC_REPRESENTATION_CONTEXT() REPRESENTATION_CONTEXT('2D SPACE',''
  ) );
#8293 = ADVANCED_FACE('',(#8294),#8282,.F.);
#8294 = FACE_BOUND('',#8295,.F.);
#8295 = EDGE_LOOP('',(#8296,#8334,#8370,#8406,#8442,#8478,#8499,#8500,
    #8501));
#8296 = ORIENTED_EDGE('',*,*,#8297,.T.);
#8297 = EDGE_CURVE('',#8298,#8300,#8302,.T.);
#8298 = VERTEX_POINT('',#8299);
#8299 = CARTESIAN_POINT('',(-18.77831216351,16.75,8.99337566648));
#8300 = VERTEX_POINT('',#8301);
#8301 = CARTESIAN_POINT('',(-20.22168783648,16.75,8.99337566648));
#8302 = SURFACE_CURVE('',#8303,(#8308,#8322),.PCURVE_S1.);
#8303 = HYPERBOLA('',#8304,1.250001225481,1.25);
#8304 = AXIS2_PLACEMENT_3D('',#8305,#8306,#8307);
#8305 = CARTESIAN_POINT('',(-19.5,16.75,7.549998578442));
#8306 = DIRECTION('',(0.,-1.,8.881784197001E-16));
#8307 = DIRECTION('',(0.,8.881784197001E-16,1.));
#8308 = PCURVE('',#8282,#8309);
#8309 = DEFINITIONAL_REPRESENTATION('',(#8310),#8321);
#8310 = B_SPLINE_CURVE_WITH_KNOTS('',9,(#8311,#8312,#8313,#8314,#8315,
    #8316,#8317,#8318,#8319,#8320),.UNSPECIFIED.,.F.,.F.,(10,10),(
    -0.55840221658,0.55840221658),.PIECEWISE_BEZIER_KNOTS.);
#8311 = CARTESIAN_POINT('',(1.039338088856,1.450001421558));
#8312 = CARTESIAN_POINT('',(1.14631169429,1.358814631645));
#8313 = CARTESIAN_POINT('',(1.260853407593,1.292746139179));
#8314 = CARTESIAN_POINT('',(1.381805677021,1.249764999563));
#8315 = CARTESIAN_POINT('',(1.507225448684,1.228586187654));
#8316 = CARTESIAN_POINT('',(1.634367205213,1.228586187695));
#8317 = CARTESIAN_POINT('',(1.759786976592,1.249764999548));
#8318 = CARTESIAN_POINT('',(1.88073924602,1.292746139183));
#8319 = CARTESIAN_POINT('',(1.995280959301,1.358814631645));
#8320 = CARTESIAN_POINT('',(2.102254564734,1.450001421558));
#8321 = ( GEOMETRIC_REPRESENTATION_CONTEXT(2) 
PARAMETRIC_REPRESENTATION_CONTEXT() REPRESENTATION_CONTEXT('2D SPACE',''
  ) );
#8322 = PCURVE('',#8323,#8328);
#8323 = PLANE('',#8324);
#8324 = AXIS2_PLACEMENT_3D('',#8325,#8326,#8327);
#8325 = CARTESIAN_POINT('',(-20.22168783648,16.75,16.));
#8326 = DIRECTION('',(0.,-1.,8.881784197001E-16));
#8327 = DIRECTION('',(1.,0.,0.));
#8328 = DEFINITIONAL_REPRESENTATION('',(#8329),#8333);
#8329 = HYPERBOLA('',#8330,1.250001225481,1.25);
#8330 = AXIS2_PLACEMENT_2D('',#8331,#8332);
#8331 = CARTESIAN_POINT('',(0.721687836487,-8.450001421558));
#8332 = DIRECTION('',(0.,1.));
#8333 = ( GEOMETRIC_REPRESENTATION_CONTEXT(2) 
PARAMETRIC_REPRESENTATION_CONTEXT() REPRESENTATION_CONTEXT('2D SPACE',''
  ) );
#8334 = ORIENTED_EDGE('',*,*,#8335,.T.);
#8335 = EDGE_CURVE('',#8300,#8336,#8338,.T.);
#8336 = VERTEX_POINT('',#8337);
#8337 = CARTESIAN_POINT('',(-20.94337567297,15.5,8.99337566648));
#8338 = SURFACE_CURVE('',#8339,(#8344,#8358),.PCURVE_S1.);
#8339 = HYPERBOLA('',#8340,1.250001225481,1.25);
#8340 = AXIS2_PLACEMENT_3D('',#8341,#8342,#8343);
#8341 = CARTESIAN_POINT('',(-20.58253175473,16.125,7.549998578442));
#8342 = DIRECTION('',(0.866025403784,-0.5,4.440892098502E-16));
#8343 = DIRECTION('',(-1.922962686384E-16,5.551115123126E-16,1.));
#8344 = PCURVE('',#8282,#8345);
#8345 = DEFINITIONAL_REPRESENTATION('',(#8346),#8357);
#8346 = B_SPLINE_CURVE_WITH_KNOTS('',9,(#8347,#8348,#8349,#8350,#8351,
    #8352,#8353,#8354,#8355,#8356),.UNSPECIFIED.,.F.,.F.,(10,10),(
    -0.55840221658,0.55840221658),.PIECEWISE_BEZIER_KNOTS.);
#8347 = CARTESIAN_POINT('',(2.086535640053,1.450001421558));
#8348 = CARTESIAN_POINT('',(2.193509245487,1.358814631645));
#8349 = CARTESIAN_POINT('',(2.308050958801,1.292746139181));
#8350 = CARTESIAN_POINT('',(2.429003228277,1.249764999586));
#8351 = CARTESIAN_POINT('',(2.554422999728,1.228586187613));
#8352 = CARTESIAN_POINT('',(2.681564756301,1.228586187603));
#8353 = CARTESIAN_POINT('',(2.806984527702,1.249764999581));
#8354 = CARTESIAN_POINT('',(2.927936797199,1.292746139178));
#8355 = CARTESIAN_POINT('',(3.042478510497,1.358814631645));
#8356 = CARTESIAN_POINT('',(3.149452115931,1.450001421558));
#8357 = ( GEOMETRIC_REPRESENTATION_CONTEXT(2) 
PARAMETRIC_REPRESENTATION_CONTEXT() REPRESENTATION_CONTEXT('2D SPACE',''
  ) );
#8358 = PCURVE('',#8359,#8364);
#8359 = PLANE('',#8360);
#8360 = AXIS2_PLACEMENT_3D('',#8361,#8362,#8363);
#8361 = CARTESIAN_POINT('',(-20.94337567297,15.5,16.));
#8362 = DIRECTION('',(0.866025403784,-0.5,4.440892098502E-16));
#8363 = DIRECTION('',(0.5,0.866025403784,-7.691850745537E-16));
#8364 = DEFINITIONAL_REPRESENTATION('',(#8365),#8369);
#8365 = HYPERBOLA('',#8366,1.250001225481,1.25);
#8366 = AXIS2_PLACEMENT_2D('',#8367,#8368);
#8367 = CARTESIAN_POINT('',(0.721687836487,-8.450001421558));
#8368 = DIRECTION('',(-3.845925372771E-16,1.));
#8369 = ( GEOMETRIC_REPRESENTATION_CONTEXT(2) 
PARAMETRIC_REPRESENTATION_CONTEXT() REPRESENTATION_CONTEXT('2D SPACE',''
  ) );
#8370 = ORIENTED_EDGE('',*,*,#8371,.T.);
#8371 = EDGE_CURVE('',#8336,#8372,#8374,.T.);
#8372 = VERTEX_POINT('',#8373);
#8373 = CARTESIAN_POINT('',(-20.22168783648,14.25,8.99337566648));
#8374 = SURFACE_CURVE('',#8375,(#8380,#8394),.PCURVE_S1.);
#8375 = HYPERBOLA('',#8376,1.250001225481,1.25);
#8376 = AXIS2_PLACEMENT_3D('',#8377,#8378,#8379);
#8377 = CARTESIAN_POINT('',(-20.58253175473,14.875,7.549998578442));
#8378 = DIRECTION('',(0.866025403784,0.5,-4.440892098502E-16));
#8379 = DIRECTION('',(1.922962686384E-16,5.551115123126E-16,1.));
#8380 = PCURVE('',#8282,#8381);
#8381 = DEFINITIONAL_REPRESENTATION('',(#8382),#8393);
#8382 = B_SPLINE_CURVE_WITH_KNOTS('',9,(#8383,#8384,#8385,#8386,#8387,
    #8388,#8389,#8390,#8391,#8392),.UNSPECIFIED.,.F.,.F.,(10,10),(
    -0.55840221658,0.55840221658),.PIECEWISE_BEZIER_KNOTS.);
#8383 = CARTESIAN_POINT('',(3.13373319125,1.450001421558));
#8384 = CARTESIAN_POINT('',(3.240706796683,1.358814631645));
#8385 = CARTESIAN_POINT('',(3.355248509956,1.292746139172));
#8386 = CARTESIAN_POINT('',(3.476200779601,1.24976499961));
#8387 = CARTESIAN_POINT('',(3.601620550686,1.228586187613));
#8388 = CARTESIAN_POINT('',(3.728762307746,1.228586187747));
#8389 = CARTESIAN_POINT('',(3.854182078834,1.24976499953));
#8390 = CARTESIAN_POINT('',(3.97513434843,1.292746139193));
#8391 = CARTESIAN_POINT('',(4.089676061694,1.358814631645));
#8392 = CARTESIAN_POINT('',(4.196649667127,1.450001421558));
#8393 = ( GEOMETRIC_REPRESENTATION_CONTEXT(2) 
PARAMETRIC_REPRESENTATION_CONTEXT() REPRESENTATION_CONTEXT('2D SPACE',''
  ) );
#8394 = PCURVE('',#8395,#8400);
#8395 = PLANE('',#8396);
#8396 = AXIS2_PLACEMENT_3D('',#8397,#8398,#8399);
#8397 = CARTESIAN_POINT('',(-20.22168783648,14.25,16.));
#8398 = DIRECTION('',(0.866025403784,0.5,-4.440892098502E-16));
#8399 = DIRECTION('',(-0.5,0.866025403784,-7.691850745537E-16));
#8400 = DEFINITIONAL_REPRESENTATION('',(#8401),#8405);
#8401 = HYPERBOLA('',#8402,1.250001225481,1.25);
#8402 = AXIS2_PLACEMENT_2D('',#8403,#8404);
#8403 = CARTESIAN_POINT('',(0.721687836487,-8.450001421558));
#8404 = DIRECTION('',(-3.845925372771E-16,1.));
#8405 = ( GEOMETRIC_REPRESENTATION_CONTEXT(2) 
PARAMETRIC_REPRESENTATION_CONTEXT() REPRESENTATION_CONTEXT('2D SPACE',''
  ) );
#8406 = ORIENTED_EDGE('',*,*,#8407,.T.);
#8407 = EDGE_CURVE('',#8372,#8408,#8410,.T.);
#8408 = VERTEX_POINT('',#8409);
#8409 = CARTESIAN_POINT('',(-18.77831216351,14.25,8.99337566648));
#8410 = SURFACE_CURVE('',#8411,(#8416,#8430),.PCURVE_S1.);
#8411 = HYPERBOLA('',#8412,1.250001225481,1.25);
#8412 = AXIS2_PLACEMENT_3D('',#8413,#8414,#8415);
#8413 = CARTESIAN_POINT('',(-19.5,14.25,7.549998578442));
#8414 = DIRECTION('',(0.,1.,-8.881784197001E-16));
#8415 = DIRECTION('',(0.,8.881784197001E-16,1.));
#8416 = PCURVE('',#8282,#8417);
#8417 = DEFINITIONAL_REPRESENTATION('',(#8418),#8429);
#8418 = B_SPLINE_CURVE_WITH_KNOTS('',9,(#8419,#8420,#8421,#8422,#8423,
    #8424,#8425,#8426,#8427,#8428),.UNSPECIFIED.,.F.,.F.,(10,10),(
    -0.55840221658,0.55840221658),.PIECEWISE_BEZIER_KNOTS.);
#8419 = CARTESIAN_POINT('',(4.180930742446,1.450001421558));
#8420 = CARTESIAN_POINT('',(4.28790434788,1.358814631645));
#8421 = CARTESIAN_POINT('',(4.402446061178,1.292746139178));
#8422 = CARTESIAN_POINT('',(4.523398330671,1.249764999558));
#8423 = CARTESIAN_POINT('',(4.648818102057,1.228586187628));
#8424 = CARTESIAN_POINT('',(4.775959858805,1.228586187659));
#8425 = CARTESIAN_POINT('',(4.901379630097,1.249764999576));
#8426 = CARTESIAN_POINT('',(5.022331899598,1.292746139184));
#8427 = CARTESIAN_POINT('',(5.13687361289,1.358814631645));
#8428 = CARTESIAN_POINT('',(5.243847218324,1.450001421558));
#8429 = ( GEOMETRIC_REPRESENTATION_CONTEXT(2) 
PARAMETRIC_REPRESENTATION_CONTEXT() REPRESENTATION_CONTEXT('2D SPACE',''
  ) );
#8430 = PCURVE('',#8431,#8436);
#8431 = PLANE('',#8432);
#8432 = AXIS2_PLACEMENT_3D('',#8433,#8434,#8435);
#8433 = CARTESIAN_POINT('',(-18.77831216351,14.25,16.));
#8434 = DIRECTION('',(-0.,1.,-8.881784197001E-16));
#8435 = DIRECTION('',(-1.,0.,0.));
#8436 = DEFINITIONAL_REPRESENTATION('',(#8437),#8441);
#8437 = HYPERBOLA('',#8438,1.250001225481,1.25);
#8438 = AXIS2_PLACEMENT_2D('',#8439,#8440);
#8439 = CARTESIAN_POINT('',(0.721687836487,-8.450001421558));
#8440 = DIRECTION('',(0.,1.));
#8441 = ( GEOMETRIC_REPRESENTATION_CONTEXT(2) 
PARAMETRIC_REPRESENTATION_CONTEXT() REPRESENTATION_CONTEXT('2D SPACE',''
  ) );
#8442 = ORIENTED_EDGE('',*,*,#8443,.T.);
#8443 = EDGE_CURVE('',#8408,#8444,#8446,.T.);
#8444 = VERTEX_POINT('',#8445);
#8445 = CARTESIAN_POINT('',(-18.05662432702,15.5,8.99337566648));
#8446 = SURFACE_CURVE('',#8447,(#8452,#8466),.PCURVE_S1.);
#8447 = HYPERBOLA('',#8448,1.250001225481,1.25);
#8448 = AXIS2_PLACEMENT_3D('',#8449,#8450,#8451);
#8449 = CARTESIAN_POINT('',(-18.41746824526,14.875,7.549998578442));
#8450 = DIRECTION('',(-0.866025403784,0.5,-4.440892098502E-16));
#8451 = DIRECTION('',(-1.922962686384E-16,5.551115123126E-16,1.));
#8452 = PCURVE('',#8282,#8453);
#8453 = DEFINITIONAL_REPRESENTATION('',(#8454),#8465);
#8454 = B_SPLINE_CURVE_WITH_KNOTS('',9,(#8455,#8456,#8457,#8458,#8459,
    #8460,#8461,#8462,#8463,#8464),.UNSPECIFIED.,.F.,.F.,(10,10),(
    -0.55840221658,0.549306144334),.PIECEWISE_BEZIER_KNOTS.);
#8455 = CARTESIAN_POINT('',(5.228128293643,1.450001421558));
#8456 = CARTESIAN_POINT('',(5.334230627788,1.35955732356));
#8457 = CARTESIAN_POINT('',(5.44777828577,1.29382402573));
#8458 = CARTESIAN_POINT('',(5.567641818774,1.250819804702));
#8459 = CARTESIAN_POINT('',(5.691931317997,1.229284851298));
#8460 = CARTESIAN_POINT('',(5.817980988224,1.228600240075));
#8461 = CARTESIAN_POINT('',(5.942446370592,1.248751099319));
#8462 = CARTESIAN_POINT('',(6.062627441059,1.290326010706));
#8463 = CARTESIAN_POINT('',(6.176596019727,1.354552594967));
#8464 = CARTESIAN_POINT('',(6.28318530718,1.443377088038));
#8465 = ( GEOMETRIC_REPRESENTATION_CONTEXT(2) 
PARAMETRIC_REPRESENTATION_CONTEXT() REPRESENTATION_CONTEXT('2D SPACE',''
  ) );
#8466 = PCURVE('',#8467,#8472);
#8467 = PLANE('',#8468);
#8468 = AXIS2_PLACEMENT_3D('',#8469,#8470,#8471);
#8469 = CARTESIAN_POINT('',(-18.05662432702,15.5,16.));
#8470 = DIRECTION('',(-0.866025403784,0.5,-4.440892098502E-16));
#8471 = DIRECTION('',(-0.5,-0.866025403784,7.691850745537E-16));
#8472 = DEFINITIONAL_REPRESENTATION('',(#8473),#8477);
#8473 = HYPERBOLA('',#8474,1.250001225481,1.25);
#8474 = AXIS2_PLACEMENT_2D('',#8475,#8476);
#8475 = CARTESIAN_POINT('',(0.721687836487,-8.450001421558));
#8476 = DIRECTION('',(3.845925372771E-16,1.));
#8477 = ( GEOMETRIC_REPRESENTATION_CONTEXT(2) 
PARAMETRIC_REPRESENTATION_CONTEXT() REPRESENTATION_CONTEXT('2D SPACE',''
  ) );
#8478 = ORIENTED_EDGE('',*,*,#8479,.T.);
#8479 = EDGE_CURVE('',#8444,#8266,#8480,.T.);
#8480 = SEAM_CURVE('',#8481,(#8485,#8492),.PCURVE_S1.);
#8481 = LINE('',#8482,#8483);
#8482 = CARTESIAN_POINT('',(-19.5,15.5,7.549998578442));
#8483 = VECTOR('',#8484,1.);
#8484 = DIRECTION('',(0.707106434568,4.710279684993E-16,0.707107127805)
  );
#8485 = PCURVE('',#8282,#8486);
#8486 = DEFINITIONAL_REPRESENTATION('',(#8487),#8491);
#8487 = LINE('',#8488,#8489);
#8488 = CARTESIAN_POINT('',(6.28318530718,0.));
#8489 = VECTOR('',#8490,1.);
#8490 = DIRECTION('',(-0.,1.));
#8491 = ( GEOMETRIC_REPRESENTATION_CONTEXT(2) 
PARAMETRIC_REPRESENTATION_CONTEXT() REPRESENTATION_CONTEXT('2D SPACE',''
  ) );
#8492 = PCURVE('',#8282,#8493);
#8493 = DEFINITIONAL_REPRESENTATION('',(#8494),#8498);
#8494 = LINE('',#8495,#8496);
#8495 = CARTESIAN_POINT('',(-4.138911435803E-13,0.));
#8496 = VECTOR('',#8497,1.);
#8497 = DIRECTION('',(-0.,1.));
#8498 = ( GEOMETRIC_REPRESENTATION_CONTEXT(2) 
PARAMETRIC_REPRESENTATION_CONTEXT() REPRESENTATION_CONTEXT('2D SPACE',''
  ) );
#8499 = ORIENTED_EDGE('',*,*,#8265,.T.);
#8500 = ORIENTED_EDGE('',*,*,#8479,.F.);
#8501 = ORIENTED_EDGE('',*,*,#8502,.T.);
#8502 = EDGE_CURVE('',#8444,#8298,#8503,.T.);
#8503 = SURFACE_CURVE('',#8504,(#8509,#8523),.PCURVE_S1.);
#8504 = HYPERBOLA('',#8505,1.250001225481,1.25);
#8505 = AXIS2_PLACEMENT_3D('',#8506,#8507,#8508);
#8506 = CARTESIAN_POINT('',(-18.41746824526,16.125,7.549998578442));
#8507 = DIRECTION('',(-0.866025403784,-0.5,4.440892098502E-16));
#8508 = DIRECTION('',(1.922962686384E-16,5.551115123126E-16,1.));
#8509 = PCURVE('',#8282,#8510);
#8510 = DEFINITIONAL_REPRESENTATION('',(#8511),#8522);
#8511 = B_SPLINE_CURVE_WITH_KNOTS('',9,(#8512,#8513,#8514,#8515,#8516,
    #8517,#8518,#8519,#8520,#8521),.UNSPECIFIED.,.F.,.F.,(10,10),(
    -0.549306144334,0.55840221658),.PIECEWISE_BEZIER_KNOTS.);
#8512 = CARTESIAN_POINT('',(-4.138911435803E-13,1.443377088038));
#8513 = CARTESIAN_POINT('',(0.106589287454,1.354552594967));
#8514 = CARTESIAN_POINT('',(0.22055786611,1.290326010721));
#8515 = CARTESIAN_POINT('',(0.340738936702,1.248751099214));
#8516 = CARTESIAN_POINT('',(0.465204318763,1.22860024028));
#8517 = CARTESIAN_POINT('',(0.591253989358,1.229284851185));
#8518 = CARTESIAN_POINT('',(0.715543488371,1.250819804797));
#8519 = CARTESIAN_POINT('',(0.835407021448,1.293824025712));
#8520 = CARTESIAN_POINT('',(0.948954679392,1.35955732356));
#8521 = CARTESIAN_POINT('',(1.055057013538,1.450001421558));
#8522 = ( GEOMETRIC_REPRESENTATION_CONTEXT(2) 
PARAMETRIC_REPRESENTATION_CONTEXT() REPRESENTATION_CONTEXT('2D SPACE',''
  ) );
#8523 = PCURVE('',#8524,#8529);
#8524 = PLANE('',#8525);
#8525 = AXIS2_PLACEMENT_3D('',#8526,#8527,#8528);
#8526 = CARTESIAN_POINT('',(-18.77831216351,16.75,16.));
#8527 = DIRECTION('',(-0.866025403784,-0.5,4.440892098502E-16));
#8528 = DIRECTION('',(0.5,-0.866025403784,7.691850745537E-16));
#8529 = DEFINITIONAL_REPRESENTATION('',(#8530),#8534);
#8530 = HYPERBOLA('',#8531,1.250001225481,1.25);
#8531 = AXIS2_PLACEMENT_2D('',#8532,#8533);
#8532 = CARTESIAN_POINT('',(0.721687836487,-8.450001421558));
#8533 = DIRECTION('',(3.845925372771E-16,1.));
#8534 = ( GEOMETRIC_REPRESENTATION_CONTEXT(2) 
PARAMETRIC_REPRESENTATION_CONTEXT() REPRESENTATION_CONTEXT('2D SPACE',''
  ) );
#8535 = ADVANCED_FACE('',(#8536),#8524,.T.);
#8536 = FACE_BOUND('',#8537,.T.);
#8537 = EDGE_LOOP('',(#8538,#8539,#8562,#8598));
#8538 = ORIENTED_EDGE('',*,*,#8502,.T.);
#8539 = ORIENTED_EDGE('',*,*,#8540,.T.);
#8540 = EDGE_CURVE('',#8298,#8541,#8543,.T.);
#8541 = VERTEX_POINT('',#8542);
#8542 = CARTESIAN_POINT('',(-18.77831216351,16.75,6.824426932662));
#8543 = SURFACE_CURVE('',#8544,(#8548,#8555),.PCURVE_S1.);
#8544 = LINE('',#8545,#8546);
#8545 = CARTESIAN_POINT('',(-18.77831216351,16.75,16.));
#8546 = VECTOR('',#8547,1.);
#8547 = DIRECTION('',(0.,-8.881784197001E-16,-1.));
#8548 = PCURVE('',#8524,#8549);
#8549 = DEFINITIONAL_REPRESENTATION('',(#8550),#8554);
#8550 = LINE('',#8551,#8552);
#8551 = CARTESIAN_POINT('',(0.,0.));
#8552 = VECTOR('',#8553,1.);
#8553 = DIRECTION('',(-3.855557674268E-28,-1.));
#8554 = ( GEOMETRIC_REPRESENTATION_CONTEXT(2) 
PARAMETRIC_REPRESENTATION_CONTEXT() REPRESENTATION_CONTEXT('2D SPACE',''
  ) );
#8555 = PCURVE('',#8323,#8556);
#8556 = DEFINITIONAL_REPRESENTATION('',(#8557),#8561);
#8557 = LINE('',#8558,#8559);
#8558 = CARTESIAN_POINT('',(1.443375672974,0.));
#8559 = VECTOR('',#8560,1.);
#8560 = DIRECTION('',(0.,-1.));
#8561 = ( GEOMETRIC_REPRESENTATION_CONTEXT(2) 
PARAMETRIC_REPRESENTATION_CONTEXT() REPRESENTATION_CONTEXT('2D SPACE',''
  ) );
#8562 = ORIENTED_EDGE('',*,*,#8563,.F.);
#8563 = EDGE_CURVE('',#8564,#8541,#8566,.T.);
#8564 = VERTEX_POINT('',#8565);
#8565 = CARTESIAN_POINT('',(-18.05662432702,15.5,6.824426932662));
#8566 = SURFACE_CURVE('',#8567,(#8572,#8579),.PCURVE_S1.);
#8567 = HYPERBOLA('',#8568,0.454963467216,1.25);
#8568 = AXIS2_PLACEMENT_3D('',#8569,#8570,#8571);
#8569 = CARTESIAN_POINT('',(-18.41746824526,16.125,6.299080372125));
#8570 = DIRECTION('',(-0.866025403784,-0.5,4.440892098502E-16));
#8571 = DIRECTION('',(-4.326600975418E-29,8.881784197001E-16,1.));
#8572 = PCURVE('',#8524,#8573);
#8573 = DEFINITIONAL_REPRESENTATION('',(#8574),#8578);
#8574 = HYPERBOLA('',#8575,0.454963467216,1.25);
#8575 = AXIS2_PLACEMENT_2D('',#8576,#8577);
#8576 = CARTESIAN_POINT('',(0.721687836487,-9.700919627875));
#8577 = DIRECTION('',(3.855557674268E-28,1.));
#8578 = ( GEOMETRIC_REPRESENTATION_CONTEXT(2) 
PARAMETRIC_REPRESENTATION_CONTEXT() REPRESENTATION_CONTEXT('2D SPACE',''
  ) );
#8579 = PCURVE('',#8580,#8585);
#8580 = CONICAL_SURFACE('',#8581,6.640918306942E-17,1.22173);
#8581 = AXIS2_PLACEMENT_3D('',#8582,#8583,#8584);
#8582 = CARTESIAN_POINT('',(-19.5,15.5,6.299080372125));
#8583 = DIRECTION('',(0.,8.881784197001E-16,1.));
#8584 = DIRECTION('',(1.,1.514889354313E-16,-1.345492032734E-31));
#8585 = DEFINITIONAL_REPRESENTATION('',(#8586),#8597);
#8586 = B_SPLINE_CURVE_WITH_KNOTS('',9,(#8587,#8588,#8589,#8590,#8591,
    #8592,#8593,#8594,#8595,#8596),.UNSPECIFIED.,.F.,.F.,(10,10),(
    -0.549306144334,0.549306144334),.PIECEWISE_BEZIER_KNOTS.);
#8587 = CARTESIAN_POINT('',(-4.138911435803E-13,0.525346560537));
#8588 = CARTESIAN_POINT('',(0.105714017311,0.493282550051));
#8589 = CARTESIAN_POINT('',(0.218686762078,0.470025018626));
#8590 = CARTESIAN_POINT('',(0.337778866987,0.454882901967));
#8591 = CARTESIAN_POINT('',(0.461119290295,0.447418203466));
#8592 = CARTESIAN_POINT('',(0.586078086357,0.447418204259));
#8593 = CARTESIAN_POINT('',(0.709418934657,0.454882901435));
#8594 = CARTESIAN_POINT('',(0.82851073268,0.470025018555));
#8595 = CARTESIAN_POINT('',(0.941483504018,0.493282549804));
#8596 = CARTESIAN_POINT('',(1.04719755172,0.525346560116));
#8597 = ( GEOMETRIC_REPRESENTATION_CONTEXT(2) 
PARAMETRIC_REPRESENTATION_CONTEXT() REPRESENTATION_CONTEXT('2D SPACE',''
  ) );
#8598 = ORIENTED_EDGE('',*,*,#8599,.F.);
#8599 = EDGE_CURVE('',#8444,#8564,#8600,.T.);
#8600 = SURFACE_CURVE('',#8601,(#8605,#8612),.PCURVE_S1.);
#8601 = LINE('',#8602,#8603);
#8602 = CARTESIAN_POINT('',(-18.05662432702,15.5,16.));
#8603 = VECTOR('',#8604,1.);
#8604 = DIRECTION('',(0.,-8.881784197001E-16,-1.));
#8605 = PCURVE('',#8524,#8606);
#8606 = DEFINITIONAL_REPRESENTATION('',(#8607),#8611);
#8607 = LINE('',#8608,#8609);
#8608 = CARTESIAN_POINT('',(1.443375672974,-1.110223024626E-15));
#8609 = VECTOR('',#8610,1.);
#8610 = DIRECTION('',(-3.855557674268E-28,-1.));
#8611 = ( GEOMETRIC_REPRESENTATION_CONTEXT(2) 
PARAMETRIC_REPRESENTATION_CONTEXT() REPRESENTATION_CONTEXT('2D SPACE',''
  ) );
#8612 = PCURVE('',#8467,#8613);
#8613 = DEFINITIONAL_REPRESENTATION('',(#8614),#8618);
#8614 = LINE('',#8615,#8616);
#8615 = CARTESIAN_POINT('',(0.,0.));
#8616 = VECTOR('',#8617,1.);
#8617 = DIRECTION('',(-3.855557674268E-28,-1.));
#8618 = ( GEOMETRIC_REPRESENTATION_CONTEXT(2) 
PARAMETRIC_REPRESENTATION_CONTEXT() REPRESENTATION_CONTEXT('2D SPACE',''
  ) );
#8619 = ADVANCED_FACE('',(#8620),#8323,.T.);
#8620 = FACE_BOUND('',#8621,.T.);
#8621 = EDGE_LOOP('',(#8622,#8623,#8646,#8675));
#8622 = ORIENTED_EDGE('',*,*,#8297,.T.);
#8623 = ORIENTED_EDGE('',*,*,#8624,.T.);
#8624 = EDGE_CURVE('',#8300,#8625,#8627,.T.);
#8625 = VERTEX_POINT('',#8626);
#8626 = CARTESIAN_POINT('',(-20.22168783648,16.75,6.824426932662));
#8627 = SURFACE_CURVE('',#8628,(#8632,#8639),.PCURVE_S1.);
#8628 = LINE('',#8629,#8630);
#8629 = CARTESIAN_POINT('',(-20.22168783648,16.75,16.));
#8630 = VECTOR('',#8631,1.);
#8631 = DIRECTION('',(0.,-8.881784197001E-16,-1.));
#8632 = PCURVE('',#8323,#8633);
#8633 = DEFINITIONAL_REPRESENTATION('',(#8634),#8638);
#8634 = LINE('',#8635,#8636);
#8635 = CARTESIAN_POINT('',(0.,0.));
#8636 = VECTOR('',#8637,1.);
#8637 = DIRECTION('',(0.,-1.));
#8638 = ( GEOMETRIC_REPRESENTATION_CONTEXT(2) 
PARAMETRIC_REPRESENTATION_CONTEXT() REPRESENTATION_CONTEXT('2D SPACE',''
  ) );
#8639 = PCURVE('',#8359,#8640);
#8640 = DEFINITIONAL_REPRESENTATION('',(#8641),#8645);
#8641 = LINE('',#8642,#8643);
#8642 = CARTESIAN_POINT('',(1.443375672974,1.110223024626E-15));
#8643 = VECTOR('',#8644,1.);
#8644 = DIRECTION('',(3.855557674268E-28,-1.));
#8645 = ( GEOMETRIC_REPRESENTATION_CONTEXT(2) 
PARAMETRIC_REPRESENTATION_CONTEXT() REPRESENTATION_CONTEXT('2D SPACE',''
  ) );
#8646 = ORIENTED_EDGE('',*,*,#8647,.F.);
#8647 = EDGE_CURVE('',#8541,#8625,#8648,.T.);
#8648 = SURFACE_CURVE('',#8649,(#8654,#8661),.PCURVE_S1.);
#8649 = HYPERBOLA('',#8650,0.454963467216,1.25);
#8650 = AXIS2_PLACEMENT_3D('',#8651,#8652,#8653);
#8651 = CARTESIAN_POINT('',(-19.5,16.75,6.299080372125));
#8652 = DIRECTION('',(0.,-1.,8.881784197001E-16));
#8653 = DIRECTION('',(0.,8.881784197001E-16,1.));
#8654 = PCURVE('',#8323,#8655);
#8655 = DEFINITIONAL_REPRESENTATION('',(#8656),#8660);
#8656 = HYPERBOLA('',#8657,0.454963467216,1.25);
#8657 = AXIS2_PLACEMENT_2D('',#8658,#8659);
#8658 = CARTESIAN_POINT('',(0.721687836487,-9.700919627875));
#8659 = DIRECTION('',(0.,1.));
#8660 = ( GEOMETRIC_REPRESENTATION_CONTEXT(2) 
PARAMETRIC_REPRESENTATION_CONTEXT() REPRESENTATION_CONTEXT('2D SPACE',''
  ) );
#8661 = PCURVE('',#8580,#8662);
#8662 = DEFINITIONAL_REPRESENTATION('',(#8663),#8674);
#8663 = B_SPLINE_CURVE_WITH_KNOTS('',9,(#8664,#8665,#8666,#8667,#8668,
    #8669,#8670,#8671,#8672,#8673),.UNSPECIFIED.,.F.,.F.,(10,10),(
    -0.646774826402,0.646774826402),.PIECEWISE_BEZIER_KNOTS.);
#8664 = CARTESIAN_POINT('',(0.964905207956,0.553486946207));
#8665 = CARTESIAN_POINT('',(1.083048682524,0.508182821976));
#8666 = CARTESIAN_POINT('',(1.212070841286,0.47574166301));
#8667 = CARTESIAN_POINT('',(1.35073639829,0.454809791019));
#8668 = CARTESIAN_POINT('',(1.496451142968,0.4445459758));
#8669 = CARTESIAN_POINT('',(1.645141510769,0.444545975797));
#8670 = CARTESIAN_POINT('',(1.790856255251,0.45480979102));
#8671 = CARTESIAN_POINT('',(1.929521812348,0.475741663012));
#8672 = CARTESIAN_POINT('',(2.058543971067,0.508182821976));
#8673 = CARTESIAN_POINT('',(2.176687445635,0.553486946207));
#8674 = ( GEOMETRIC_REPRESENTATION_CONTEXT(2) 
PARAMETRIC_REPRESENTATION_CONTEXT() REPRESENTATION_CONTEXT('2D SPACE',''
  ) );
#8675 = ORIENTED_EDGE('',*,*,#8540,.F.);
#8676 = ADVANCED_FACE('',(#8677),#8359,.T.);
#8677 = FACE_BOUND('',#8678,.T.);
#8678 = EDGE_LOOP('',(#8679,#8680,#8703,#8732));
#8679 = ORIENTED_EDGE('',*,*,#8335,.T.);
#8680 = ORIENTED_EDGE('',*,*,#8681,.T.);
#8681 = EDGE_CURVE('',#8336,#8682,#8684,.T.);
#8682 = VERTEX_POINT('',#8683);
#8683 = CARTESIAN_POINT('',(-20.94337567297,15.5,6.824426932662));
#8684 = SURFACE_CURVE('',#8685,(#8689,#8696),.PCURVE_S1.);
#8685 = LINE('',#8686,#8687);
#8686 = CARTESIAN_POINT('',(-20.94337567297,15.5,16.));
#8687 = VECTOR('',#8688,1.);
#8688 = DIRECTION('',(0.,-8.881784197001E-16,-1.));
#8689 = PCURVE('',#8359,#8690);
#8690 = DEFINITIONAL_REPRESENTATION('',(#8691),#8695);
#8691 = LINE('',#8692,#8693);
#8692 = CARTESIAN_POINT('',(0.,0.));
#8693 = VECTOR('',#8694,1.);
#8694 = DIRECTION('',(3.855557674268E-28,-1.));
#8695 = ( GEOMETRIC_REPRESENTATION_CONTEXT(2) 
PARAMETRIC_REPRESENTATION_CONTEXT() REPRESENTATION_CONTEXT('2D SPACE',''
  ) );
#8696 = PCURVE('',#8395,#8697);
#8697 = DEFINITIONAL_REPRESENTATION('',(#8698),#8702);
#8698 = LINE('',#8699,#8700);
#8699 = CARTESIAN_POINT('',(1.443375672974,1.110223024626E-15));
#8700 = VECTOR('',#8701,1.);
#8701 = DIRECTION('',(3.855557674268E-28,-1.));
#8702 = ( GEOMETRIC_REPRESENTATION_CONTEXT(2) 
PARAMETRIC_REPRESENTATION_CONTEXT() REPRESENTATION_CONTEXT('2D SPACE',''
  ) );
#8703 = ORIENTED_EDGE('',*,*,#8704,.F.);
#8704 = EDGE_CURVE('',#8625,#8682,#8705,.T.);
#8705 = SURFACE_CURVE('',#8706,(#8711,#8718),.PCURVE_S1.);
#8706 = HYPERBOLA('',#8707,0.454963467216,1.25);
#8707 = AXIS2_PLACEMENT_3D('',#8708,#8709,#8710);
#8708 = CARTESIAN_POINT('',(-20.58253175473,16.125,6.299080372125));
#8709 = DIRECTION('',(0.866025403784,-0.5,4.440892098502E-16));
#8710 = DIRECTION('',(4.326600975418E-29,8.881784197001E-16,1.));
#8711 = PCURVE('',#8359,#8712);
#8712 = DEFINITIONAL_REPRESENTATION('',(#8713),#8717);
#8713 = HYPERBOLA('',#8714,0.454963467216,1.25);
#8714 = AXIS2_PLACEMENT_2D('',#8715,#8716);
#8715 = CARTESIAN_POINT('',(0.721687836487,-9.700919627875));
#8716 = DIRECTION('',(-3.855557674268E-28,1.));
#8717 = ( GEOMETRIC_REPRESENTATION_CONTEXT(2) 
PARAMETRIC_REPRESENTATION_CONTEXT() REPRESENTATION_CONTEXT('2D SPACE',''
  ) );
#8718 = PCURVE('',#8580,#8719);
#8719 = DEFINITIONAL_REPRESENTATION('',(#8720),#8731);
#8720 = B_SPLINE_CURVE_WITH_KNOTS('',9,(#8721,#8722,#8723,#8724,#8725,
    #8726,#8727,#8728,#8729,#8730),.UNSPECIFIED.,.F.,.F.,(10,10),(
    -0.646774826402,0.646774826402),.PIECEWISE_BEZIER_KNOTS.);
#8721 = CARTESIAN_POINT('',(2.012102759153,0.553486946207));
#8722 = CARTESIAN_POINT('',(2.13024623372,0.508182821976));
#8723 = CARTESIAN_POINT('',(2.259268392443,0.475741663011));
#8724 = CARTESIAN_POINT('',(2.397933949582,0.454809791026));
#8725 = CARTESIAN_POINT('',(2.54364869391,0.444545975815));
#8726 = CARTESIAN_POINT('',(2.69233906209,0.444545975782));
#8727 = CARTESIAN_POINT('',(2.838053806397,0.454809791032));
#8728 = CARTESIAN_POINT('',(2.976719363556,0.475741663009));
#8729 = CARTESIAN_POINT('',(3.105741522263,0.508182821976));
#8730 = CARTESIAN_POINT('',(3.223884996831,0.553486946207));
#8731 = ( GEOMETRIC_REPRESENTATION_CONTEXT(2) 
PARAMETRIC_REPRESENTATION_CONTEXT() REPRESENTATION_CONTEXT('2D SPACE',''
  ) );
#8732 = ORIENTED_EDGE('',*,*,#8624,.F.);
#8733 = ADVANCED_FACE('',(#8734),#8395,.T.);
#8734 = FACE_BOUND('',#8735,.T.);
#8735 = EDGE_LOOP('',(#8736,#8737,#8760,#8789));
#8736 = ORIENTED_EDGE('',*,*,#8371,.T.);
#8737 = ORIENTED_EDGE('',*,*,#8738,.T.);
#8738 = EDGE_CURVE('',#8372,#8739,#8741,.T.);
#8739 = VERTEX_POINT('',#8740);
#8740 = CARTESIAN_POINT('',(-20.22168783648,14.25,6.824426932662));
#8741 = SURFACE_CURVE('',#8742,(#8746,#8753),.PCURVE_S1.);
#8742 = LINE('',#8743,#8744);
#8743 = CARTESIAN_POINT('',(-20.22168783648,14.25,16.));
#8744 = VECTOR('',#8745,1.);
#8745 = DIRECTION('',(0.,-8.881784197001E-16,-1.));
#8746 = PCURVE('',#8395,#8747);
#8747 = DEFINITIONAL_REPRESENTATION('',(#8748),#8752);
#8748 = LINE('',#8749,#8750);
#8749 = CARTESIAN_POINT('',(0.,0.));
#8750 = VECTOR('',#8751,1.);
#8751 = DIRECTION('',(3.855557674268E-28,-1.));
#8752 = ( GEOMETRIC_REPRESENTATION_CONTEXT(2) 
PARAMETRIC_REPRESENTATION_CONTEXT() REPRESENTATION_CONTEXT('2D SPACE',''
  ) );
#8753 = PCURVE('',#8431,#8754);
#8754 = DEFINITIONAL_REPRESENTATION('',(#8755),#8759);
#8755 = LINE('',#8756,#8757);
#8756 = CARTESIAN_POINT('',(1.443375672974,0.));
#8757 = VECTOR('',#8758,1.);
#8758 = DIRECTION('',(-0.,-1.));
#8759 = ( GEOMETRIC_REPRESENTATION_CONTEXT(2) 
PARAMETRIC_REPRESENTATION_CONTEXT() REPRESENTATION_CONTEXT('2D SPACE',''
  ) );
#8760 = ORIENTED_EDGE('',*,*,#8761,.F.);
#8761 = EDGE_CURVE('',#8682,#8739,#8762,.T.);
#8762 = SURFACE_CURVE('',#8763,(#8768,#8775),.PCURVE_S1.);
#8763 = HYPERBOLA('',#8764,0.454963467216,1.25);
#8764 = AXIS2_PLACEMENT_3D('',#8765,#8766,#8767);
#8765 = CARTESIAN_POINT('',(-20.58253175473,14.875,6.299080372125));
#8766 = DIRECTION('',(0.866025403784,0.5,-4.440892098502E-16));
#8767 = DIRECTION('',(-4.326600975418E-29,8.881784197001E-16,1.));
#8768 = PCURVE('',#8395,#8769);
#8769 = DEFINITIONAL_REPRESENTATION('',(#8770),#8774);
#8770 = HYPERBOLA('',#8771,0.454963467216,1.25);
#8771 = AXIS2_PLACEMENT_2D('',#8772,#8773);
#8772 = CARTESIAN_POINT('',(0.721687836487,-9.700919627875));
#8773 = DIRECTION('',(-3.855557674268E-28,1.));
#8774 = ( GEOMETRIC_REPRESENTATION_CONTEXT(2) 
PARAMETRIC_REPRESENTATION_CONTEXT() REPRESENTATION_CONTEXT('2D SPACE',''
  ) );
#8775 = PCURVE('',#8580,#8776);
#8776 = DEFINITIONAL_REPRESENTATION('',(#8777),#8788);
#8777 = B_SPLINE_CURVE_WITH_KNOTS('',9,(#8778,#8779,#8780,#8781,#8782,
    #8783,#8784,#8785,#8786,#8787),.UNSPECIFIED.,.F.,.F.,(10,10),(
    -0.646774826402,0.646774826402),.PIECEWISE_BEZIER_KNOTS.);
#8778 = CARTESIAN_POINT('',(3.059300310349,0.553486946207));
#8779 = CARTESIAN_POINT('',(3.177443784917,0.508182821976));
#8780 = CARTESIAN_POINT('',(3.306465943706,0.475741663006));
#8781 = CARTESIAN_POINT('',(3.445131500524,0.454809791048));
#8782 = CARTESIAN_POINT('',(3.590846245704,0.444545975751));
#8783 = CARTESIAN_POINT('',(3.739536612662,0.444545975849));
#8784 = CARTESIAN_POINT('',(3.885251357871,0.454809791005));
#8785 = CARTESIAN_POINT('',(4.023916914684,0.475741663017));
#8786 = CARTESIAN_POINT('',(4.15293907346,0.508182821976));
#8787 = CARTESIAN_POINT('',(4.271082548028,0.553486946207));
#8788 = ( GEOMETRIC_REPRESENTATION_CONTEXT(2) 
PARAMETRIC_REPRESENTATION_CONTEXT() REPRESENTATION_CONTEXT('2D SPACE',''
  ) );
#8789 = ORIENTED_EDGE('',*,*,#8681,.F.);
#8790 = ADVANCED_FACE('',(#8791),#8431,.T.);
#8791 = FACE_BOUND('',#8792,.T.);
#8792 = EDGE_LOOP('',(#8793,#8794,#8817,#8846));
#8793 = ORIENTED_EDGE('',*,*,#8407,.T.);
#8794 = ORIENTED_EDGE('',*,*,#8795,.T.);
#8795 = EDGE_CURVE('',#8408,#8796,#8798,.T.);
#8796 = VERTEX_POINT('',#8797);
#8797 = CARTESIAN_POINT('',(-18.77831216351,14.25,6.824426932662));
#8798 = SURFACE_CURVE('',#8799,(#8803,#8810),.PCURVE_S1.);
#8799 = LINE('',#8800,#8801);
#8800 = CARTESIAN_POINT('',(-18.77831216351,14.25,16.));
#8801 = VECTOR('',#8802,1.);
#8802 = DIRECTION('',(0.,-8.881784197001E-16,-1.));
#8803 = PCURVE('',#8431,#8804);
#8804 = DEFINITIONAL_REPRESENTATION('',(#8805),#8809);
#8805 = LINE('',#8806,#8807);
#8806 = CARTESIAN_POINT('',(0.,0.));
#8807 = VECTOR('',#8808,1.);
#8808 = DIRECTION('',(-0.,-1.));
#8809 = ( GEOMETRIC_REPRESENTATION_CONTEXT(2) 
PARAMETRIC_REPRESENTATION_CONTEXT() REPRESENTATION_CONTEXT('2D SPACE',''
  ) );
#8810 = PCURVE('',#8467,#8811);
#8811 = DEFINITIONAL_REPRESENTATION('',(#8812),#8816);
#8812 = LINE('',#8813,#8814);
#8813 = CARTESIAN_POINT('',(1.443375672974,-1.110223024626E-15));
#8814 = VECTOR('',#8815,1.);
#8815 = DIRECTION('',(-3.855557674268E-28,-1.));
#8816 = ( GEOMETRIC_REPRESENTATION_CONTEXT(2) 
PARAMETRIC_REPRESENTATION_CONTEXT() REPRESENTATION_CONTEXT('2D SPACE',''
  ) );
#8817 = ORIENTED_EDGE('',*,*,#8818,.F.);
#8818 = EDGE_CURVE('',#8739,#8796,#8819,.T.);
#8819 = SURFACE_CURVE('',#8820,(#8825,#8832),.PCURVE_S1.);
#8820 = HYPERBOLA('',#8821,0.454963467216,1.25);
#8821 = AXIS2_PLACEMENT_3D('',#8822,#8823,#8824);
#8822 = CARTESIAN_POINT('',(-19.5,14.25,6.299080372125));
#8823 = DIRECTION('',(0.,1.,-8.881784197001E-16));
#8824 = DIRECTION('',(0.,8.881784197001E-16,1.));
#8825 = PCURVE('',#8431,#8826);
#8826 = DEFINITIONAL_REPRESENTATION('',(#8827),#8831);
#8827 = HYPERBOLA('',#8828,0.454963467216,1.25);
#8828 = AXIS2_PLACEMENT_2D('',#8829,#8830);
#8829 = CARTESIAN_POINT('',(0.721687836487,-9.700919627875));
#8830 = DIRECTION('',(0.,1.));
#8831 = ( GEOMETRIC_REPRESENTATION_CONTEXT(2) 
PARAMETRIC_REPRESENTATION_CONTEXT() REPRESENTATION_CONTEXT('2D SPACE',''
  ) );
#8832 = PCURVE('',#8580,#8833);
#8833 = DEFINITIONAL_REPRESENTATION('',(#8834),#8845);
#8834 = B_SPLINE_CURVE_WITH_KNOTS('',9,(#8835,#8836,#8837,#8838,#8839,
    #8840,#8841,#8842,#8843,#8844),.UNSPECIFIED.,.F.,.F.,(10,10),(
    -0.646774826402,0.646774826402),.PIECEWISE_BEZIER_KNOTS.);
#8835 = CARTESIAN_POINT('',(4.106497861546,0.553486946207));
#8836 = CARTESIAN_POINT('',(4.224641336114,0.508182821976));
#8837 = CARTESIAN_POINT('',(4.353663494862,0.47574166301));
#8838 = CARTESIAN_POINT('',(4.492329051914,0.454809791019));
#8839 = CARTESIAN_POINT('',(4.638043796538,0.4445459758));
#8840 = CARTESIAN_POINT('',(4.786734164252,0.444545975797));
#8841 = CARTESIAN_POINT('',(4.932448908872,0.45480979102));
#8842 = CARTESIAN_POINT('',(5.071114465911,0.475741663012));
#8843 = CARTESIAN_POINT('',(5.200136624657,0.508182821976));
#8844 = CARTESIAN_POINT('',(5.318280099224,0.553486946207));
#8845 = ( GEOMETRIC_REPRESENTATION_CONTEXT(2) 
PARAMETRIC_REPRESENTATION_CONTEXT() REPRESENTATION_CONTEXT('2D SPACE',''
  ) );
#8846 = ORIENTED_EDGE('',*,*,#8738,.F.);
#8847 = ADVANCED_FACE('',(#8848),#8467,.T.);
#8848 = FACE_BOUND('',#8849,.T.);
#8849 = EDGE_LOOP('',(#8850,#8851,#8852,#8881));
#8850 = ORIENTED_EDGE('',*,*,#8443,.T.);
#8851 = ORIENTED_EDGE('',*,*,#8599,.T.);
#8852 = ORIENTED_EDGE('',*,*,#8853,.F.);
#8853 = EDGE_CURVE('',#8796,#8564,#8854,.T.);
#8854 = SURFACE_CURVE('',#8855,(#8860,#8867),.PCURVE_S1.);
#8855 = HYPERBOLA('',#8856,0.454963467216,1.25);
#8856 = AXIS2_PLACEMENT_3D('',#8857,#8858,#8859);
#8857 = CARTESIAN_POINT('',(-18.41746824526,14.875,6.299080372125));
#8858 = DIRECTION('',(-0.866025403784,0.5,-4.440892098502E-16));
#8859 = DIRECTION('',(4.326600975418E-29,8.881784197001E-16,1.));
#8860 = PCURVE('',#8467,#8861);
#8861 = DEFINITIONAL_REPRESENTATION('',(#8862),#8866);
#8862 = HYPERBOLA('',#8863,0.454963467216,1.25);
#8863 = AXIS2_PLACEMENT_2D('',#8864,#8865);
#8864 = CARTESIAN_POINT('',(0.721687836487,-9.700919627875));
#8865 = DIRECTION('',(3.855557674268E-28,1.));
#8866 = ( GEOMETRIC_REPRESENTATION_CONTEXT(2) 
PARAMETRIC_REPRESENTATION_CONTEXT() REPRESENTATION_CONTEXT('2D SPACE',''
  ) );
#8867 = PCURVE('',#8580,#8868);
#8868 = DEFINITIONAL_REPRESENTATION('',(#8869),#8880);
#8869 = B_SPLINE_CURVE_WITH_KNOTS('',9,(#8870,#8871,#8872,#8873,#8874,
    #8875,#8876,#8877,#8878,#8879),.UNSPECIFIED.,.F.,.F.,(10,10),(
    -0.549306144334,0.549306144334),.PIECEWISE_BEZIER_KNOTS.);
#8870 = CARTESIAN_POINT('',(5.235987755461,0.525346560117));
#8871 = CARTESIAN_POINT('',(5.341701803171,0.493282549805));
#8872 = CARTESIAN_POINT('',(5.454674574529,0.470025018557));
#8873 = CARTESIAN_POINT('',(5.573766372589,0.454882901438));
#8874 = CARTESIAN_POINT('',(5.697107220945,0.44741820425));
#8875 = CARTESIAN_POINT('',(5.822066016855,0.447418203479));
#8876 = CARTESIAN_POINT('',(5.94540644017,0.454882901961));
#8877 = CARTESIAN_POINT('',(6.064498545092,0.470025018627));
#8878 = CARTESIAN_POINT('',(6.177471289869,0.493282550051));
#8879 = CARTESIAN_POINT('',(6.28318530718,0.525346560537));
#8880 = ( GEOMETRIC_REPRESENTATION_CONTEXT(2) 
PARAMETRIC_REPRESENTATION_CONTEXT() REPRESENTATION_CONTEXT('2D SPACE',''
  ) );
#8881 = ORIENTED_EDGE('',*,*,#8795,.F.);
#8882 = ADVANCED_FACE('',(#8883),#8580,.F.);
#8883 = FACE_BOUND('',#8884,.F.);
#8884 = EDGE_LOOP('',(#8885,#8886,#8887,#8888,#8889,#8890,#8891,#8914));
#8885 = ORIENTED_EDGE('',*,*,#8853,.F.);
#8886 = ORIENTED_EDGE('',*,*,#8818,.F.);
#8887 = ORIENTED_EDGE('',*,*,#8761,.F.);
#8888 = ORIENTED_EDGE('',*,*,#8704,.F.);
#8889 = ORIENTED_EDGE('',*,*,#8647,.F.);
#8890 = ORIENTED_EDGE('',*,*,#8563,.F.);
#8891 = ORIENTED_EDGE('',*,*,#8892,.F.);
#8892 = EDGE_CURVE('',#8893,#8564,#8895,.T.);
#8893 = VERTEX_POINT('',#8894);
#8894 = CARTESIAN_POINT('',(-19.5,15.5,6.299080372125));
#8895 = SEAM_CURVE('',#8896,(#8900,#8907),.PCURVE_S1.);
#8896 = LINE('',#8897,#8898);
#8897 = CARTESIAN_POINT('',(-19.5,15.5,6.299080372125));
#8898 = VECTOR('',#8899,1.);
#8899 = DIRECTION('',(0.939692457849,3.797191350146E-16,0.342020590991)
  );
#8900 = PCURVE('',#8580,#8901);
#8901 = DEFINITIONAL_REPRESENTATION('',(#8902),#8906);
#8902 = LINE('',#8903,#8904);
#8903 = CARTESIAN_POINT('',(0.,0.));
#8904 = VECTOR('',#8905,1.);
#8905 = DIRECTION('',(-0.,1.));
#8906 = ( GEOMETRIC_REPRESENTATION_CONTEXT(2) 
PARAMETRIC_REPRESENTATION_CONTEXT() REPRESENTATION_CONTEXT('2D SPACE',''
  ) );
#8907 = PCURVE('',#8580,#8908);
#8908 = DEFINITIONAL_REPRESENTATION('',(#8909),#8913);
#8909 = LINE('',#8910,#8911);
#8910 = CARTESIAN_POINT('',(6.283185307179,0.));
#8911 = VECTOR('',#8912,1.);
#8912 = DIRECTION('',(-0.,1.));
#8913 = ( GEOMETRIC_REPRESENTATION_CONTEXT(2) 
PARAMETRIC_REPRESENTATION_CONTEXT() REPRESENTATION_CONTEXT('2D SPACE',''
  ) );
#8914 = ORIENTED_EDGE('',*,*,#8892,.T.);
#8915 = ( GEOMETRIC_REPRESENTATION_CONTEXT(3) 
GLOBAL_UNCERTAINTY_ASSIGNED_CONTEXT((#8919)) 
GLOBAL_UNIT_ASSIGNED_CONTEXT((#8916,#8917,#8918)) REPRESENTATION_CONTEXT
('Context #1','3D Context with UNIT and UNCERTAINTY') );
#8916 = ( LENGTH_UNIT() NAMED_UNIT(*) SI_UNIT(.MILLI.,.METRE.) );
#8917 = ( NAMED_UNIT(*) PLANE_ANGLE_UNIT() SI_UNIT($,.RADIAN.) );
#8918 = ( NAMED_UNIT(*) SI_UNIT($,.STERADIAN.) SOLID_ANGLE_UNIT() );
#8919 = UNCERTAINTY_MEASURE_WITH_UNIT(LENGTH_MEASURE(1.E-07),#8916,
  'distance_accuracy_value','confusion accuracy');
#8920 = CONTEXT_DEPENDENT_SHAPE_REPRESENTATION(#8921,#8923);
#8921 = ( REPRESENTATION_RELATIONSHIP('','',#7914,#10) 
REPRESENTATION_RELATIONSHIP_WITH_TRANSFORMATION(#8922) 
SHAPE_REPRESENTATION_RELATIONSHIP() );
#8922 = ITEM_DEFINED_TRANSFORMATION('','',#11,#87);
#8923 = PRODUCT_DEFINITION_SHAPE('Placement','Placement of an item',
  #8924);
#8924 = NEXT_ASSEMBLY_USAGE_OCCURRENCE('19',
  'source_locked_motor_m3x10_fastener_4','',#5,#7909,$);
#8925 = PRODUCT_RELATED_PRODUCT_CATEGORY('part',$,(#7911));
#8926 = SHAPE_DEFINITION_REPRESENTATION(#8927,#8933);
#8927 = PRODUCT_DEFINITION_SHAPE('','',#8928);
#8928 = PRODUCT_DEFINITION('design','',#8929,#8932);
#8929 = PRODUCT_DEFINITION_FORMATION('','',#8930);
#8930 = PRODUCT('source_locked_support_m3x12_fastener_1',
  'source_locked_support_m3x12_fastener_1','',(#8931));
#8931 = PRODUCT_CONTEXT('',#2,'mechanical');
#8932 = PRODUCT_DEFINITION_CONTEXT('part definition',#2,'design');
#8933 = ADVANCED_BREP_SHAPE_REPRESENTATION('',(#11,#8934),#9934);
#8934 = MANIFOLD_SOLID_BREP('',#8935);
#8935 = CLOSED_SHELL('',(#8936,#9004,#9057,#9112,#9167,#9220,#9273,#9277
    ,#9312,#9554,#9638,#9695,#9752,#9809,#9866,#9901));
#8936 = ADVANCED_FACE('',(#8937,#8973),#8950,.T.);
#8937 = FACE_BOUND('',#8938,.T.);
#8938 = EDGE_LOOP('',(#8939));
#8939 = ORIENTED_EDGE('',*,*,#8940,.T.);
#8940 = EDGE_CURVE('',#8941,#8941,#8943,.T.);
#8941 = VERTEX_POINT('',#8942);
#8942 = CARTESIAN_POINT('',(25.65,-10.,16.));
#8943 = SURFACE_CURVE('',#8944,(#8949,#8961),.PCURVE_S1.);
#8944 = CIRCLE('',#8945,2.65);
#8945 = AXIS2_PLACEMENT_3D('',#8946,#8947,#8948);
#8946 = CARTESIAN_POINT('',(23.,-10.,16.));
#8947 = DIRECTION('',(-1.325926550505E-63,-4.440892098501E-16,-1.));
#8948 = DIRECTION('',(1.,-7.171462774736E-32,3.184769237102E-47));
#8949 = PCURVE('',#8950,#8955);
#8950 = PLANE('',#8951);
#8951 = AXIS2_PLACEMENT_3D('',#8952,#8953,#8954);
#8952 = CARTESIAN_POINT('',(23.,-10.,16.));
#8953 = DIRECTION('',(0.,-4.440892098501E-16,-1.));
#8954 = DIRECTION('',(1.,0.,0.));
#8955 = DEFINITIONAL_REPRESENTATION('',(#8956),#8960);
#8956 = CIRCLE('',#8957,2.65);
#8957 = AXIS2_PLACEMENT_2D('',#8958,#8959);
#8958 = CARTESIAN_POINT('',(0.,0.));
#8959 = DIRECTION('',(1.,7.171462774736E-32));
#8960 = ( GEOMETRIC_REPRESENTATION_CONTEXT(2) 
PARAMETRIC_REPRESENTATION_CONTEXT() REPRESENTATION_CONTEXT('2D SPACE',''
  ) );
#8961 = PCURVE('',#8962,#8967);
#8962 = CONICAL_SURFACE('',#8963,2.75,0.785398163397);
#8963 = AXIS2_PLACEMENT_3D('',#8964,#8965,#8966);
#8964 = CARTESIAN_POINT('',(23.,-10.,16.1));
#8965 = DIRECTION('',(0.,4.440892098501E-16,1.));
#8966 = DIRECTION('',(1.,-7.171462774736E-32,3.184769237102E-47));
#8967 = DEFINITIONAL_REPRESENTATION('',(#8968),#8972);
#8968 = LINE('',#8969,#8970);
#8969 = CARTESIAN_POINT('',(6.28318530718,-0.1));
#8970 = VECTOR('',#8971,1.);
#8971 = DIRECTION('',(-1.,0.));
#8972 = ( GEOMETRIC_REPRESENTATION_CONTEXT(2) 
PARAMETRIC_REPRESENTATION_CONTEXT() REPRESENTATION_CONTEXT('2D SPACE',''
  ) );
#8973 = FACE_BOUND('',#8974,.T.);
#8974 = EDGE_LOOP('',(#8975));
#8975 = ORIENTED_EDGE('',*,*,#8976,.F.);
#8976 = EDGE_CURVE('',#8977,#8977,#8979,.T.);
#8977 = VERTEX_POINT('',#8978);
#8978 = CARTESIAN_POINT('',(24.5,-10.,16.));
#8979 = SURFACE_CURVE('',#8980,(#8985,#8992),.PCURVE_S1.);
#8980 = CIRCLE('',#8981,1.5);
#8981 = AXIS2_PLACEMENT_3D('',#8982,#8983,#8984);
#8982 = CARTESIAN_POINT('',(23.,-10.,16.));
#8983 = DIRECTION('',(0.,-4.440892098501E-16,-1.));
#8984 = DIRECTION('',(1.,0.,0.));
#8985 = PCURVE('',#8950,#8986);
#8986 = DEFINITIONAL_REPRESENTATION('',(#8987),#8991);
#8987 = CIRCLE('',#8988,1.5);
#8988 = AXIS2_PLACEMENT_2D('',#8989,#8990);
#8989 = CARTESIAN_POINT('',(0.,0.));
#8990 = DIRECTION('',(1.,0.));
#8991 = ( GEOMETRIC_REPRESENTATION_CONTEXT(2) 
PARAMETRIC_REPRESENTATION_CONTEXT() REPRESENTATION_CONTEXT('2D SPACE',''
  ) );
#8992 = PCURVE('',#8993,#8998);
#8993 = CYLINDRICAL_SURFACE('',#8994,1.5);
#8994 = AXIS2_PLACEMENT_3D('',#8995,#8996,#8997);
#8995 = CARTESIAN_POINT('',(23.,-10.,16.));
#8996 = DIRECTION('',(0.,-4.440892098501E-16,-1.));
#8997 = DIRECTION('',(1.,0.,0.));
#8998 = DEFINITIONAL_REPRESENTATION('',(#8999),#9003);
#8999 = LINE('',#9000,#9001);
#9000 = CARTESIAN_POINT('',(0.,0.));
#9001 = VECTOR('',#9002,1.);
#9002 = DIRECTION('',(1.,0.));
#9003 = ( GEOMETRIC_REPRESENTATION_CONTEXT(2) 
PARAMETRIC_REPRESENTATION_CONTEXT() REPRESENTATION_CONTEXT('2D SPACE',''
  ) );
#9004 = ADVANCED_FACE('',(#9005),#8962,.T.);
#9005 = FACE_BOUND('',#9006,.T.);
#9006 = EDGE_LOOP('',(#9007,#9036,#9055,#9056));
#9007 = ORIENTED_EDGE('',*,*,#9008,.T.);
#9008 = EDGE_CURVE('',#9009,#9009,#9011,.T.);
#9009 = VERTEX_POINT('',#9010);
#9010 = CARTESIAN_POINT('',(25.75,-10.,16.1));
#9011 = SURFACE_CURVE('',#9012,(#9017,#9024),.PCURVE_S1.);
#9012 = CIRCLE('',#9013,2.75);
#9013 = AXIS2_PLACEMENT_3D('',#9014,#9015,#9016);
#9014 = CARTESIAN_POINT('',(23.,-10.,16.1));
#9015 = DIRECTION('',(-1.325926550505E-63,-4.440892098501E-16,-1.));
#9016 = DIRECTION('',(1.,-7.171462774736E-32,3.184769237102E-47));
#9017 = PCURVE('',#8962,#9018);
#9018 = DEFINITIONAL_REPRESENTATION('',(#9019),#9023);
#9019 = LINE('',#9020,#9021);
#9020 = CARTESIAN_POINT('',(6.28318530718,0.));
#9021 = VECTOR('',#9022,1.);
#9022 = DIRECTION('',(-1.,0.));
#9023 = ( GEOMETRIC_REPRESENTATION_CONTEXT(2) 
PARAMETRIC_REPRESENTATION_CONTEXT() REPRESENTATION_CONTEXT('2D SPACE',''
  ) );
#9024 = PCURVE('',#9025,#9030);
#9025 = CYLINDRICAL_SURFACE('',#9026,2.75);
#9026 = AXIS2_PLACEMENT_3D('',#9027,#9028,#9029);
#9027 = CARTESIAN_POINT('',(23.,-10.,19.));
#9028 = DIRECTION('',(0.,-4.440892098501E-16,-1.));
#9029 = DIRECTION('',(1.,2.422304781E-16,-1.07571941621E-31));
#9030 = DEFINITIONAL_REPRESENTATION('',(#9031),#9035);
#9031 = LINE('',#9032,#9033);
#9032 = CARTESIAN_POINT('',(2.422304781E-16,2.9));
#9033 = VECTOR('',#9034,1.);
#9034 = DIRECTION('',(1.,0.));
#9035 = ( GEOMETRIC_REPRESENTATION_CONTEXT(2) 
PARAMETRIC_REPRESENTATION_CONTEXT() REPRESENTATION_CONTEXT('2D SPACE',''
  ) );
#9036 = ORIENTED_EDGE('',*,*,#9037,.F.);
#9037 = EDGE_CURVE('',#8941,#9009,#9038,.T.);
#9038 = SEAM_CURVE('',#9039,(#9043,#9049),.PCURVE_S1.);
#9039 = LINE('',#9040,#9041);
#9040 = CARTESIAN_POINT('',(25.75,-10.,16.1));
#9041 = VECTOR('',#9042,1.);
#9042 = DIRECTION('',(0.707106781187,4.85301305411E-16,0.707106781187));
#9043 = PCURVE('',#8962,#9044);
#9044 = DEFINITIONAL_REPRESENTATION('',(#9045),#9048);
#9045 = B_SPLINE_CURVE_WITH_KNOTS('',1,(#9046,#9047),.UNSPECIFIED.,.F.,
  .F.,(2,2),(-0.141421356237,0.),.PIECEWISE_BEZIER_KNOTS.);
#9046 = CARTESIAN_POINT('',(0.,-0.1));
#9047 = CARTESIAN_POINT('',(0.,0.));
#9048 = ( GEOMETRIC_REPRESENTATION_CONTEXT(2) 
PARAMETRIC_REPRESENTATION_CONTEXT() REPRESENTATION_CONTEXT('2D SPACE',''
  ) );
#9049 = PCURVE('',#8962,#9050);
#9050 = DEFINITIONAL_REPRESENTATION('',(#9051),#9054);
#9051 = B_SPLINE_CURVE_WITH_KNOTS('',1,(#9052,#9053),.UNSPECIFIED.,.F.,
  .F.,(2,2),(-0.141421356237,0.),.PIECEWISE_BEZIER_KNOTS.);
#9052 = CARTESIAN_POINT('',(6.283185307179,-0.1));
#9053 = CARTESIAN_POINT('',(6.283185307179,0.));
#9054 = ( GEOMETRIC_REPRESENTATION_CONTEXT(2) 
PARAMETRIC_REPRESENTATION_CONTEXT() REPRESENTATION_CONTEXT('2D SPACE',''
  ) );
#9055 = ORIENTED_EDGE('',*,*,#8940,.F.);
#9056 = ORIENTED_EDGE('',*,*,#9037,.T.);
#9057 = ADVANCED_FACE('',(#9058),#8993,.T.);
#9058 = FACE_BOUND('',#9059,.T.);
#9059 = EDGE_LOOP('',(#9060,#9083,#9084,#9085));
#9060 = ORIENTED_EDGE('',*,*,#9061,.F.);
#9061 = EDGE_CURVE('',#8977,#9062,#9064,.T.);
#9062 = VERTEX_POINT('',#9063);
#9063 = CARTESIAN_POINT('',(24.5,-10.,4.4));
#9064 = SEAM_CURVE('',#9065,(#9069,#9076),.PCURVE_S1.);
#9065 = LINE('',#9066,#9067);
#9066 = CARTESIAN_POINT('',(24.5,-10.,16.));
#9067 = VECTOR('',#9068,1.);
#9068 = DIRECTION('',(0.,-6.661338147751E-16,-1.));
#9069 = PCURVE('',#8993,#9070);
#9070 = DEFINITIONAL_REPRESENTATION('',(#9071),#9075);
#9071 = LINE('',#9072,#9073);
#9072 = CARTESIAN_POINT('',(0.,0.));
#9073 = VECTOR('',#9074,1.);
#9074 = DIRECTION('',(0.,1.));
#9075 = ( GEOMETRIC_REPRESENTATION_CONTEXT(2) 
PARAMETRIC_REPRESENTATION_CONTEXT() REPRESENTATION_CONTEXT('2D SPACE',''
  ) );
#9076 = PCURVE('',#8993,#9077);
#9077 = DEFINITIONAL_REPRESENTATION('',(#9078),#9082);
#9078 = LINE('',#9079,#9080);
#9079 = CARTESIAN_POINT('',(6.28318530718,0.));
#9080 = VECTOR('',#9081,1.);
#9081 = DIRECTION('',(0.,1.));
#9082 = ( GEOMETRIC_REPRESENTATION_CONTEXT(2) 
PARAMETRIC_REPRESENTATION_CONTEXT() REPRESENTATION_CONTEXT('2D SPACE',''
  ) );
#9083 = ORIENTED_EDGE('',*,*,#8976,.T.);
#9084 = ORIENTED_EDGE('',*,*,#9061,.T.);
#9085 = ORIENTED_EDGE('',*,*,#9086,.F.);
#9086 = EDGE_CURVE('',#9062,#9062,#9087,.T.);
#9087 = SURFACE_CURVE('',#9088,(#9093,#9100),.PCURVE_S1.);
#9088 = CIRCLE('',#9089,1.5);
#9089 = AXIS2_PLACEMENT_3D('',#9090,#9091,#9092);
#9090 = CARTESIAN_POINT('',(23.,-10.,4.4));
#9091 = DIRECTION('',(8.758115402966E-47,-4.440892098501E-16,-1.));
#9092 = DIRECTION('',(1.,-1.7763568394E-15,7.88860905221E-31));
#9093 = PCURVE('',#8993,#9094);
#9094 = DEFINITIONAL_REPRESENTATION('',(#9095),#9099);
#9095 = LINE('',#9096,#9097);
#9096 = CARTESIAN_POINT('',(1.7763568394E-15,11.6));
#9097 = VECTOR('',#9098,1.);
#9098 = DIRECTION('',(1.,0.));
#9099 = ( GEOMETRIC_REPRESENTATION_CONTEXT(2) 
PARAMETRIC_REPRESENTATION_CONTEXT() REPRESENTATION_CONTEXT('2D SPACE',''
  ) );
#9100 = PCURVE('',#9101,#9106);
#9101 = CONICAL_SURFACE('',#9102,1.5,0.785398163397);
#9102 = AXIS2_PLACEMENT_3D('',#9103,#9104,#9105);
#9103 = CARTESIAN_POINT('',(23.,-10.,4.4));
#9104 = DIRECTION('',(-8.75811540203E-47,4.440892098501E-16,1.));
#9105 = DIRECTION('',(1.,-1.7763568394E-15,7.88860905221E-31));
#9106 = DEFINITIONAL_REPRESENTATION('',(#9107),#9111);
#9107 = LINE('',#9108,#9109);
#9108 = CARTESIAN_POINT('',(6.28318530718,0.));
#9109 = VECTOR('',#9110,1.);
#9110 = DIRECTION('',(-1.,0.));
#9111 = ( GEOMETRIC_REPRESENTATION_CONTEXT(2) 
PARAMETRIC_REPRESENTATION_CONTEXT() REPRESENTATION_CONTEXT('2D SPACE',''
  ) );
#9112 = ADVANCED_FACE('',(#9113),#9025,.T.);
#9113 = FACE_BOUND('',#9114,.T.);
#9114 = EDGE_LOOP('',(#9115,#9138,#9165,#9166));
#9115 = ORIENTED_EDGE('',*,*,#9116,.F.);
#9116 = EDGE_CURVE('',#9117,#9009,#9119,.T.);
#9117 = VERTEX_POINT('',#9118);
#9118 = CARTESIAN_POINT('',(25.75,-10.,18.9));
#9119 = SEAM_CURVE('',#9120,(#9124,#9131),.PCURVE_S1.);
#9120 = LINE('',#9121,#9122);
#9121 = CARTESIAN_POINT('',(25.75,-10.,19.));
#9122 = VECTOR('',#9123,1.);
#9123 = DIRECTION('',(0.,-6.661338147751E-16,-1.));
#9124 = PCURVE('',#9025,#9125);
#9125 = DEFINITIONAL_REPRESENTATION('',(#9126),#9130);
#9126 = LINE('',#9127,#9128);
#9127 = CARTESIAN_POINT('',(0.,0.));
#9128 = VECTOR('',#9129,1.);
#9129 = DIRECTION('',(0.,1.));
#9130 = ( GEOMETRIC_REPRESENTATION_CONTEXT(2) 
PARAMETRIC_REPRESENTATION_CONTEXT() REPRESENTATION_CONTEXT('2D SPACE',''
  ) );
#9131 = PCURVE('',#9025,#9132);
#9132 = DEFINITIONAL_REPRESENTATION('',(#9133),#9137);
#9133 = LINE('',#9134,#9135);
#9134 = CARTESIAN_POINT('',(6.28318530718,0.));
#9135 = VECTOR('',#9136,1.);
#9136 = DIRECTION('',(0.,1.));
#9137 = ( GEOMETRIC_REPRESENTATION_CONTEXT(2) 
PARAMETRIC_REPRESENTATION_CONTEXT() REPRESENTATION_CONTEXT('2D SPACE',''
  ) );
#9138 = ORIENTED_EDGE('',*,*,#9139,.T.);
#9139 = EDGE_CURVE('',#9117,#9117,#9140,.T.);
#9140 = SURFACE_CURVE('',#9141,(#9146,#9153),.PCURVE_S1.);
#9141 = CIRCLE('',#9142,2.75);
#9142 = AXIS2_PLACEMENT_3D('',#9143,#9144,#9145);
#9143 = CARTESIAN_POINT('',(23.,-10.,18.9));
#9144 = DIRECTION('',(9.952403864668E-48,-4.440892098501E-16,-1.));
#9145 = DIRECTION('',(1.,2.422304781E-16,-1.07571941621E-31));
#9146 = PCURVE('',#9025,#9147);
#9147 = DEFINITIONAL_REPRESENTATION('',(#9148),#9152);
#9148 = LINE('',#9149,#9150);
#9149 = CARTESIAN_POINT('',(1.434292554947E-31,0.1));
#9150 = VECTOR('',#9151,1.);
#9151 = DIRECTION('',(1.,0.));
#9152 = ( GEOMETRIC_REPRESENTATION_CONTEXT(2) 
PARAMETRIC_REPRESENTATION_CONTEXT() REPRESENTATION_CONTEXT('2D SPACE',''
  ) );
#9153 = PCURVE('',#9154,#9159);
#9154 = CONICAL_SURFACE('',#9155,2.75,0.785398163397);
#9155 = AXIS2_PLACEMENT_3D('',#9156,#9157,#9158);
#9156 = CARTESIAN_POINT('',(23.,-10.,18.9));
#9157 = DIRECTION('',(-0.,-4.440892098501E-16,-1.));
#9158 = DIRECTION('',(1.,2.422304781E-16,-1.07571941621E-31));
#9159 = DEFINITIONAL_REPRESENTATION('',(#9160),#9164);
#9160 = LINE('',#9161,#9162);
#9161 = CARTESIAN_POINT('',(0.,0.));
#9162 = VECTOR('',#9163,1.);
#9163 = DIRECTION('',(1.,-0.));
#9164 = ( GEOMETRIC_REPRESENTATION_CONTEXT(2) 
PARAMETRIC_REPRESENTATION_CONTEXT() REPRESENTATION_CONTEXT('2D SPACE',''
  ) );
#9165 = ORIENTED_EDGE('',*,*,#9116,.T.);
#9166 = ORIENTED_EDGE('',*,*,#9008,.F.);
#9167 = ADVANCED_FACE('',(#9168),#9101,.T.);
#9168 = FACE_BOUND('',#9169,.T.);
#9169 = EDGE_LOOP('',(#9170,#9191,#9192,#9193));
#9170 = ORIENTED_EDGE('',*,*,#9171,.F.);
#9171 = EDGE_CURVE('',#9062,#9172,#9174,.T.);
#9172 = VERTEX_POINT('',#9173);
#9173 = CARTESIAN_POINT('',(24.1,-10.,4.));
#9174 = SEAM_CURVE('',#9175,(#9179,#9185),.PCURVE_S1.);
#9175 = LINE('',#9176,#9177);
#9176 = CARTESIAN_POINT('',(24.5,-10.,4.4));
#9177 = VECTOR('',#9178,1.);
#9178 = DIRECTION('',(-0.707106781187,-3.140184917366E-16,
    -0.707106781187));
#9179 = PCURVE('',#9101,#9180);
#9180 = DEFINITIONAL_REPRESENTATION('',(#9181),#9184);
#9181 = B_SPLINE_CURVE_WITH_KNOTS('',1,(#9182,#9183),.UNSPECIFIED.,.F.,
  .F.,(2,2),(0.,0.565685424949),.PIECEWISE_BEZIER_KNOTS.);
#9182 = CARTESIAN_POINT('',(6.28318530718,0.));
#9183 = CARTESIAN_POINT('',(6.28318530718,-0.4));
#9184 = ( GEOMETRIC_REPRESENTATION_CONTEXT(2) 
PARAMETRIC_REPRESENTATION_CONTEXT() REPRESENTATION_CONTEXT('2D SPACE',''
  ) );
#9185 = PCURVE('',#9101,#9186);
#9186 = DEFINITIONAL_REPRESENTATION('',(#9187),#9190);
#9187 = B_SPLINE_CURVE_WITH_KNOTS('',1,(#9188,#9189),.UNSPECIFIED.,.F.,
  .F.,(2,2),(0.,0.565685424949),.PIECEWISE_BEZIER_KNOTS.);
#9188 = CARTESIAN_POINT('',(-4.138911435803E-13,0.));
#9189 = CARTESIAN_POINT('',(-4.138911435803E-13,-0.4));
#9190 = ( GEOMETRIC_REPRESENTATION_CONTEXT(2) 
PARAMETRIC_REPRESENTATION_CONTEXT() REPRESENTATION_CONTEXT('2D SPACE',''
  ) );
#9191 = ORIENTED_EDGE('',*,*,#9086,.T.);
#9192 = ORIENTED_EDGE('',*,*,#9171,.T.);
#9193 = ORIENTED_EDGE('',*,*,#9194,.F.);
#9194 = EDGE_CURVE('',#9172,#9172,#9195,.T.);
#9195 = SURFACE_CURVE('',#9196,(#9201,#9208),.PCURVE_S1.);
#9196 = CIRCLE('',#9197,1.1);
#9197 = AXIS2_PLACEMENT_3D('',#9198,#9199,#9200);
#9198 = CARTESIAN_POINT('',(23.,-10.,4.));
#9199 = DIRECTION('',(8.758115402966E-47,-4.440892098501E-16,-1.));
#9200 = DIRECTION('',(1.,-1.7763568394E-15,7.88860905221E-31));
#9201 = PCURVE('',#9101,#9202);
#9202 = DEFINITIONAL_REPRESENTATION('',(#9203),#9207);
#9203 = LINE('',#9204,#9205);
#9204 = CARTESIAN_POINT('',(6.28318530718,-0.4));
#9205 = VECTOR('',#9206,1.);
#9206 = DIRECTION('',(-1.,0.));
#9207 = ( GEOMETRIC_REPRESENTATION_CONTEXT(2) 
PARAMETRIC_REPRESENTATION_CONTEXT() REPRESENTATION_CONTEXT('2D SPACE',''
  ) );
#9208 = PCURVE('',#9209,#9214);
#9209 = PLANE('',#9210);
#9210 = AXIS2_PLACEMENT_3D('',#9211,#9212,#9213);
#9211 = CARTESIAN_POINT('',(23.,-10.,4.));
#9212 = DIRECTION('',(0.,-4.440892098501E-16,-1.));
#9213 = DIRECTION('',(1.,-1.7763568394E-15,7.88860905221E-31));
#9214 = DEFINITIONAL_REPRESENTATION('',(#9215),#9219);
#9215 = CIRCLE('',#9216,1.1);
#9216 = AXIS2_PLACEMENT_2D('',#9217,#9218);
#9217 = CARTESIAN_POINT('',(0.,0.));
#9218 = DIRECTION('',(1.,3.503246160812E-46));
#9219 = ( GEOMETRIC_REPRESENTATION_CONTEXT(2) 
PARAMETRIC_REPRESENTATION_CONTEXT() REPRESENTATION_CONTEXT('2D SPACE',''
  ) );
#9220 = ADVANCED_FACE('',(#9221),#9154,.T.);
#9221 = FACE_BOUND('',#9222,.T.);
#9222 = EDGE_LOOP('',(#9223,#9252,#9271,#9272));
#9223 = ORIENTED_EDGE('',*,*,#9224,.T.);
#9224 = EDGE_CURVE('',#9225,#9225,#9227,.T.);
#9225 = VERTEX_POINT('',#9226);
#9226 = CARTESIAN_POINT('',(25.65,-10.,19.));
#9227 = SURFACE_CURVE('',#9228,(#9233,#9240),.PCURVE_S1.);
#9228 = CIRCLE('',#9229,2.65);
#9229 = AXIS2_PLACEMENT_3D('',#9230,#9231,#9232);
#9230 = CARTESIAN_POINT('',(23.,-10.,19.));
#9231 = DIRECTION('',(9.952403864668E-48,-4.440892098501E-16,-1.));
#9232 = DIRECTION('',(1.,2.422304781E-16,-1.07571941621E-31));
#9233 = PCURVE('',#9154,#9234);
#9234 = DEFINITIONAL_REPRESENTATION('',(#9235),#9239);
#9235 = LINE('',#9236,#9237);
#9236 = CARTESIAN_POINT('',(0.,-0.1));
#9237 = VECTOR('',#9238,1.);
#9238 = DIRECTION('',(1.,-0.));
#9239 = ( GEOMETRIC_REPRESENTATION_CONTEXT(2) 
PARAMETRIC_REPRESENTATION_CONTEXT() REPRESENTATION_CONTEXT('2D SPACE',''
  ) );
#9240 = PCURVE('',#9241,#9246);
#9241 = PLANE('',#9242);
#9242 = AXIS2_PLACEMENT_3D('',#9243,#9244,#9245);
#9243 = CARTESIAN_POINT('',(23.,-10.,19.));
#9244 = DIRECTION('',(0.,-4.440892098501E-16,-1.));
#9245 = DIRECTION('',(1.,4.594026308794E-16,-2.040157513503E-31));
#9246 = DEFINITIONAL_REPRESENTATION('',(#9247),#9251);
#9247 = CIRCLE('',#9248,2.65);
#9248 = AXIS2_PLACEMENT_2D('',#9249,#9250);
#9249 = CARTESIAN_POINT('',(0.,0.));
#9250 = DIRECTION('',(1.,2.171721527794E-16));
#9251 = ( GEOMETRIC_REPRESENTATION_CONTEXT(2) 
PARAMETRIC_REPRESENTATION_CONTEXT() REPRESENTATION_CONTEXT('2D SPACE',''
  ) );
#9252 = ORIENTED_EDGE('',*,*,#9253,.F.);
#9253 = EDGE_CURVE('',#9117,#9225,#9254,.T.);
#9254 = SEAM_CURVE('',#9255,(#9259,#9265),.PCURVE_S1.);
#9255 = LINE('',#9256,#9257);
#9256 = CARTESIAN_POINT('',(25.75,-10.,18.9));
#9257 = VECTOR('',#9258,1.);
#9258 = DIRECTION('',(-0.707106781187,1.427356780621E-16,0.707106781187)
  );
#9259 = PCURVE('',#9154,#9260);
#9260 = DEFINITIONAL_REPRESENTATION('',(#9261),#9264);
#9261 = B_SPLINE_CURVE_WITH_KNOTS('',1,(#9262,#9263),.UNSPECIFIED.,.F.,
  .F.,(2,2),(0.,0.141421356237),.PIECEWISE_BEZIER_KNOTS.);
#9262 = CARTESIAN_POINT('',(6.28318530718,0.));
#9263 = CARTESIAN_POINT('',(6.28318530718,-0.1));
#9264 = ( GEOMETRIC_REPRESENTATION_CONTEXT(2) 
PARAMETRIC_REPRESENTATION_CONTEXT() REPRESENTATION_CONTEXT('2D SPACE',''
  ) );
#9265 = PCURVE('',#9154,#9266);
#9266 = DEFINITIONAL_REPRESENTATION('',(#9267),#9270);
#9267 = B_SPLINE_CURVE_WITH_KNOTS('',1,(#9268,#9269),.UNSPECIFIED.,.F.,
  .F.,(2,2),(0.,0.141421356237),.PIECEWISE_BEZIER_KNOTS.);
#9268 = CARTESIAN_POINT('',(4.138911435803E-13,0.));
#9269 = CARTESIAN_POINT('',(4.138911435803E-13,-0.1));
#9270 = ( GEOMETRIC_REPRESENTATION_CONTEXT(2) 
PARAMETRIC_REPRESENTATION_CONTEXT() REPRESENTATION_CONTEXT('2D SPACE',''
  ) );
#9271 = ORIENTED_EDGE('',*,*,#9139,.F.);
#9272 = ORIENTED_EDGE('',*,*,#9253,.T.);
#9273 = ADVANCED_FACE('',(#9274),#9209,.T.);
#9274 = FACE_BOUND('',#9275,.T.);
#9275 = EDGE_LOOP('',(#9276));
#9276 = ORIENTED_EDGE('',*,*,#9194,.T.);
#9277 = ADVANCED_FACE('',(#9278,#9281),#9241,.F.);
#9278 = FACE_BOUND('',#9279,.T.);
#9279 = EDGE_LOOP('',(#9280));
#9280 = ORIENTED_EDGE('',*,*,#9224,.F.);
#9281 = FACE_BOUND('',#9282,.T.);
#9282 = EDGE_LOOP('',(#9283));
#9283 = ORIENTED_EDGE('',*,*,#9284,.T.);
#9284 = EDGE_CURVE('',#9285,#9285,#9287,.T.);
#9285 = VERTEX_POINT('',#9286);
#9286 = CARTESIAN_POINT('',(24.45,-10.,19.));
#9287 = SURFACE_CURVE('',#9288,(#9293,#9300),.PCURVE_S1.);
#9288 = CIRCLE('',#9289,1.45);
#9289 = AXIS2_PLACEMENT_3D('',#9290,#9291,#9292);
#9290 = CARTESIAN_POINT('',(23.,-10.,19.));
#9291 = DIRECTION('',(3.020039794733E-48,-4.440892098501E-16,-1.));
#9292 = DIRECTION('',(1.,4.594026308794E-16,-2.040157513503E-31));
#9293 = PCURVE('',#9241,#9294);
#9294 = DEFINITIONAL_REPRESENTATION('',(#9295),#9299);
#9295 = CIRCLE('',#9296,1.45);
#9296 = AXIS2_PLACEMENT_2D('',#9297,#9298);
#9297 = CARTESIAN_POINT('',(0.,0.));
#9298 = DIRECTION('',(1.,-9.060119381412E-47));
#9299 = ( GEOMETRIC_REPRESENTATION_CONTEXT(2) 
PARAMETRIC_REPRESENTATION_CONTEXT() REPRESENTATION_CONTEXT('2D SPACE',''
  ) );
#9300 = PCURVE('',#9301,#9306);
#9301 = CONICAL_SURFACE('',#9302,3.441688219857E-16,0.785397673207);
#9302 = AXIS2_PLACEMENT_3D('',#9303,#9304,#9305);
#9303 = CARTESIAN_POINT('',(23.,-10.,17.549998578447));
#9304 = DIRECTION('',(0.,4.440892098501E-16,1.));
#9305 = DIRECTION('',(1.,7.087732770012E-16,-3.147585645463E-31));
#9306 = DEFINITIONAL_REPRESENTATION('',(#9307),#9311);
#9307 = LINE('',#9308,#9309);
#9308 = CARTESIAN_POINT('',(6.28318530718,1.450001421553));
#9309 = VECTOR('',#9310,1.);
#9310 = DIRECTION('',(-1.,0.));
#9311 = ( GEOMETRIC_REPRESENTATION_CONTEXT(2) 
PARAMETRIC_REPRESENTATION_CONTEXT() REPRESENTATION_CONTEXT('2D SPACE',''
  ) );
#9312 = ADVANCED_FACE('',(#9313),#9301,.F.);
#9313 = FACE_BOUND('',#9314,.F.);
#9314 = EDGE_LOOP('',(#9315,#9353,#9389,#9425,#9461,#9497,#9518,#9519,
    #9520));
#9315 = ORIENTED_EDGE('',*,*,#9316,.T.);
#9316 = EDGE_CURVE('',#9317,#9319,#9321,.T.);
#9317 = VERTEX_POINT('',#9318);
#9318 = CARTESIAN_POINT('',(23.721687836487,-8.75,18.99337566648));
#9319 = VERTEX_POINT('',#9320);
#9320 = CARTESIAN_POINT('',(22.278312163513,-8.75,18.99337566648));
#9321 = SURFACE_CURVE('',#9322,(#9327,#9341),.PCURVE_S1.);
#9322 = HYPERBOLA('',#9323,1.250001225477,1.25);
#9323 = AXIS2_PLACEMENT_3D('',#9324,#9325,#9326);
#9324 = CARTESIAN_POINT('',(23.,-8.75,17.549998578447));
#9325 = DIRECTION('',(0.,-1.,8.881784197001E-16));
#9326 = DIRECTION('',(0.,8.881784197001E-16,1.));
#9327 = PCURVE('',#9301,#9328);
#9328 = DEFINITIONAL_REPRESENTATION('',(#9329),#9340);
#9329 = B_SPLINE_CURVE_WITH_KNOTS('',9,(#9330,#9331,#9332,#9333,#9334,
    #9335,#9336,#9337,#9338,#9339),.UNSPECIFIED.,.F.,.F.,(10,10),(
    -0.55840221658,0.55840221658),.PIECEWISE_BEZIER_KNOTS.);
#9330 = CARTESIAN_POINT('',(1.039338088856,1.450001421553));
#9331 = CARTESIAN_POINT('',(1.14631169429,1.358814631639));
#9332 = CARTESIAN_POINT('',(1.260853407593,1.292746139178));
#9333 = CARTESIAN_POINT('',(1.381805677021,1.249764999553));
#9334 = CARTESIAN_POINT('',(1.507225448684,1.228586187652));
#9335 = CARTESIAN_POINT('',(1.634367205213,1.228586187641));
#9336 = CARTESIAN_POINT('',(1.759786976592,1.249764999566));
#9337 = CARTESIAN_POINT('',(1.88073924602,1.292746139175));
#9338 = CARTESIAN_POINT('',(1.995280959301,1.358814631639));
#9339 = CARTESIAN_POINT('',(2.102254564734,1.450001421553));
#9340 = ( GEOMETRIC_REPRESENTATION_CONTEXT(2) 
PARAMETRIC_REPRESENTATION_CONTEXT() REPRESENTATION_CONTEXT('2D SPACE',''
  ) );
#9341 = PCURVE('',#9342,#9347);
#9342 = PLANE('',#9343);
#9343 = AXIS2_PLACEMENT_3D('',#9344,#9345,#9346);
#9344 = CARTESIAN_POINT('',(22.278312163513,-8.75,26.));
#9345 = DIRECTION('',(0.,-1.,8.881784197001E-16));
#9346 = DIRECTION('',(1.,0.,0.));
#9347 = DEFINITIONAL_REPRESENTATION('',(#9348),#9352);
#9348 = HYPERBOLA('',#9349,1.250001225477,1.25);
#9349 = AXIS2_PLACEMENT_2D('',#9350,#9351);
#9350 = CARTESIAN_POINT('',(0.721687836487,-8.450001421553));
#9351 = DIRECTION('',(0.,1.));
#9352 = ( GEOMETRIC_REPRESENTATION_CONTEXT(2) 
PARAMETRIC_REPRESENTATION_CONTEXT() REPRESENTATION_CONTEXT('2D SPACE',''
  ) );
#9353 = ORIENTED_EDGE('',*,*,#9354,.T.);
#9354 = EDGE_CURVE('',#9319,#9355,#9357,.T.);
#9355 = VERTEX_POINT('',#9356);
#9356 = CARTESIAN_POINT('',(21.556624327026,-10.,18.99337566648));
#9357 = SURFACE_CURVE('',#9358,(#9363,#9377),.PCURVE_S1.);
#9358 = HYPERBOLA('',#9359,1.250001225476,1.25);
#9359 = AXIS2_PLACEMENT_3D('',#9360,#9361,#9362);
#9360 = CARTESIAN_POINT('',(21.917468245269,-9.375,17.549998578447));
#9361 = DIRECTION('',(0.866025403784,-0.5,4.440892098502E-16));
#9362 = DIRECTION('',(-1.922962686384E-16,5.551115123126E-16,1.));
#9363 = PCURVE('',#9301,#9364);
#9364 = DEFINITIONAL_REPRESENTATION('',(#9365),#9376);
#9365 = B_SPLINE_CURVE_WITH_KNOTS('',9,(#9366,#9367,#9368,#9369,#9370,
    #9371,#9372,#9373,#9374,#9375),.UNSPECIFIED.,.F.,.F.,(10,10),(
    -0.55840221658,0.55840221658),.PIECEWISE_BEZIER_KNOTS.);
#9366 = CARTESIAN_POINT('',(2.086535640053,1.450001421553));
#9367 = CARTESIAN_POINT('',(2.193509245487,1.358814631639));
#9368 = CARTESIAN_POINT('',(2.308050958801,1.292746139173));
#9369 = CARTESIAN_POINT('',(2.429003228284,1.249764999556));
#9370 = CARTESIAN_POINT('',(2.554422999772,1.228586187652));
#9371 = CARTESIAN_POINT('',(2.681564756258,1.228586187631));
#9372 = CARTESIAN_POINT('',(2.806984527724,1.249764999556));
#9373 = CARTESIAN_POINT('',(2.927936797201,1.292746139174));
#9374 = CARTESIAN_POINT('',(3.042478510497,1.358814631639));
#9375 = CARTESIAN_POINT('',(3.149452115931,1.450001421553));
#9376 = ( GEOMETRIC_REPRESENTATION_CONTEXT(2) 
PARAMETRIC_REPRESENTATION_CONTEXT() REPRESENTATION_CONTEXT('2D SPACE',''
  ) );
#9377 = PCURVE('',#9378,#9383);
#9378 = PLANE('',#9379);
#9379 = AXIS2_PLACEMENT_3D('',#9380,#9381,#9382);
#9380 = CARTESIAN_POINT('',(21.556624327026,-10.,26.));
#9381 = DIRECTION('',(0.866025403784,-0.5,4.440892098502E-16));
#9382 = DIRECTION('',(0.5,0.866025403784,-7.691850745537E-16));
#9383 = DEFINITIONAL_REPRESENTATION('',(#9384),#9388);
#9384 = HYPERBOLA('',#9385,1.250001225476,1.25);
#9385 = AXIS2_PLACEMENT_2D('',#9386,#9387);
#9386 = CARTESIAN_POINT('',(0.721687836487,-8.450001421553));
#9387 = DIRECTION('',(-3.845925372771E-16,1.));
#9388 = ( GEOMETRIC_REPRESENTATION_CONTEXT(2) 
PARAMETRIC_REPRESENTATION_CONTEXT() REPRESENTATION_CONTEXT('2D SPACE',''
  ) );
#9389 = ORIENTED_EDGE('',*,*,#9390,.T.);
#9390 = EDGE_CURVE('',#9355,#9391,#9393,.T.);
#9391 = VERTEX_POINT('',#9392);
#9392 = CARTESIAN_POINT('',(22.278312163513,-11.25,18.99337566648));
#9393 = SURFACE_CURVE('',#9394,(#9399,#9413),.PCURVE_S1.);
#9394 = HYPERBOLA('',#9395,1.250001225476,1.25);
#9395 = AXIS2_PLACEMENT_3D('',#9396,#9397,#9398);
#9396 = CARTESIAN_POINT('',(21.917468245269,-10.625,17.549998578447));
#9397 = DIRECTION('',(0.866025403784,0.5,-4.440892098502E-16));
#9398 = DIRECTION('',(1.922962686384E-16,5.551115123126E-16,1.));
#9399 = PCURVE('',#9301,#9400);
#9400 = DEFINITIONAL_REPRESENTATION('',(#9401),#9412);
#9401 = B_SPLINE_CURVE_WITH_KNOTS('',9,(#9402,#9403,#9404,#9405,#9406,
    #9407,#9408,#9409,#9410,#9411),.UNSPECIFIED.,.F.,.F.,(10,10),(
    -0.55840221658,0.55840221658),.PIECEWISE_BEZIER_KNOTS.);
#9402 = CARTESIAN_POINT('',(3.13373319125,1.450001421553));
#9403 = CARTESIAN_POINT('',(3.240706796683,1.358814631639));
#9404 = CARTESIAN_POINT('',(3.355248509956,1.292746139178));
#9405 = CARTESIAN_POINT('',(3.476200779601,1.249764999535));
#9406 = CARTESIAN_POINT('',(3.601620550686,1.228586187631));
#9407 = CARTESIAN_POINT('',(3.728762307746,1.228586187605));
#9408 = CARTESIAN_POINT('',(3.854182078834,1.249764999568));
#9409 = CARTESIAN_POINT('',(3.975134348416,1.292746139174));
#9410 = CARTESIAN_POINT('',(4.089676061694,1.358814631639));
#9411 = CARTESIAN_POINT('',(4.196649667127,1.450001421553));
#9412 = ( GEOMETRIC_REPRESENTATION_CONTEXT(2) 
PARAMETRIC_REPRESENTATION_CONTEXT() REPRESENTATION_CONTEXT('2D SPACE',''
  ) );
#9413 = PCURVE('',#9414,#9419);
#9414 = PLANE('',#9415);
#9415 = AXIS2_PLACEMENT_3D('',#9416,#9417,#9418);
#9416 = CARTESIAN_POINT('',(22.278312163513,-11.25,26.));
#9417 = DIRECTION('',(0.866025403784,0.5,-4.440892098502E-16));
#9418 = DIRECTION('',(-0.5,0.866025403784,-7.691850745537E-16));
#9419 = DEFINITIONAL_REPRESENTATION('',(#9420),#9424);
#9420 = HYPERBOLA('',#9421,1.250001225476,1.25);
#9421 = AXIS2_PLACEMENT_2D('',#9422,#9423);
#9422 = CARTESIAN_POINT('',(0.721687836487,-8.450001421553));
#9423 = DIRECTION('',(-3.845925372771E-16,1.));
#9424 = ( GEOMETRIC_REPRESENTATION_CONTEXT(2) 
PARAMETRIC_REPRESENTATION_CONTEXT() REPRESENTATION_CONTEXT('2D SPACE',''
  ) );
#9425 = ORIENTED_EDGE('',*,*,#9426,.T.);
#9426 = EDGE_CURVE('',#9391,#9427,#9429,.T.);
#9427 = VERTEX_POINT('',#9428);
#9428 = CARTESIAN_POINT('',(23.721687836487,-11.25,18.99337566648));
#9429 = SURFACE_CURVE('',#9430,(#9435,#9449),.PCURVE_S1.);
#9430 = HYPERBOLA('',#9431,1.250001225477,1.25);
#9431 = AXIS2_PLACEMENT_3D('',#9432,#9433,#9434);
#9432 = CARTESIAN_POINT('',(23.,-11.25,17.549998578447));
#9433 = DIRECTION('',(0.,1.,-8.881784197001E-16));
#9434 = DIRECTION('',(0.,8.881784197001E-16,1.));
#9435 = PCURVE('',#9301,#9436);
#9436 = DEFINITIONAL_REPRESENTATION('',(#9437),#9448);
#9437 = B_SPLINE_CURVE_WITH_KNOTS('',9,(#9438,#9439,#9440,#9441,#9442,
    #9443,#9444,#9445,#9446,#9447),.UNSPECIFIED.,.F.,.F.,(10,10),(
    -0.55840221658,0.55840221658),.PIECEWISE_BEZIER_KNOTS.);
#9438 = CARTESIAN_POINT('',(4.180930742446,1.450001421553));
#9439 = CARTESIAN_POINT('',(4.28790434788,1.358814631639));
#9440 = CARTESIAN_POINT('',(4.402446061171,1.292746139185));
#9441 = CARTESIAN_POINT('',(4.523398330715,1.249764999532));
#9442 = CARTESIAN_POINT('',(4.64881810197,1.228586187698));
#9443 = CARTESIAN_POINT('',(4.775959858863,1.228586187538));
#9444 = CARTESIAN_POINT('',(4.901379630038,1.249764999589));
#9445 = CARTESIAN_POINT('',(5.022331899606,1.292746139172));
#9446 = CARTESIAN_POINT('',(5.13687361289,1.358814631639));
#9447 = CARTESIAN_POINT('',(5.243847218324,1.450001421553));
#9448 = ( GEOMETRIC_REPRESENTATION_CONTEXT(2) 
PARAMETRIC_REPRESENTATION_CONTEXT() REPRESENTATION_CONTEXT('2D SPACE',''
  ) );
#9449 = PCURVE('',#9450,#9455);
#9450 = PLANE('',#9451);
#9451 = AXIS2_PLACEMENT_3D('',#9452,#9453,#9454);
#9452 = CARTESIAN_POINT('',(23.721687836487,-11.25,26.));
#9453 = DIRECTION('',(-0.,1.,-8.881784197001E-16));
#9454 = DIRECTION('',(-1.,0.,0.));
#9455 = DEFINITIONAL_REPRESENTATION('',(#9456),#9460);
#9456 = HYPERBOLA('',#9457,1.250001225477,1.25);
#9457 = AXIS2_PLACEMENT_2D('',#9458,#9459);
#9458 = CARTESIAN_POINT('',(0.721687836487,-8.450001421553));
#9459 = DIRECTION('',(0.,1.));
#9460 = ( GEOMETRIC_REPRESENTATION_CONTEXT(2) 
PARAMETRIC_REPRESENTATION_CONTEXT() REPRESENTATION_CONTEXT('2D SPACE',''
  ) );
#9461 = ORIENTED_EDGE('',*,*,#9462,.T.);
#9462 = EDGE_CURVE('',#9427,#9463,#9465,.T.);
#9463 = VERTEX_POINT('',#9464);
#9464 = CARTESIAN_POINT('',(24.443375672974,-10.,18.99337566648));
#9465 = SURFACE_CURVE('',#9466,(#9471,#9485),.PCURVE_S1.);
#9466 = HYPERBOLA('',#9467,1.250001225476,1.25);
#9467 = AXIS2_PLACEMENT_3D('',#9468,#9469,#9470);
#9468 = CARTESIAN_POINT('',(24.082531754731,-10.625,17.549998578447));
#9469 = DIRECTION('',(-0.866025403784,0.5,-4.440892098502E-16));
#9470 = DIRECTION('',(-1.922962686384E-16,5.551115123126E-16,1.));
#9471 = PCURVE('',#9301,#9472);
#9472 = DEFINITIONAL_REPRESENTATION('',(#9473),#9484);
#9473 = B_SPLINE_CURVE_WITH_KNOTS('',9,(#9474,#9475,#9476,#9477,#9478,
    #9479,#9480,#9481,#9482,#9483),.UNSPECIFIED.,.F.,.F.,(10,10),(
    -0.55840221658,0.549306144334),.PIECEWISE_BEZIER_KNOTS.);
#9474 = CARTESIAN_POINT('',(5.228128293643,1.450001421553));
#9475 = CARTESIAN_POINT('',(5.334230627788,1.359557323555));
#9476 = CARTESIAN_POINT('',(5.447778285771,1.293824025724));
#9477 = CARTESIAN_POINT('',(5.567641818777,1.250819804702));
#9478 = CARTESIAN_POINT('',(5.691931317958,1.229284851316));
#9479 = CARTESIAN_POINT('',(5.817980988202,1.228600240134));
#9480 = CARTESIAN_POINT('',(5.942446370588,1.248751099291));
#9481 = CARTESIAN_POINT('',(6.062627441056,1.290326010703));
#9482 = CARTESIAN_POINT('',(6.176596019727,1.354552594962));
#9483 = CARTESIAN_POINT('',(6.28318530718,1.443377088032));
#9484 = ( GEOMETRIC_REPRESENTATION_CONTEXT(2) 
PARAMETRIC_REPRESENTATION_CONTEXT() REPRESENTATION_CONTEXT('2D SPACE',''
  ) );
#9485 = PCURVE('',#9486,#9491);
#9486 = PLANE('',#9487);
#9487 = AXIS2_PLACEMENT_3D('',#9488,#9489,#9490);
#9488 = CARTESIAN_POINT('',(24.443375672974,-10.,26.));
#9489 = DIRECTION('',(-0.866025403784,0.5,-4.440892098502E-16));
#9490 = DIRECTION('',(-0.5,-0.866025403784,7.691850745537E-16));
#9491 = DEFINITIONAL_REPRESENTATION('',(#9492),#9496);
#9492 = HYPERBOLA('',#9493,1.250001225476,1.25);
#9493 = AXIS2_PLACEMENT_2D('',#9494,#9495);
#9494 = CARTESIAN_POINT('',(0.721687836487,-8.450001421553));
#9495 = DIRECTION('',(3.845925372771E-16,1.));
#9496 = ( GEOMETRIC_REPRESENTATION_CONTEXT(2) 
PARAMETRIC_REPRESENTATION_CONTEXT() REPRESENTATION_CONTEXT('2D SPACE',''
  ) );
#9497 = ORIENTED_EDGE('',*,*,#9498,.T.);
#9498 = EDGE_CURVE('',#9463,#9285,#9499,.T.);
#9499 = SEAM_CURVE('',#9500,(#9504,#9511),.PCURVE_S1.);
#9500 = LINE('',#9501,#9502);
#9501 = CARTESIAN_POINT('',(23.,-10.,17.549998578447));
#9502 = VECTOR('',#9503,1.);
#9503 = DIRECTION('',(0.70710643457,4.710279684983E-16,0.707107127803));
#9504 = PCURVE('',#9301,#9505);
#9505 = DEFINITIONAL_REPRESENTATION('',(#9506),#9510);
#9506 = LINE('',#9507,#9508);
#9507 = CARTESIAN_POINT('',(6.28318530718,0.));
#9508 = VECTOR('',#9509,1.);
#9509 = DIRECTION('',(-0.,1.));
#9510 = ( GEOMETRIC_REPRESENTATION_CONTEXT(2) 
PARAMETRIC_REPRESENTATION_CONTEXT() REPRESENTATION_CONTEXT('2D SPACE',''
  ) );
#9511 = PCURVE('',#9301,#9512);
#9512 = DEFINITIONAL_REPRESENTATION('',(#9513),#9517);
#9513 = LINE('',#9514,#9515);
#9514 = CARTESIAN_POINT('',(-4.138911435803E-13,0.));
#9515 = VECTOR('',#9516,1.);
#9516 = DIRECTION('',(-0.,1.));
#9517 = ( GEOMETRIC_REPRESENTATION_CONTEXT(2) 
PARAMETRIC_REPRESENTATION_CONTEXT() REPRESENTATION_CONTEXT('2D SPACE',''
  ) );
#9518 = ORIENTED_EDGE('',*,*,#9284,.T.);
#9519 = ORIENTED_EDGE('',*,*,#9498,.F.);
#9520 = ORIENTED_EDGE('',*,*,#9521,.T.);
#9521 = EDGE_CURVE('',#9463,#9317,#9522,.T.);
#9522 = SURFACE_CURVE('',#9523,(#9528,#9542),.PCURVE_S1.);
#9523 = HYPERBOLA('',#9524,1.250001225476,1.25);
#9524 = AXIS2_PLACEMENT_3D('',#9525,#9526,#9527);
#9525 = CARTESIAN_POINT('',(24.082531754731,-9.375,17.549998578447));
#9526 = DIRECTION('',(-0.866025403784,-0.5,4.440892098502E-16));
#9527 = DIRECTION('',(1.922962686384E-16,5.551115123126E-16,1.));
#9528 = PCURVE('',#9301,#9529);
#9529 = DEFINITIONAL_REPRESENTATION('',(#9530),#9541);
#9530 = B_SPLINE_CURVE_WITH_KNOTS('',9,(#9531,#9532,#9533,#9534,#9535,
    #9536,#9537,#9538,#9539,#9540),.UNSPECIFIED.,.F.,.F.,(10,10),(
    -0.549306144334,0.55840221658),.PIECEWISE_BEZIER_KNOTS.);
#9531 = CARTESIAN_POINT('',(-4.138911435803E-13,1.443377088032));
#9532 = CARTESIAN_POINT('',(0.106589287454,1.354552594962));
#9533 = CARTESIAN_POINT('',(0.22055786611,1.290326010708));
#9534 = CARTESIAN_POINT('',(0.340738936702,1.248751099252));
#9535 = CARTESIAN_POINT('',(0.465204318763,1.22860024018));
#9536 = CARTESIAN_POINT('',(0.591253989358,1.22928485127));
#9537 = CARTESIAN_POINT('',(0.715543488371,1.250819804723));
#9538 = CARTESIAN_POINT('',(0.835407021448,1.293824025712));
#9539 = CARTESIAN_POINT('',(0.948954679392,1.359557323555));
#9540 = CARTESIAN_POINT('',(1.055057013538,1.450001421553));
#9541 = ( GEOMETRIC_REPRESENTATION_CONTEXT(2) 
PARAMETRIC_REPRESENTATION_CONTEXT() REPRESENTATION_CONTEXT('2D SPACE',''
  ) );
#9542 = PCURVE('',#9543,#9548);
#9543 = PLANE('',#9544);
#9544 = AXIS2_PLACEMENT_3D('',#9545,#9546,#9547);
#9545 = CARTESIAN_POINT('',(23.721687836487,-8.75,26.));
#9546 = DIRECTION('',(-0.866025403784,-0.5,4.440892098502E-16));
#9547 = DIRECTION('',(0.5,-0.866025403784,7.691850745537E-16));
#9548 = DEFINITIONAL_REPRESENTATION('',(#9549),#9553);
#9549 = HYPERBOLA('',#9550,1.250001225476,1.25);
#9550 = AXIS2_PLACEMENT_2D('',#9551,#9552);
#9551 = CARTESIAN_POINT('',(0.721687836487,-8.450001421553));
#9552 = DIRECTION('',(3.845925372771E-16,1.));
#9553 = ( GEOMETRIC_REPRESENTATION_CONTEXT(2) 
PARAMETRIC_REPRESENTATION_CONTEXT() REPRESENTATION_CONTEXT('2D SPACE',''
  ) );
#9554 = ADVANCED_FACE('',(#9555),#9543,.T.);
#9555 = FACE_BOUND('',#9556,.T.);
#9556 = EDGE_LOOP('',(#9557,#9558,#9581,#9617));
#9557 = ORIENTED_EDGE('',*,*,#9521,.T.);
#9558 = ORIENTED_EDGE('',*,*,#9559,.T.);
#9559 = EDGE_CURVE('',#9317,#9560,#9562,.T.);
#9560 = VERTEX_POINT('',#9561);
#9561 = CARTESIAN_POINT('',(23.721687836487,-8.75,16.824426932662));
#9562 = SURFACE_CURVE('',#9563,(#9567,#9574),.PCURVE_S1.);
#9563 = LINE('',#9564,#9565);
#9564 = CARTESIAN_POINT('',(23.721687836487,-8.75,26.));
#9565 = VECTOR('',#9566,1.);
#9566 = DIRECTION('',(0.,-8.881784197001E-16,-1.));
#9567 = PCURVE('',#9543,#9568);
#9568 = DEFINITIONAL_REPRESENTATION('',(#9569),#9573);
#9569 = LINE('',#9570,#9571);
#9570 = CARTESIAN_POINT('',(0.,0.));
#9571 = VECTOR('',#9572,1.);
#9572 = DIRECTION('',(-3.855557674268E-28,-1.));
#9573 = ( GEOMETRIC_REPRESENTATION_CONTEXT(2) 
PARAMETRIC_REPRESENTATION_CONTEXT() REPRESENTATION_CONTEXT('2D SPACE',''
  ) );
#9574 = PCURVE('',#9342,#9575);
#9575 = DEFINITIONAL_REPRESENTATION('',(#9576),#9580);
#9576 = LINE('',#9577,#9578);
#9577 = CARTESIAN_POINT('',(1.443375672974,0.));
#9578 = VECTOR('',#9579,1.);
#9579 = DIRECTION('',(0.,-1.));
#9580 = ( GEOMETRIC_REPRESENTATION_CONTEXT(2) 
PARAMETRIC_REPRESENTATION_CONTEXT() REPRESENTATION_CONTEXT('2D SPACE',''
  ) );
#9581 = ORIENTED_EDGE('',*,*,#9582,.F.);
#9582 = EDGE_CURVE('',#9583,#9560,#9585,.T.);
#9583 = VERTEX_POINT('',#9584);
#9584 = CARTESIAN_POINT('',(24.443375672974,-10.,16.824426932662));
#9585 = SURFACE_CURVE('',#9586,(#9591,#9598),.PCURVE_S1.);
#9586 = HYPERBOLA('',#9587,0.454963467216,1.25);
#9587 = AXIS2_PLACEMENT_3D('',#9588,#9589,#9590);
#9588 = CARTESIAN_POINT('',(24.082531754731,-9.375,16.299080372125));
#9589 = DIRECTION('',(-0.866025403784,-0.5,4.440892098502E-16));
#9590 = DIRECTION('',(-4.326600975418E-29,8.881784197001E-16,1.));
#9591 = PCURVE('',#9543,#9592);
#9592 = DEFINITIONAL_REPRESENTATION('',(#9593),#9597);
#9593 = HYPERBOLA('',#9594,0.454963467216,1.25);
#9594 = AXIS2_PLACEMENT_2D('',#9595,#9596);
#9595 = CARTESIAN_POINT('',(0.721687836487,-9.700919627875));
#9596 = DIRECTION('',(3.855557674268E-28,1.));
#9597 = ( GEOMETRIC_REPRESENTATION_CONTEXT(2) 
PARAMETRIC_REPRESENTATION_CONTEXT() REPRESENTATION_CONTEXT('2D SPACE',''
  ) );
#9598 = PCURVE('',#9599,#9604);
#9599 = CONICAL_SURFACE('',#9600,6.640918306942E-17,1.22173);
#9600 = AXIS2_PLACEMENT_3D('',#9601,#9602,#9603);
#9601 = CARTESIAN_POINT('',(23.,-10.,16.299080372125));
#9602 = DIRECTION('',(0.,8.881784197001E-16,1.));
#9603 = DIRECTION('',(1.,1.514889354313E-16,-1.345492032734E-31));
#9604 = DEFINITIONAL_REPRESENTATION('',(#9605),#9616);
#9605 = B_SPLINE_CURVE_WITH_KNOTS('',9,(#9606,#9607,#9608,#9609,#9610,
    #9611,#9612,#9613,#9614,#9615),.UNSPECIFIED.,.F.,.F.,(10,10),(
    -0.549306144334,0.549306144334),.PIECEWISE_BEZIER_KNOTS.);
#9606 = CARTESIAN_POINT('',(-4.138911435803E-13,0.525346560537));
#9607 = CARTESIAN_POINT('',(0.105714017311,0.493282550051));
#9608 = CARTESIAN_POINT('',(0.218686762078,0.470025018626));
#9609 = CARTESIAN_POINT('',(0.337778866987,0.454882901967));
#9610 = CARTESIAN_POINT('',(0.461119290295,0.447418203466));
#9611 = CARTESIAN_POINT('',(0.586078086357,0.447418204259));
#9612 = CARTESIAN_POINT('',(0.709418934657,0.454882901435));
#9613 = CARTESIAN_POINT('',(0.82851073268,0.470025018555));
#9614 = CARTESIAN_POINT('',(0.941483504018,0.493282549804));
#9615 = CARTESIAN_POINT('',(1.04719755172,0.525346560116));
#9616 = ( GEOMETRIC_REPRESENTATION_CONTEXT(2) 
PARAMETRIC_REPRESENTATION_CONTEXT() REPRESENTATION_CONTEXT('2D SPACE',''
  ) );
#9617 = ORIENTED_EDGE('',*,*,#9618,.F.);
#9618 = EDGE_CURVE('',#9463,#9583,#9619,.T.);
#9619 = SURFACE_CURVE('',#9620,(#9624,#9631),.PCURVE_S1.);
#9620 = LINE('',#9621,#9622);
#9621 = CARTESIAN_POINT('',(24.443375672974,-10.,26.));
#9622 = VECTOR('',#9623,1.);
#9623 = DIRECTION('',(0.,-8.881784197001E-16,-1.));
#9624 = PCURVE('',#9543,#9625);
#9625 = DEFINITIONAL_REPRESENTATION('',(#9626),#9630);
#9626 = LINE('',#9627,#9628);
#9627 = CARTESIAN_POINT('',(1.443375672974,-1.110223024626E-15));
#9628 = VECTOR('',#9629,1.);
#9629 = DIRECTION('',(-3.855557674268E-28,-1.));
#9630 = ( GEOMETRIC_REPRESENTATION_CONTEXT(2) 
PARAMETRIC_REPRESENTATION_CONTEXT() REPRESENTATION_CONTEXT('2D SPACE',''
  ) );
#9631 = PCURVE('',#9486,#9632);
#9632 = DEFINITIONAL_REPRESENTATION('',(#9633),#9637);
#9633 = LINE('',#9634,#9635);
#9634 = CARTESIAN_POINT('',(0.,0.));
#9635 = VECTOR('',#9636,1.);
#9636 = DIRECTION('',(-3.855557674268E-28,-1.));
#9637 = ( GEOMETRIC_REPRESENTATION_CONTEXT(2) 
PARAMETRIC_REPRESENTATION_CONTEXT() REPRESENTATION_CONTEXT('2D SPACE',''
  ) );
#9638 = ADVANCED_FACE('',(#9639),#9342,.T.);
#9639 = FACE_BOUND('',#9640,.T.);
#9640 = EDGE_LOOP('',(#9641,#9642,#9665,#9694));
#9641 = ORIENTED_EDGE('',*,*,#9316,.T.);
#9642 = ORIENTED_EDGE('',*,*,#9643,.T.);
#9643 = EDGE_CURVE('',#9319,#9644,#9646,.T.);
#9644 = VERTEX_POINT('',#9645);
#9645 = CARTESIAN_POINT('',(22.278312163513,-8.75,16.824426932662));
#9646 = SURFACE_CURVE('',#9647,(#9651,#9658),.PCURVE_S1.);
#9647 = LINE('',#9648,#9649);
#9648 = CARTESIAN_POINT('',(22.278312163513,-8.75,26.));
#9649 = VECTOR('',#9650,1.);
#9650 = DIRECTION('',(0.,-8.881784197001E-16,-1.));
#9651 = PCURVE('',#9342,#9652);
#9652 = DEFINITIONAL_REPRESENTATION('',(#9653),#9657);
#9653 = LINE('',#9654,#9655);
#9654 = CARTESIAN_POINT('',(0.,0.));
#9655 = VECTOR('',#9656,1.);
#9656 = DIRECTION('',(0.,-1.));
#9657 = ( GEOMETRIC_REPRESENTATION_CONTEXT(2) 
PARAMETRIC_REPRESENTATION_CONTEXT() REPRESENTATION_CONTEXT('2D SPACE',''
  ) );
#9658 = PCURVE('',#9378,#9659);
#9659 = DEFINITIONAL_REPRESENTATION('',(#9660),#9664);
#9660 = LINE('',#9661,#9662);
#9661 = CARTESIAN_POINT('',(1.443375672974,1.110223024626E-15));
#9662 = VECTOR('',#9663,1.);
#9663 = DIRECTION('',(3.855557674268E-28,-1.));
#9664 = ( GEOMETRIC_REPRESENTATION_CONTEXT(2) 
PARAMETRIC_REPRESENTATION_CONTEXT() REPRESENTATION_CONTEXT('2D SPACE',''
  ) );
#9665 = ORIENTED_EDGE('',*,*,#9666,.F.);
#9666 = EDGE_CURVE('',#9560,#9644,#9667,.T.);
#9667 = SURFACE_CURVE('',#9668,(#9673,#9680),.PCURVE_S1.);
#9668 = HYPERBOLA('',#9669,0.454963467216,1.25);
#9669 = AXIS2_PLACEMENT_3D('',#9670,#9671,#9672);
#9670 = CARTESIAN_POINT('',(23.,-8.75,16.299080372125));
#9671 = DIRECTION('',(0.,-1.,8.881784197001E-16));
#9672 = DIRECTION('',(0.,8.881784197001E-16,1.));
#9673 = PCURVE('',#9342,#9674);
#9674 = DEFINITIONAL_REPRESENTATION('',(#9675),#9679);
#9675 = HYPERBOLA('',#9676,0.454963467216,1.25);
#9676 = AXIS2_PLACEMENT_2D('',#9677,#9678);
#9677 = CARTESIAN_POINT('',(0.721687836487,-9.700919627875));
#9678 = DIRECTION('',(0.,1.));
#9679 = ( GEOMETRIC_REPRESENTATION_CONTEXT(2) 
PARAMETRIC_REPRESENTATION_CONTEXT() REPRESENTATION_CONTEXT('2D SPACE',''
  ) );
#9680 = PCURVE('',#9599,#9681);
#9681 = DEFINITIONAL_REPRESENTATION('',(#9682),#9693);
#9682 = B_SPLINE_CURVE_WITH_KNOTS('',9,(#9683,#9684,#9685,#9686,#9687,
    #9688,#9689,#9690,#9691,#9692),.UNSPECIFIED.,.F.,.F.,(10,10),(
    -0.646774826402,0.646774826402),.PIECEWISE_BEZIER_KNOTS.);
#9683 = CARTESIAN_POINT('',(0.964905207956,0.553486946207));
#9684 = CARTESIAN_POINT('',(1.083048682524,0.508182821976));
#9685 = CARTESIAN_POINT('',(1.212070841286,0.47574166301));
#9686 = CARTESIAN_POINT('',(1.35073639829,0.454809791019));
#9687 = CARTESIAN_POINT('',(1.496451142968,0.4445459758));
#9688 = CARTESIAN_POINT('',(1.645141510769,0.444545975797));
#9689 = CARTESIAN_POINT('',(1.790856255251,0.45480979102));
#9690 = CARTESIAN_POINT('',(1.929521812348,0.475741663012));
#9691 = CARTESIAN_POINT('',(2.058543971067,0.508182821976));
#9692 = CARTESIAN_POINT('',(2.176687445635,0.553486946207));
#9693 = ( GEOMETRIC_REPRESENTATION_CONTEXT(2) 
PARAMETRIC_REPRESENTATION_CONTEXT() REPRESENTATION_CONTEXT('2D SPACE',''
  ) );
#9694 = ORIENTED_EDGE('',*,*,#9559,.F.);
#9695 = ADVANCED_FACE('',(#9696),#9378,.T.);
#9696 = FACE_BOUND('',#9697,.T.);
#9697 = EDGE_LOOP('',(#9698,#9699,#9722,#9751));
#9698 = ORIENTED_EDGE('',*,*,#9354,.T.);
#9699 = ORIENTED_EDGE('',*,*,#9700,.T.);
#9700 = EDGE_CURVE('',#9355,#9701,#9703,.T.);
#9701 = VERTEX_POINT('',#9702);
#9702 = CARTESIAN_POINT('',(21.556624327026,-10.,16.824426932662));
#9703 = SURFACE_CURVE('',#9704,(#9708,#9715),.PCURVE_S1.);
#9704 = LINE('',#9705,#9706);
#9705 = CARTESIAN_POINT('',(21.556624327026,-10.,26.));
#9706 = VECTOR('',#9707,1.);
#9707 = DIRECTION('',(0.,-8.881784197001E-16,-1.));
#9708 = PCURVE('',#9378,#9709);
#9709 = DEFINITIONAL_REPRESENTATION('',(#9710),#9714);
#9710 = LINE('',#9711,#9712);
#9711 = CARTESIAN_POINT('',(0.,0.));
#9712 = VECTOR('',#9713,1.);
#9713 = DIRECTION('',(3.855557674268E-28,-1.));
#9714 = ( GEOMETRIC_REPRESENTATION_CONTEXT(2) 
PARAMETRIC_REPRESENTATION_CONTEXT() REPRESENTATION_CONTEXT('2D SPACE',''
  ) );
#9715 = PCURVE('',#9414,#9716);
#9716 = DEFINITIONAL_REPRESENTATION('',(#9717),#9721);
#9717 = LINE('',#9718,#9719);
#9718 = CARTESIAN_POINT('',(1.443375672974,1.110223024626E-15));
#9719 = VECTOR('',#9720,1.);
#9720 = DIRECTION('',(3.855557674268E-28,-1.));
#9721 = ( GEOMETRIC_REPRESENTATION_CONTEXT(2) 
PARAMETRIC_REPRESENTATION_CONTEXT() REPRESENTATION_CONTEXT('2D SPACE',''
  ) );
#9722 = ORIENTED_EDGE('',*,*,#9723,.F.);
#9723 = EDGE_CURVE('',#9644,#9701,#9724,.T.);
#9724 = SURFACE_CURVE('',#9725,(#9730,#9737),.PCURVE_S1.);
#9725 = HYPERBOLA('',#9726,0.454963467216,1.25);
#9726 = AXIS2_PLACEMENT_3D('',#9727,#9728,#9729);
#9727 = CARTESIAN_POINT('',(21.917468245269,-9.375,16.299080372125));
#9728 = DIRECTION('',(0.866025403784,-0.5,4.440892098502E-16));
#9729 = DIRECTION('',(4.326600975418E-29,8.881784197001E-16,1.));
#9730 = PCURVE('',#9378,#9731);
#9731 = DEFINITIONAL_REPRESENTATION('',(#9732),#9736);
#9732 = HYPERBOLA('',#9733,0.454963467216,1.25);
#9733 = AXIS2_PLACEMENT_2D('',#9734,#9735);
#9734 = CARTESIAN_POINT('',(0.721687836487,-9.700919627875));
#9735 = DIRECTION('',(-3.855557674268E-28,1.));
#9736 = ( GEOMETRIC_REPRESENTATION_CONTEXT(2) 
PARAMETRIC_REPRESENTATION_CONTEXT() REPRESENTATION_CONTEXT('2D SPACE',''
  ) );
#9737 = PCURVE('',#9599,#9738);
#9738 = DEFINITIONAL_REPRESENTATION('',(#9739),#9750);
#9739 = B_SPLINE_CURVE_WITH_KNOTS('',9,(#9740,#9741,#9742,#9743,#9744,
    #9745,#9746,#9747,#9748,#9749),.UNSPECIFIED.,.F.,.F.,(10,10),(
    -0.646774826402,0.646774826402),.PIECEWISE_BEZIER_KNOTS.);
#9740 = CARTESIAN_POINT('',(2.012102759153,0.553486946207));
#9741 = CARTESIAN_POINT('',(2.13024623372,0.508182821976));
#9742 = CARTESIAN_POINT('',(2.259268392443,0.475741663011));
#9743 = CARTESIAN_POINT('',(2.397933949582,0.454809791026));
#9744 = CARTESIAN_POINT('',(2.54364869391,0.444545975815));
#9745 = CARTESIAN_POINT('',(2.69233906209,0.444545975782));
#9746 = CARTESIAN_POINT('',(2.838053806397,0.454809791032));
#9747 = CARTESIAN_POINT('',(2.976719363556,0.475741663009));
#9748 = CARTESIAN_POINT('',(3.105741522263,0.508182821976));
#9749 = CARTESIAN_POINT('',(3.223884996831,0.553486946207));
#9750 = ( GEOMETRIC_REPRESENTATION_CONTEXT(2) 
PARAMETRIC_REPRESENTATION_CONTEXT() REPRESENTATION_CONTEXT('2D SPACE',''
  ) );
#9751 = ORIENTED_EDGE('',*,*,#9643,.F.);
#9752 = ADVANCED_FACE('',(#9753),#9414,.T.);
#9753 = FACE_BOUND('',#9754,.T.);
#9754 = EDGE_LOOP('',(#9755,#9756,#9779,#9808));
#9755 = ORIENTED_EDGE('',*,*,#9390,.T.);
#9756 = ORIENTED_EDGE('',*,*,#9757,.T.);
#9757 = EDGE_CURVE('',#9391,#9758,#9760,.T.);
#9758 = VERTEX_POINT('',#9759);
#9759 = CARTESIAN_POINT('',(22.278312163513,-11.25,16.824426932662));
#9760 = SURFACE_CURVE('',#9761,(#9765,#9772),.PCURVE_S1.);
#9761 = LINE('',#9762,#9763);
#9762 = CARTESIAN_POINT('',(22.278312163513,-11.25,26.));
#9763 = VECTOR('',#9764,1.);
#9764 = DIRECTION('',(0.,-8.881784197001E-16,-1.));
#9765 = PCURVE('',#9414,#9766);
#9766 = DEFINITIONAL_REPRESENTATION('',(#9767),#9771);
#9767 = LINE('',#9768,#9769);
#9768 = CARTESIAN_POINT('',(0.,0.));
#9769 = VECTOR('',#9770,1.);
#9770 = DIRECTION('',(3.855557674268E-28,-1.));
#9771 = ( GEOMETRIC_REPRESENTATION_CONTEXT(2) 
PARAMETRIC_REPRESENTATION_CONTEXT() REPRESENTATION_CONTEXT('2D SPACE',''
  ) );
#9772 = PCURVE('',#9450,#9773);
#9773 = DEFINITIONAL_REPRESENTATION('',(#9774),#9778);
#9774 = LINE('',#9775,#9776);
#9775 = CARTESIAN_POINT('',(1.443375672974,0.));
#9776 = VECTOR('',#9777,1.);
#9777 = DIRECTION('',(-0.,-1.));
#9778 = ( GEOMETRIC_REPRESENTATION_CONTEXT(2) 
PARAMETRIC_REPRESENTATION_CONTEXT() REPRESENTATION_CONTEXT('2D SPACE',''
  ) );
#9779 = ORIENTED_EDGE('',*,*,#9780,.F.);
#9780 = EDGE_CURVE('',#9701,#9758,#9781,.T.);
#9781 = SURFACE_CURVE('',#9782,(#9787,#9794),.PCURVE_S1.);
#9782 = HYPERBOLA('',#9783,0.454963467216,1.25);
#9783 = AXIS2_PLACEMENT_3D('',#9784,#9785,#9786);
#9784 = CARTESIAN_POINT('',(21.917468245269,-10.625,16.299080372125));
#9785 = DIRECTION('',(0.866025403784,0.5,-4.440892098502E-16));
#9786 = DIRECTION('',(-4.326600975418E-29,8.881784197001E-16,1.));
#9787 = PCURVE('',#9414,#9788);
#9788 = DEFINITIONAL_REPRESENTATION('',(#9789),#9793);
#9789 = HYPERBOLA('',#9790,0.454963467216,1.25);
#9790 = AXIS2_PLACEMENT_2D('',#9791,#9792);
#9791 = CARTESIAN_POINT('',(0.721687836487,-9.700919627875));
#9792 = DIRECTION('',(-3.855557674268E-28,1.));
#9793 = ( GEOMETRIC_REPRESENTATION_CONTEXT(2) 
PARAMETRIC_REPRESENTATION_CONTEXT() REPRESENTATION_CONTEXT('2D SPACE',''
  ) );
#9794 = PCURVE('',#9599,#9795);
#9795 = DEFINITIONAL_REPRESENTATION('',(#9796),#9807);
#9796 = B_SPLINE_CURVE_WITH_KNOTS('',9,(#9797,#9798,#9799,#9800,#9801,
    #9802,#9803,#9804,#9805,#9806),.UNSPECIFIED.,.F.,.F.,(10,10),(
    -0.646774826402,0.646774826402),.PIECEWISE_BEZIER_KNOTS.);
#9797 = CARTESIAN_POINT('',(3.059300310349,0.553486946207));
#9798 = CARTESIAN_POINT('',(3.177443784917,0.508182821976));
#9799 = CARTESIAN_POINT('',(3.306465943706,0.475741663006));
#9800 = CARTESIAN_POINT('',(3.445131500524,0.454809791048));
#9801 = CARTESIAN_POINT('',(3.590846245704,0.444545975751));
#9802 = CARTESIAN_POINT('',(3.739536612662,0.444545975849));
#9803 = CARTESIAN_POINT('',(3.885251357871,0.454809791005));
#9804 = CARTESIAN_POINT('',(4.023916914684,0.475741663017));
#9805 = CARTESIAN_POINT('',(4.15293907346,0.508182821976));
#9806 = CARTESIAN_POINT('',(4.271082548028,0.553486946207));
#9807 = ( GEOMETRIC_REPRESENTATION_CONTEXT(2) 
PARAMETRIC_REPRESENTATION_CONTEXT() REPRESENTATION_CONTEXT('2D SPACE',''
  ) );
#9808 = ORIENTED_EDGE('',*,*,#9700,.F.);
#9809 = ADVANCED_FACE('',(#9810),#9450,.T.);
#9810 = FACE_BOUND('',#9811,.T.);
#9811 = EDGE_LOOP('',(#9812,#9813,#9836,#9865));
#9812 = ORIENTED_EDGE('',*,*,#9426,.T.);
#9813 = ORIENTED_EDGE('',*,*,#9814,.T.);
#9814 = EDGE_CURVE('',#9427,#9815,#9817,.T.);
#9815 = VERTEX_POINT('',#9816);
#9816 = CARTESIAN_POINT('',(23.721687836487,-11.25,16.824426932662));
#9817 = SURFACE_CURVE('',#9818,(#9822,#9829),.PCURVE_S1.);
#9818 = LINE('',#9819,#9820);
#9819 = CARTESIAN_POINT('',(23.721687836487,-11.25,26.));
#9820 = VECTOR('',#9821,1.);
#9821 = DIRECTION('',(0.,-8.881784197001E-16,-1.));
#9822 = PCURVE('',#9450,#9823);
#9823 = DEFINITIONAL_REPRESENTATION('',(#9824),#9828);
#9824 = LINE('',#9825,#9826);
#9825 = CARTESIAN_POINT('',(0.,0.));
#9826 = VECTOR('',#9827,1.);
#9827 = DIRECTION('',(-0.,-1.));
#9828 = ( GEOMETRIC_REPRESENTATION_CONTEXT(2) 
PARAMETRIC_REPRESENTATION_CONTEXT() REPRESENTATION_CONTEXT('2D SPACE',''
  ) );
#9829 = PCURVE('',#9486,#9830);
#9830 = DEFINITIONAL_REPRESENTATION('',(#9831),#9835);
#9831 = LINE('',#9832,#9833);
#9832 = CARTESIAN_POINT('',(1.443375672974,-1.110223024626E-15));
#9833 = VECTOR('',#9834,1.);
#9834 = DIRECTION('',(-3.855557674268E-28,-1.));
#9835 = ( GEOMETRIC_REPRESENTATION_CONTEXT(2) 
PARAMETRIC_REPRESENTATION_CONTEXT() REPRESENTATION_CONTEXT('2D SPACE',''
  ) );
#9836 = ORIENTED_EDGE('',*,*,#9837,.F.);
#9837 = EDGE_CURVE('',#9758,#9815,#9838,.T.);
#9838 = SURFACE_CURVE('',#9839,(#9844,#9851),.PCURVE_S1.);
#9839 = HYPERBOLA('',#9840,0.454963467216,1.25);
#9840 = AXIS2_PLACEMENT_3D('',#9841,#9842,#9843);
#9841 = CARTESIAN_POINT('',(23.,-11.25,16.299080372125));
#9842 = DIRECTION('',(0.,1.,-8.881784197001E-16));
#9843 = DIRECTION('',(0.,8.881784197001E-16,1.));
#9844 = PCURVE('',#9450,#9845);
#9845 = DEFINITIONAL_REPRESENTATION('',(#9846),#9850);
#9846 = HYPERBOLA('',#9847,0.454963467216,1.25);
#9847 = AXIS2_PLACEMENT_2D('',#9848,#9849);
#9848 = CARTESIAN_POINT('',(0.721687836487,-9.700919627875));
#9849 = DIRECTION('',(0.,1.));
#9850 = ( GEOMETRIC_REPRESENTATION_CONTEXT(2) 
PARAMETRIC_REPRESENTATION_CONTEXT() REPRESENTATION_CONTEXT('2D SPACE',''
  ) );
#9851 = PCURVE('',#9599,#9852);
#9852 = DEFINITIONAL_REPRESENTATION('',(#9853),#9864);
#9853 = B_SPLINE_CURVE_WITH_KNOTS('',9,(#9854,#9855,#9856,#9857,#9858,
    #9859,#9860,#9861,#9862,#9863),.UNSPECIFIED.,.F.,.F.,(10,10),(
    -0.646774826402,0.646774826402),.PIECEWISE_BEZIER_KNOTS.);
#9854 = CARTESIAN_POINT('',(4.106497861546,0.553486946207));
#9855 = CARTESIAN_POINT('',(4.224641336114,0.508182821976));
#9856 = CARTESIAN_POINT('',(4.353663494862,0.47574166301));
#9857 = CARTESIAN_POINT('',(4.492329051914,0.454809791019));
#9858 = CARTESIAN_POINT('',(4.638043796538,0.4445459758));
#9859 = CARTESIAN_POINT('',(4.786734164252,0.444545975797));
#9860 = CARTESIAN_POINT('',(4.932448908872,0.45480979102));
#9861 = CARTESIAN_POINT('',(5.071114465911,0.475741663012));
#9862 = CARTESIAN_POINT('',(5.200136624657,0.508182821976));
#9863 = CARTESIAN_POINT('',(5.318280099224,0.553486946207));
#9864 = ( GEOMETRIC_REPRESENTATION_CONTEXT(2) 
PARAMETRIC_REPRESENTATION_CONTEXT() REPRESENTATION_CONTEXT('2D SPACE',''
  ) );
#9865 = ORIENTED_EDGE('',*,*,#9757,.F.);
#9866 = ADVANCED_FACE('',(#9867),#9486,.T.);
#9867 = FACE_BOUND('',#9868,.T.);
#9868 = EDGE_LOOP('',(#9869,#9870,#9871,#9900));
#9869 = ORIENTED_EDGE('',*,*,#9462,.T.);
#9870 = ORIENTED_EDGE('',*,*,#9618,.T.);
#9871 = ORIENTED_EDGE('',*,*,#9872,.F.);
#9872 = EDGE_CURVE('',#9815,#9583,#9873,.T.);
#9873 = SURFACE_CURVE('',#9874,(#9879,#9886),.PCURVE_S1.);
#9874 = HYPERBOLA('',#9875,0.454963467216,1.25);
#9875 = AXIS2_PLACEMENT_3D('',#9876,#9877,#9878);
#9876 = CARTESIAN_POINT('',(24.082531754731,-10.625,16.299080372125));
#9877 = DIRECTION('',(-0.866025403784,0.5,-4.440892098502E-16));
#9878 = DIRECTION('',(4.326600975418E-29,8.881784197001E-16,1.));
#9879 = PCURVE('',#9486,#9880);
#9880 = DEFINITIONAL_REPRESENTATION('',(#9881),#9885);
#9881 = HYPERBOLA('',#9882,0.454963467216,1.25);
#9882 = AXIS2_PLACEMENT_2D('',#9883,#9884);
#9883 = CARTESIAN_POINT('',(0.721687836487,-9.700919627875));
#9884 = DIRECTION('',(3.855557674268E-28,1.));
#9885 = ( GEOMETRIC_REPRESENTATION_CONTEXT(2) 
PARAMETRIC_REPRESENTATION_CONTEXT() REPRESENTATION_CONTEXT('2D SPACE',''
  ) );
#9886 = PCURVE('',#9599,#9887);
#9887 = DEFINITIONAL_REPRESENTATION('',(#9888),#9899);
#9888 = B_SPLINE_CURVE_WITH_KNOTS('',9,(#9889,#9890,#9891,#9892,#9893,
    #9894,#9895,#9896,#9897,#9898),.UNSPECIFIED.,.F.,.F.,(10,10),(
    -0.549306144334,0.549306144334),.PIECEWISE_BEZIER_KNOTS.);
#9889 = CARTESIAN_POINT('',(5.235987755461,0.525346560117));
#9890 = CARTESIAN_POINT('',(5.341701803171,0.493282549805));
#9891 = CARTESIAN_POINT('',(5.454674574529,0.470025018557));
#9892 = CARTESIAN_POINT('',(5.573766372589,0.454882901438));
#9893 = CARTESIAN_POINT('',(5.697107220945,0.44741820425));
#9894 = CARTESIAN_POINT('',(5.822066016855,0.447418203479));
#9895 = CARTESIAN_POINT('',(5.94540644017,0.454882901961));
#9896 = CARTESIAN_POINT('',(6.064498545092,0.470025018627));
#9897 = CARTESIAN_POINT('',(6.177471289869,0.493282550051));
#9898 = CARTESIAN_POINT('',(6.28318530718,0.525346560537));
#9899 = ( GEOMETRIC_REPRESENTATION_CONTEXT(2) 
PARAMETRIC_REPRESENTATION_CONTEXT() REPRESENTATION_CONTEXT('2D SPACE',''
  ) );
#9900 = ORIENTED_EDGE('',*,*,#9814,.F.);
#9901 = ADVANCED_FACE('',(#9902),#9599,.F.);
#9902 = FACE_BOUND('',#9903,.F.);
#9903 = EDGE_LOOP('',(#9904,#9905,#9906,#9907,#9908,#9909,#9910,#9933));
#9904 = ORIENTED_EDGE('',*,*,#9872,.F.);
#9905 = ORIENTED_EDGE('',*,*,#9837,.F.);
#9906 = ORIENTED_EDGE('',*,*,#9780,.F.);
#9907 = ORIENTED_EDGE('',*,*,#9723,.F.);
#9908 = ORIENTED_EDGE('',*,*,#9666,.F.);
#9909 = ORIENTED_EDGE('',*,*,#9582,.F.);
#9910 = ORIENTED_EDGE('',*,*,#9911,.F.);
#9911 = EDGE_CURVE('',#9912,#9583,#9914,.T.);
#9912 = VERTEX_POINT('',#9913);
#9913 = CARTESIAN_POINT('',(23.,-10.,16.299080372125));
#9914 = SEAM_CURVE('',#9915,(#9919,#9926),.PCURVE_S1.);
#9915 = LINE('',#9916,#9917);
#9916 = CARTESIAN_POINT('',(23.,-10.,16.299080372125));
#9917 = VECTOR('',#9918,1.);
#9918 = DIRECTION('',(0.939692457849,3.797191350146E-16,0.342020590991)
  );
#9919 = PCURVE('',#9599,#9920);
#9920 = DEFINITIONAL_REPRESENTATION('',(#9921),#9925);
#9921 = LINE('',#9922,#9923);
#9922 = CARTESIAN_POINT('',(0.,0.));
#9923 = VECTOR('',#9924,1.);
#9924 = DIRECTION('',(-0.,1.));
#9925 = ( GEOMETRIC_REPRESENTATION_CONTEXT(2) 
PARAMETRIC_REPRESENTATION_CONTEXT() REPRESENTATION_CONTEXT('2D SPACE',''
  ) );
#9926 = PCURVE('',#9599,#9927);
#9927 = DEFINITIONAL_REPRESENTATION('',(#9928),#9932);
#9928 = LINE('',#9929,#9930);
#9929 = CARTESIAN_POINT('',(6.283185307179,0.));
#9930 = VECTOR('',#9931,1.);
#9931 = DIRECTION('',(-0.,1.));
#9932 = ( GEOMETRIC_REPRESENTATION_CONTEXT(2) 
PARAMETRIC_REPRESENTATION_CONTEXT() REPRESENTATION_CONTEXT('2D SPACE',''
  ) );
#9933 = ORIENTED_EDGE('',*,*,#9911,.T.);
#9934 = ( GEOMETRIC_REPRESENTATION_CONTEXT(3) 
GLOBAL_UNCERTAINTY_ASSIGNED_CONTEXT((#9938)) 
GLOBAL_UNIT_ASSIGNED_CONTEXT((#9935,#9936,#9937)) REPRESENTATION_CONTEXT
('Context #1','3D Context with UNIT and UNCERTAINTY') );
#9935 = ( LENGTH_UNIT() NAMED_UNIT(*) SI_UNIT(.MILLI.,.METRE.) );
#9936 = ( NAMED_UNIT(*) PLANE_ANGLE_UNIT() SI_UNIT($,.RADIAN.) );
#9937 = ( NAMED_UNIT(*) SI_UNIT($,.STERADIAN.) SOLID_ANGLE_UNIT() );
#9938 = UNCERTAINTY_MEASURE_WITH_UNIT(LENGTH_MEASURE(1.E-07),#9935,
  'distance_accuracy_value','confusion accuracy');
#9939 = CONTEXT_DEPENDENT_SHAPE_REPRESENTATION(#9940,#9942);
#9940 = ( REPRESENTATION_RELATIONSHIP('','',#8933,#10) 
REPRESENTATION_RELATIONSHIP_WITH_TRANSFORMATION(#9941) 
SHAPE_REPRESENTATION_RELATIONSHIP() );
#9941 = ITEM_DEFINED_TRANSFORMATION('','',#11,#91);
#9942 = PRODUCT_DEFINITION_SHAPE('Placement','Placement of an item',
  #9943);
#9943 = NEXT_ASSEMBLY_USAGE_OCCURRENCE('20',
  'source_locked_support_m3x12_fastener_1','',#5,#8928,$);
#9944 = PRODUCT_RELATED_PRODUCT_CATEGORY('part',$,(#8930));
#9945 = SHAPE_DEFINITION_REPRESENTATION(#9946,#9952);
#9946 = PRODUCT_DEFINITION_SHAPE('','',#9947);
#9947 = PRODUCT_DEFINITION('design','',#9948,#9951);
#9948 = PRODUCT_DEFINITION_FORMATION('','',#9949);
#9949 = PRODUCT('source_locked_support_m3x12_fastener_2',
  'source_locked_support_m3x12_fastener_2','',(#9950));
#9950 = PRODUCT_CONTEXT('',#2,'mechanical');
#9951 = PRODUCT_DEFINITION_CONTEXT('part definition',#2,'design');
#9952 = ADVANCED_BREP_SHAPE_REPRESENTATION('',(#11,#9953),#10953);
#9953 = MANIFOLD_SOLID_BREP('',#9954);
#9954 = CLOSED_SHELL('',(#9955,#10023,#10076,#10131,#10186,#10239,#10292
    ,#10296,#10331,#10573,#10657,#10714,#10771,#10828,#10885,#10920));
#9955 = ADVANCED_FACE('',(#9956,#9992),#9969,.T.);
#9956 = FACE_BOUND('',#9957,.T.);
#9957 = EDGE_LOOP('',(#9958));
#9958 = ORIENTED_EDGE('',*,*,#9959,.T.);
#9959 = EDGE_CURVE('',#9960,#9960,#9962,.T.);
#9960 = VERTEX_POINT('',#9961);
#9961 = CARTESIAN_POINT('',(49.65,-10.,16.));
#9962 = SURFACE_CURVE('',#9963,(#9968,#9980),.PCURVE_S1.);
#9963 = CIRCLE('',#9964,2.65);
#9964 = AXIS2_PLACEMENT_3D('',#9965,#9966,#9967);
#9965 = CARTESIAN_POINT('',(47.,-10.,16.));
#9966 = DIRECTION('',(-1.325926550505E-63,-4.440892098501E-16,-1.));
#9967 = DIRECTION('',(1.,-7.171462774736E-32,3.184769237102E-47));
#9968 = PCURVE('',#9969,#9974);
#9969 = PLANE('',#9970);
#9970 = AXIS2_PLACEMENT_3D('',#9971,#9972,#9973);
#9971 = CARTESIAN_POINT('',(47.,-10.,16.));
#9972 = DIRECTION('',(0.,-4.440892098501E-16,-1.));
#9973 = DIRECTION('',(1.,0.,0.));
#9974 = DEFINITIONAL_REPRESENTATION('',(#9975),#9979);
#9975 = CIRCLE('',#9976,2.65);
#9976 = AXIS2_PLACEMENT_2D('',#9977,#9978);
#9977 = CARTESIAN_POINT('',(0.,0.));
#9978 = DIRECTION('',(1.,7.171462774736E-32));
#9979 = ( GEOMETRIC_REPRESENTATION_CONTEXT(2) 
PARAMETRIC_REPRESENTATION_CONTEXT() REPRESENTATION_CONTEXT('2D SPACE',''
  ) );
#9980 = PCURVE('',#9981,#9986);
#9981 = CONICAL_SURFACE('',#9982,2.75,0.785398163397);
#9982 = AXIS2_PLACEMENT_3D('',#9983,#9984,#9985);
#9983 = CARTESIAN_POINT('',(47.,-10.,16.1));
#9984 = DIRECTION('',(0.,4.440892098501E-16,1.));
#9985 = DIRECTION('',(1.,-7.171462774736E-32,3.184769237102E-47));
#9986 = DEFINITIONAL_REPRESENTATION('',(#9987),#9991);
#9987 = LINE('',#9988,#9989);
#9988 = CARTESIAN_POINT('',(6.28318530718,-0.1));
#9989 = VECTOR('',#9990,1.);
#9990 = DIRECTION('',(-1.,0.));
#9991 = ( GEOMETRIC_REPRESENTATION_CONTEXT(2) 
PARAMETRIC_REPRESENTATION_CONTEXT() REPRESENTATION_CONTEXT('2D SPACE',''
  ) );
#9992 = FACE_BOUND('',#9993,.T.);
#9993 = EDGE_LOOP('',(#9994));
#9994 = ORIENTED_EDGE('',*,*,#9995,.F.);
#9995 = EDGE_CURVE('',#9996,#9996,#9998,.T.);
#9996 = VERTEX_POINT('',#9997);
#9997 = CARTESIAN_POINT('',(48.5,-10.,16.));
#9998 = SURFACE_CURVE('',#9999,(#10004,#10011),.PCURVE_S1.);
#9999 = CIRCLE('',#10000,1.5);
#10000 = AXIS2_PLACEMENT_3D('',#10001,#10002,#10003);
#10001 = CARTESIAN_POINT('',(47.,-10.,16.));
#10002 = DIRECTION('',(0.,-4.440892098501E-16,-1.));
#10003 = DIRECTION('',(1.,0.,0.));
#10004 = PCURVE('',#9969,#10005);
#10005 = DEFINITIONAL_REPRESENTATION('',(#10006),#10010);
#10006 = CIRCLE('',#10007,1.5);
#10007 = AXIS2_PLACEMENT_2D('',#10008,#10009);
#10008 = CARTESIAN_POINT('',(0.,0.));
#10009 = DIRECTION('',(1.,0.));
#10010 = ( GEOMETRIC_REPRESENTATION_CONTEXT(2) 
PARAMETRIC_REPRESENTATION_CONTEXT() REPRESENTATION_CONTEXT('2D SPACE',''
  ) );
#10011 = PCURVE('',#10012,#10017);
#10012 = CYLINDRICAL_SURFACE('',#10013,1.5);
#10013 = AXIS2_PLACEMENT_3D('',#10014,#10015,#10016);
#10014 = CARTESIAN_POINT('',(47.,-10.,16.));
#10015 = DIRECTION('',(0.,-4.440892098501E-16,-1.));
#10016 = DIRECTION('',(1.,0.,0.));
#10017 = DEFINITIONAL_REPRESENTATION('',(#10018),#10022);
#10018 = LINE('',#10019,#10020);
#10019 = CARTESIAN_POINT('',(0.,0.));
#10020 = VECTOR('',#10021,1.);
#10021 = DIRECTION('',(1.,0.));
#10022 = ( GEOMETRIC_REPRESENTATION_CONTEXT(2) 
PARAMETRIC_REPRESENTATION_CONTEXT() REPRESENTATION_CONTEXT('2D SPACE',''
  ) );
#10023 = ADVANCED_FACE('',(#10024),#9981,.T.);
#10024 = FACE_BOUND('',#10025,.T.);
#10025 = EDGE_LOOP('',(#10026,#10055,#10074,#10075));
#10026 = ORIENTED_EDGE('',*,*,#10027,.T.);
#10027 = EDGE_CURVE('',#10028,#10028,#10030,.T.);
#10028 = VERTEX_POINT('',#10029);
#10029 = CARTESIAN_POINT('',(49.75,-10.,16.1));
#10030 = SURFACE_CURVE('',#10031,(#10036,#10043),.PCURVE_S1.);
#10031 = CIRCLE('',#10032,2.75);
#10032 = AXIS2_PLACEMENT_3D('',#10033,#10034,#10035);
#10033 = CARTESIAN_POINT('',(47.,-10.,16.1));
#10034 = DIRECTION('',(-1.325926550505E-63,-4.440892098501E-16,-1.));
#10035 = DIRECTION('',(1.,-7.171462774736E-32,3.184769237102E-47));
#10036 = PCURVE('',#9981,#10037);
#10037 = DEFINITIONAL_REPRESENTATION('',(#10038),#10042);
#10038 = LINE('',#10039,#10040);
#10039 = CARTESIAN_POINT('',(6.28318530718,0.));
#10040 = VECTOR('',#10041,1.);
#10041 = DIRECTION('',(-1.,0.));
#10042 = ( GEOMETRIC_REPRESENTATION_CONTEXT(2) 
PARAMETRIC_REPRESENTATION_CONTEXT() REPRESENTATION_CONTEXT('2D SPACE',''
  ) );
#10043 = PCURVE('',#10044,#10049);
#10044 = CYLINDRICAL_SURFACE('',#10045,2.75);
#10045 = AXIS2_PLACEMENT_3D('',#10046,#10047,#10048);
#10046 = CARTESIAN_POINT('',(47.,-10.,19.));
#10047 = DIRECTION('',(0.,-4.440892098501E-16,-1.));
#10048 = DIRECTION('',(1.,2.422304781E-16,-1.07571941621E-31));
#10049 = DEFINITIONAL_REPRESENTATION('',(#10050),#10054);
#10050 = LINE('',#10051,#10052);
#10051 = CARTESIAN_POINT('',(2.422304781E-16,2.9));
#10052 = VECTOR('',#10053,1.);
#10053 = DIRECTION('',(1.,0.));
#10054 = ( GEOMETRIC_REPRESENTATION_CONTEXT(2) 
PARAMETRIC_REPRESENTATION_CONTEXT() REPRESENTATION_CONTEXT('2D SPACE',''
  ) );
#10055 = ORIENTED_EDGE('',*,*,#10056,.F.);
#10056 = EDGE_CURVE('',#9960,#10028,#10057,.T.);
#10057 = SEAM_CURVE('',#10058,(#10062,#10068),.PCURVE_S1.);
#10058 = LINE('',#10059,#10060);
#10059 = CARTESIAN_POINT('',(49.75,-10.,16.1));
#10060 = VECTOR('',#10061,1.);
#10061 = DIRECTION('',(0.707106781187,4.85301305411E-16,0.707106781187)
  );
#10062 = PCURVE('',#9981,#10063);
#10063 = DEFINITIONAL_REPRESENTATION('',(#10064),#10067);
#10064 = B_SPLINE_CURVE_WITH_KNOTS('',1,(#10065,#10066),.UNSPECIFIED.,
  .F.,.F.,(2,2),(-0.141421356237,0.),.PIECEWISE_BEZIER_KNOTS.);
#10065 = CARTESIAN_POINT('',(0.,-0.1));
#10066 = CARTESIAN_POINT('',(0.,0.));
#10067 = ( GEOMETRIC_REPRESENTATION_CONTEXT(2) 
PARAMETRIC_REPRESENTATION_CONTEXT() REPRESENTATION_CONTEXT('2D SPACE',''
  ) );
#10068 = PCURVE('',#9981,#10069);
#10069 = DEFINITIONAL_REPRESENTATION('',(#10070),#10073);
#10070 = B_SPLINE_CURVE_WITH_KNOTS('',1,(#10071,#10072),.UNSPECIFIED.,
  .F.,.F.,(2,2),(-0.141421356237,0.),.PIECEWISE_BEZIER_KNOTS.);
#10071 = CARTESIAN_POINT('',(6.283185307179,-0.1));
#10072 = CARTESIAN_POINT('',(6.283185307179,0.));
#10073 = ( GEOMETRIC_REPRESENTATION_CONTEXT(2) 
PARAMETRIC_REPRESENTATION_CONTEXT() REPRESENTATION_CONTEXT('2D SPACE',''
  ) );
#10074 = ORIENTED_EDGE('',*,*,#9959,.F.);
#10075 = ORIENTED_EDGE('',*,*,#10056,.T.);
#10076 = ADVANCED_FACE('',(#10077),#10012,.T.);
#10077 = FACE_BOUND('',#10078,.T.);
#10078 = EDGE_LOOP('',(#10079,#10102,#10103,#10104));
#10079 = ORIENTED_EDGE('',*,*,#10080,.F.);
#10080 = EDGE_CURVE('',#9996,#10081,#10083,.T.);
#10081 = VERTEX_POINT('',#10082);
#10082 = CARTESIAN_POINT('',(48.5,-10.,4.4));
#10083 = SEAM_CURVE('',#10084,(#10088,#10095),.PCURVE_S1.);
#10084 = LINE('',#10085,#10086);
#10085 = CARTESIAN_POINT('',(48.5,-10.,16.));
#10086 = VECTOR('',#10087,1.);
#10087 = DIRECTION('',(0.,-6.661338147751E-16,-1.));
#10088 = PCURVE('',#10012,#10089);
#10089 = DEFINITIONAL_REPRESENTATION('',(#10090),#10094);
#10090 = LINE('',#10091,#10092);
#10091 = CARTESIAN_POINT('',(0.,0.));
#10092 = VECTOR('',#10093,1.);
#10093 = DIRECTION('',(0.,1.));
#10094 = ( GEOMETRIC_REPRESENTATION_CONTEXT(2) 
PARAMETRIC_REPRESENTATION_CONTEXT() REPRESENTATION_CONTEXT('2D SPACE',''
  ) );
#10095 = PCURVE('',#10012,#10096);
#10096 = DEFINITIONAL_REPRESENTATION('',(#10097),#10101);
#10097 = LINE('',#10098,#10099);
#10098 = CARTESIAN_POINT('',(6.28318530718,0.));
#10099 = VECTOR('',#10100,1.);
#10100 = DIRECTION('',(0.,1.));
#10101 = ( GEOMETRIC_REPRESENTATION_CONTEXT(2) 
PARAMETRIC_REPRESENTATION_CONTEXT() REPRESENTATION_CONTEXT('2D SPACE',''
  ) );
#10102 = ORIENTED_EDGE('',*,*,#9995,.T.);
#10103 = ORIENTED_EDGE('',*,*,#10080,.T.);
#10104 = ORIENTED_EDGE('',*,*,#10105,.F.);
#10105 = EDGE_CURVE('',#10081,#10081,#10106,.T.);
#10106 = SURFACE_CURVE('',#10107,(#10112,#10119),.PCURVE_S1.);
#10107 = CIRCLE('',#10108,1.5);
#10108 = AXIS2_PLACEMENT_3D('',#10109,#10110,#10111);
#10109 = CARTESIAN_POINT('',(47.,-10.,4.4));
#10110 = DIRECTION('',(8.758115402966E-47,-4.440892098501E-16,-1.));
#10111 = DIRECTION('',(1.,-1.7763568394E-15,7.88860905221E-31));
#10112 = PCURVE('',#10012,#10113);
#10113 = DEFINITIONAL_REPRESENTATION('',(#10114),#10118);
#10114 = LINE('',#10115,#10116);
#10115 = CARTESIAN_POINT('',(1.7763568394E-15,11.6));
#10116 = VECTOR('',#10117,1.);
#10117 = DIRECTION('',(1.,0.));
#10118 = ( GEOMETRIC_REPRESENTATION_CONTEXT(2) 
PARAMETRIC_REPRESENTATION_CONTEXT() REPRESENTATION_CONTEXT('2D SPACE',''
  ) );
#10119 = PCURVE('',#10120,#10125);
#10120 = CONICAL_SURFACE('',#10121,1.5,0.785398163397);
#10121 = AXIS2_PLACEMENT_3D('',#10122,#10123,#10124);
#10122 = CARTESIAN_POINT('',(47.,-10.,4.4));
#10123 = DIRECTION('',(-8.75811540203E-47,4.440892098501E-16,1.));
#10124 = DIRECTION('',(1.,-1.7763568394E-15,7.88860905221E-31));
#10125 = DEFINITIONAL_REPRESENTATION('',(#10126),#10130);
#10126 = LINE('',#10127,#10128);
#10127 = CARTESIAN_POINT('',(6.28318530718,0.));
#10128 = VECTOR('',#10129,1.);
#10129 = DIRECTION('',(-1.,0.));
#10130 = ( GEOMETRIC_REPRESENTATION_CONTEXT(2) 
PARAMETRIC_REPRESENTATION_CONTEXT() REPRESENTATION_CONTEXT('2D SPACE',''
  ) );
#10131 = ADVANCED_FACE('',(#10132),#10044,.T.);
#10132 = FACE_BOUND('',#10133,.T.);
#10133 = EDGE_LOOP('',(#10134,#10157,#10184,#10185));
#10134 = ORIENTED_EDGE('',*,*,#10135,.F.);
#10135 = EDGE_CURVE('',#10136,#10028,#10138,.T.);
#10136 = VERTEX_POINT('',#10137);
#10137 = CARTESIAN_POINT('',(49.75,-10.,18.9));
#10138 = SEAM_CURVE('',#10139,(#10143,#10150),.PCURVE_S1.);
#10139 = LINE('',#10140,#10141);
#10140 = CARTESIAN_POINT('',(49.75,-10.,19.));
#10141 = VECTOR('',#10142,1.);
#10142 = DIRECTION('',(0.,-6.661338147751E-16,-1.));
#10143 = PCURVE('',#10044,#10144);
#10144 = DEFINITIONAL_REPRESENTATION('',(#10145),#10149);
#10145 = LINE('',#10146,#10147);
#10146 = CARTESIAN_POINT('',(0.,0.));
#10147 = VECTOR('',#10148,1.);
#10148 = DIRECTION('',(0.,1.));
#10149 = ( GEOMETRIC_REPRESENTATION_CONTEXT(2) 
PARAMETRIC_REPRESENTATION_CONTEXT() REPRESENTATION_CONTEXT('2D SPACE',''
  ) );
#10150 = PCURVE('',#10044,#10151);
#10151 = DEFINITIONAL_REPRESENTATION('',(#10152),#10156);
#10152 = LINE('',#10153,#10154);
#10153 = CARTESIAN_POINT('',(6.28318530718,0.));
#10154 = VECTOR('',#10155,1.);
#10155 = DIRECTION('',(0.,1.));
#10156 = ( GEOMETRIC_REPRESENTATION_CONTEXT(2) 
PARAMETRIC_REPRESENTATION_CONTEXT() REPRESENTATION_CONTEXT('2D SPACE',''
  ) );
#10157 = ORIENTED_EDGE('',*,*,#10158,.T.);
#10158 = EDGE_CURVE('',#10136,#10136,#10159,.T.);
#10159 = SURFACE_CURVE('',#10160,(#10165,#10172),.PCURVE_S1.);
#10160 = CIRCLE('',#10161,2.75);
#10161 = AXIS2_PLACEMENT_3D('',#10162,#10163,#10164);
#10162 = CARTESIAN_POINT('',(47.,-10.,18.9));
#10163 = DIRECTION('',(9.952403864668E-48,-4.440892098501E-16,-1.));
#10164 = DIRECTION('',(1.,2.422304781E-16,-1.07571941621E-31));
#10165 = PCURVE('',#10044,#10166);
#10166 = DEFINITIONAL_REPRESENTATION('',(#10167),#10171);
#10167 = LINE('',#10168,#10169);
#10168 = CARTESIAN_POINT('',(1.434292554947E-31,0.1));
#10169 = VECTOR('',#10170,1.);
#10170 = DIRECTION('',(1.,0.));
#10171 = ( GEOMETRIC_REPRESENTATION_CONTEXT(2) 
PARAMETRIC_REPRESENTATION_CONTEXT() REPRESENTATION_CONTEXT('2D SPACE',''
  ) );
#10172 = PCURVE('',#10173,#10178);
#10173 = CONICAL_SURFACE('',#10174,2.75,0.785398163397);
#10174 = AXIS2_PLACEMENT_3D('',#10175,#10176,#10177);
#10175 = CARTESIAN_POINT('',(47.,-10.,18.9));
#10176 = DIRECTION('',(-0.,-4.440892098501E-16,-1.));
#10177 = DIRECTION('',(1.,2.422304781E-16,-1.07571941621E-31));
#10178 = DEFINITIONAL_REPRESENTATION('',(#10179),#10183);
#10179 = LINE('',#10180,#10181);
#10180 = CARTESIAN_POINT('',(0.,0.));
#10181 = VECTOR('',#10182,1.);
#10182 = DIRECTION('',(1.,-0.));
#10183 = ( GEOMETRIC_REPRESENTATION_CONTEXT(2) 
PARAMETRIC_REPRESENTATION_CONTEXT() REPRESENTATION_CONTEXT('2D SPACE',''
  ) );
#10184 = ORIENTED_EDGE('',*,*,#10135,.T.);
#10185 = ORIENTED_EDGE('',*,*,#10027,.F.);
#10186 = ADVANCED_FACE('',(#10187),#10120,.T.);
#10187 = FACE_BOUND('',#10188,.T.);
#10188 = EDGE_LOOP('',(#10189,#10210,#10211,#10212));
#10189 = ORIENTED_EDGE('',*,*,#10190,.F.);
#10190 = EDGE_CURVE('',#10081,#10191,#10193,.T.);
#10191 = VERTEX_POINT('',#10192);
#10192 = CARTESIAN_POINT('',(48.1,-10.,4.));
#10193 = SEAM_CURVE('',#10194,(#10198,#10204),.PCURVE_S1.);
#10194 = LINE('',#10195,#10196);
#10195 = CARTESIAN_POINT('',(48.5,-10.,4.4));
#10196 = VECTOR('',#10197,1.);
#10197 = DIRECTION('',(-0.707106781187,-3.140184917366E-16,
    -0.707106781187));
#10198 = PCURVE('',#10120,#10199);
#10199 = DEFINITIONAL_REPRESENTATION('',(#10200),#10203);
#10200 = B_SPLINE_CURVE_WITH_KNOTS('',1,(#10201,#10202),.UNSPECIFIED.,
  .F.,.F.,(2,2),(0.,0.565685424949),.PIECEWISE_BEZIER_KNOTS.);
#10201 = CARTESIAN_POINT('',(6.28318530718,0.));
#10202 = CARTESIAN_POINT('',(6.28318530718,-0.4));
#10203 = ( GEOMETRIC_REPRESENTATION_CONTEXT(2) 
PARAMETRIC_REPRESENTATION_CONTEXT() REPRESENTATION_CONTEXT('2D SPACE',''
  ) );
#10204 = PCURVE('',#10120,#10205);
#10205 = DEFINITIONAL_REPRESENTATION('',(#10206),#10209);
#10206 = B_SPLINE_CURVE_WITH_KNOTS('',1,(#10207,#10208),.UNSPECIFIED.,
  .F.,.F.,(2,2),(0.,0.565685424949),.PIECEWISE_BEZIER_KNOTS.);
#10207 = CARTESIAN_POINT('',(-4.138911435803E-13,0.));
#10208 = CARTESIAN_POINT('',(-4.138911435803E-13,-0.4));
#10209 = ( GEOMETRIC_REPRESENTATION_CONTEXT(2) 
PARAMETRIC_REPRESENTATION_CONTEXT() REPRESENTATION_CONTEXT('2D SPACE',''
  ) );
#10210 = ORIENTED_EDGE('',*,*,#10105,.T.);
#10211 = ORIENTED_EDGE('',*,*,#10190,.T.);
#10212 = ORIENTED_EDGE('',*,*,#10213,.F.);
#10213 = EDGE_CURVE('',#10191,#10191,#10214,.T.);
#10214 = SURFACE_CURVE('',#10215,(#10220,#10227),.PCURVE_S1.);
#10215 = CIRCLE('',#10216,1.1);
#10216 = AXIS2_PLACEMENT_3D('',#10217,#10218,#10219);
#10217 = CARTESIAN_POINT('',(47.,-10.,4.));
#10218 = DIRECTION('',(8.758115402966E-47,-4.440892098501E-16,-1.));
#10219 = DIRECTION('',(1.,-1.7763568394E-15,7.88860905221E-31));
#10220 = PCURVE('',#10120,#10221);
#10221 = DEFINITIONAL_REPRESENTATION('',(#10222),#10226);
#10222 = LINE('',#10223,#10224);
#10223 = CARTESIAN_POINT('',(6.28318530718,-0.4));
#10224 = VECTOR('',#10225,1.);
#10225 = DIRECTION('',(-1.,0.));
#10226 = ( GEOMETRIC_REPRESENTATION_CONTEXT(2) 
PARAMETRIC_REPRESENTATION_CONTEXT() REPRESENTATION_CONTEXT('2D SPACE',''
  ) );
#10227 = PCURVE('',#10228,#10233);
#10228 = PLANE('',#10229);
#10229 = AXIS2_PLACEMENT_3D('',#10230,#10231,#10232);
#10230 = CARTESIAN_POINT('',(47.,-10.,4.));
#10231 = DIRECTION('',(0.,-4.440892098501E-16,-1.));
#10232 = DIRECTION('',(1.,-1.7763568394E-15,7.88860905221E-31));
#10233 = DEFINITIONAL_REPRESENTATION('',(#10234),#10238);
#10234 = CIRCLE('',#10235,1.1);
#10235 = AXIS2_PLACEMENT_2D('',#10236,#10237);
#10236 = CARTESIAN_POINT('',(0.,0.));
#10237 = DIRECTION('',(1.,3.503246160812E-46));
#10238 = ( GEOMETRIC_REPRESENTATION_CONTEXT(2) 
PARAMETRIC_REPRESENTATION_CONTEXT() REPRESENTATION_CONTEXT('2D SPACE',''
  ) );
#10239 = ADVANCED_FACE('',(#10240),#10173,.T.);
#10240 = FACE_BOUND('',#10241,.T.);
#10241 = EDGE_LOOP('',(#10242,#10271,#10290,#10291));
#10242 = ORIENTED_EDGE('',*,*,#10243,.T.);
#10243 = EDGE_CURVE('',#10244,#10244,#10246,.T.);
#10244 = VERTEX_POINT('',#10245);
#10245 = CARTESIAN_POINT('',(49.65,-10.,19.));
#10246 = SURFACE_CURVE('',#10247,(#10252,#10259),.PCURVE_S1.);
#10247 = CIRCLE('',#10248,2.65);
#10248 = AXIS2_PLACEMENT_3D('',#10249,#10250,#10251);
#10249 = CARTESIAN_POINT('',(47.,-10.,19.));
#10250 = DIRECTION('',(9.952403864668E-48,-4.440892098501E-16,-1.));
#10251 = DIRECTION('',(1.,2.422304781E-16,-1.07571941621E-31));
#10252 = PCURVE('',#10173,#10253);
#10253 = DEFINITIONAL_REPRESENTATION('',(#10254),#10258);
#10254 = LINE('',#10255,#10256);
#10255 = CARTESIAN_POINT('',(0.,-0.1));
#10256 = VECTOR('',#10257,1.);
#10257 = DIRECTION('',(1.,-0.));
#10258 = ( GEOMETRIC_REPRESENTATION_CONTEXT(2) 
PARAMETRIC_REPRESENTATION_CONTEXT() REPRESENTATION_CONTEXT('2D SPACE',''
  ) );
#10259 = PCURVE('',#10260,#10265);
#10260 = PLANE('',#10261);
#10261 = AXIS2_PLACEMENT_3D('',#10262,#10263,#10264);
#10262 = CARTESIAN_POINT('',(47.,-10.,19.));
#10263 = DIRECTION('',(0.,-4.440892098501E-16,-1.));
#10264 = DIRECTION('',(1.,4.594026308794E-16,-2.040157513503E-31));
#10265 = DEFINITIONAL_REPRESENTATION('',(#10266),#10270);
#10266 = CIRCLE('',#10267,2.65);
#10267 = AXIS2_PLACEMENT_2D('',#10268,#10269);
#10268 = CARTESIAN_POINT('',(0.,0.));
#10269 = DIRECTION('',(1.,2.171721527794E-16));
#10270 = ( GEOMETRIC_REPRESENTATION_CONTEXT(2) 
PARAMETRIC_REPRESENTATION_CONTEXT() REPRESENTATION_CONTEXT('2D SPACE',''
  ) );
#10271 = ORIENTED_EDGE('',*,*,#10272,.F.);
#10272 = EDGE_CURVE('',#10136,#10244,#10273,.T.);
#10273 = SEAM_CURVE('',#10274,(#10278,#10284),.PCURVE_S1.);
#10274 = LINE('',#10275,#10276);
#10275 = CARTESIAN_POINT('',(49.75,-10.,18.9));
#10276 = VECTOR('',#10277,1.);
#10277 = DIRECTION('',(-0.707106781187,1.427356780621E-16,0.707106781187
    ));
#10278 = PCURVE('',#10173,#10279);
#10279 = DEFINITIONAL_REPRESENTATION('',(#10280),#10283);
#10280 = B_SPLINE_CURVE_WITH_KNOTS('',1,(#10281,#10282),.UNSPECIFIED.,
  .F.,.F.,(2,2),(0.,0.141421356237),.PIECEWISE_BEZIER_KNOTS.);
#10281 = CARTESIAN_POINT('',(6.28318530718,0.));
#10282 = CARTESIAN_POINT('',(6.28318530718,-0.1));
#10283 = ( GEOMETRIC_REPRESENTATION_CONTEXT(2) 
PARAMETRIC_REPRESENTATION_CONTEXT() REPRESENTATION_CONTEXT('2D SPACE',''
  ) );
#10284 = PCURVE('',#10173,#10285);
#10285 = DEFINITIONAL_REPRESENTATION('',(#10286),#10289);
#10286 = B_SPLINE_CURVE_WITH_KNOTS('',1,(#10287,#10288),.UNSPECIFIED.,
  .F.,.F.,(2,2),(0.,0.141421356237),.PIECEWISE_BEZIER_KNOTS.);
#10287 = CARTESIAN_POINT('',(4.138911435803E-13,0.));
#10288 = CARTESIAN_POINT('',(4.138911435803E-13,-0.1));
#10289 = ( GEOMETRIC_REPRESENTATION_CONTEXT(2) 
PARAMETRIC_REPRESENTATION_CONTEXT() REPRESENTATION_CONTEXT('2D SPACE',''
  ) );
#10290 = ORIENTED_EDGE('',*,*,#10158,.F.);
#10291 = ORIENTED_EDGE('',*,*,#10272,.T.);
#10292 = ADVANCED_FACE('',(#10293),#10228,.T.);
#10293 = FACE_BOUND('',#10294,.T.);
#10294 = EDGE_LOOP('',(#10295));
#10295 = ORIENTED_EDGE('',*,*,#10213,.T.);
#10296 = ADVANCED_FACE('',(#10297,#10300),#10260,.F.);
#10297 = FACE_BOUND('',#10298,.T.);
#10298 = EDGE_LOOP('',(#10299));
#10299 = ORIENTED_EDGE('',*,*,#10243,.F.);
#10300 = FACE_BOUND('',#10301,.T.);
#10301 = EDGE_LOOP('',(#10302));
#10302 = ORIENTED_EDGE('',*,*,#10303,.T.);
#10303 = EDGE_CURVE('',#10304,#10304,#10306,.T.);
#10304 = VERTEX_POINT('',#10305);
#10305 = CARTESIAN_POINT('',(48.45,-10.,19.));
#10306 = SURFACE_CURVE('',#10307,(#10312,#10319),.PCURVE_S1.);
#10307 = CIRCLE('',#10308,1.45);
#10308 = AXIS2_PLACEMENT_3D('',#10309,#10310,#10311);
#10309 = CARTESIAN_POINT('',(47.,-10.,19.));
#10310 = DIRECTION('',(3.020039794733E-48,-4.440892098501E-16,-1.));
#10311 = DIRECTION('',(1.,4.594026308794E-16,-2.040157513503E-31));
#10312 = PCURVE('',#10260,#10313);
#10313 = DEFINITIONAL_REPRESENTATION('',(#10314),#10318);
#10314 = CIRCLE('',#10315,1.45);
#10315 = AXIS2_PLACEMENT_2D('',#10316,#10317);
#10316 = CARTESIAN_POINT('',(0.,0.));
#10317 = DIRECTION('',(1.,-9.060119381412E-47));
#10318 = ( GEOMETRIC_REPRESENTATION_CONTEXT(2) 
PARAMETRIC_REPRESENTATION_CONTEXT() REPRESENTATION_CONTEXT('2D SPACE',''
  ) );
#10319 = PCURVE('',#10320,#10325);
#10320 = CONICAL_SURFACE('',#10321,3.441688219857E-16,0.785397673207);
#10321 = AXIS2_PLACEMENT_3D('',#10322,#10323,#10324);
#10322 = CARTESIAN_POINT('',(47.,-10.,17.549998578447));
#10323 = DIRECTION('',(0.,4.440892098501E-16,1.));
#10324 = DIRECTION('',(1.,7.087732770012E-16,-3.147585645463E-31));
#10325 = DEFINITIONAL_REPRESENTATION('',(#10326),#10330);
#10326 = LINE('',#10327,#10328);
#10327 = CARTESIAN_POINT('',(6.28318530718,1.450001421553));
#10328 = VECTOR('',#10329,1.);
#10329 = DIRECTION('',(-1.,0.));
#10330 = ( GEOMETRIC_REPRESENTATION_CONTEXT(2) 
PARAMETRIC_REPRESENTATION_CONTEXT() REPRESENTATION_CONTEXT('2D SPACE',''
  ) );
#10331 = ADVANCED_FACE('',(#10332),#10320,.F.);
#10332 = FACE_BOUND('',#10333,.F.);
#10333 = EDGE_LOOP('',(#10334,#10372,#10408,#10444,#10480,#10516,#10537,
    #10538,#10539));
#10334 = ORIENTED_EDGE('',*,*,#10335,.T.);
#10335 = EDGE_CURVE('',#10336,#10338,#10340,.T.);
#10336 = VERTEX_POINT('',#10337);
#10337 = CARTESIAN_POINT('',(47.721687836487,-8.75,18.99337566648));
#10338 = VERTEX_POINT('',#10339);
#10339 = CARTESIAN_POINT('',(46.278312163513,-8.75,18.99337566648));
#10340 = SURFACE_CURVE('',#10341,(#10346,#10360),.PCURVE_S1.);
#10341 = HYPERBOLA('',#10342,1.250001225477,1.25);
#10342 = AXIS2_PLACEMENT_3D('',#10343,#10344,#10345);
#10343 = CARTESIAN_POINT('',(47.,-8.75,17.549998578447));
#10344 = DIRECTION('',(0.,-1.,8.881784197001E-16));
#10345 = DIRECTION('',(0.,8.881784197001E-16,1.));
#10346 = PCURVE('',#10320,#10347);
#10347 = DEFINITIONAL_REPRESENTATION('',(#10348),#10359);
#10348 = B_SPLINE_CURVE_WITH_KNOTS('',9,(#10349,#10350,#10351,#10352,
    #10353,#10354,#10355,#10356,#10357,#10358),.UNSPECIFIED.,.F.,.F.,(10
    ,10),(-0.55840221658,0.55840221658),.PIECEWISE_BEZIER_KNOTS.);
#10349 = CARTESIAN_POINT('',(1.039338088856,1.450001421553));
#10350 = CARTESIAN_POINT('',(1.14631169429,1.358814631639));
#10351 = CARTESIAN_POINT('',(1.260853407593,1.292746139178));
#10352 = CARTESIAN_POINT('',(1.381805677021,1.249764999553));
#10353 = CARTESIAN_POINT('',(1.507225448684,1.228586187652));
#10354 = CARTESIAN_POINT('',(1.634367205213,1.228586187641));
#10355 = CARTESIAN_POINT('',(1.759786976592,1.249764999566));
#10356 = CARTESIAN_POINT('',(1.88073924602,1.292746139175));
#10357 = CARTESIAN_POINT('',(1.995280959301,1.358814631639));
#10358 = CARTESIAN_POINT('',(2.102254564734,1.450001421553));
#10359 = ( GEOMETRIC_REPRESENTATION_CONTEXT(2) 
PARAMETRIC_REPRESENTATION_CONTEXT() REPRESENTATION_CONTEXT('2D SPACE',''
  ) );
#10360 = PCURVE('',#10361,#10366);
#10361 = PLANE('',#10362);
#10362 = AXIS2_PLACEMENT_3D('',#10363,#10364,#10365);
#10363 = CARTESIAN_POINT('',(46.278312163513,-8.75,26.));
#10364 = DIRECTION('',(0.,-1.,8.881784197001E-16));
#10365 = DIRECTION('',(1.,0.,0.));
#10366 = DEFINITIONAL_REPRESENTATION('',(#10367),#10371);
#10367 = HYPERBOLA('',#10368,1.250001225477,1.25);
#10368 = AXIS2_PLACEMENT_2D('',#10369,#10370);
#10369 = CARTESIAN_POINT('',(0.721687836487,-8.450001421553));
#10370 = DIRECTION('',(0.,1.));
#10371 = ( GEOMETRIC_REPRESENTATION_CONTEXT(2) 
PARAMETRIC_REPRESENTATION_CONTEXT() REPRESENTATION_CONTEXT('2D SPACE',''
  ) );
#10372 = ORIENTED_EDGE('',*,*,#10373,.T.);
#10373 = EDGE_CURVE('',#10338,#10374,#10376,.T.);
#10374 = VERTEX_POINT('',#10375);
#10375 = CARTESIAN_POINT('',(45.556624327026,-10.,18.99337566648));
#10376 = SURFACE_CURVE('',#10377,(#10382,#10396),.PCURVE_S1.);
#10377 = HYPERBOLA('',#10378,1.250001225476,1.25);
#10378 = AXIS2_PLACEMENT_3D('',#10379,#10380,#10381);
#10379 = CARTESIAN_POINT('',(45.917468245269,-9.375,17.549998578447));
#10380 = DIRECTION('',(0.866025403784,-0.5,4.440892098502E-16));
#10381 = DIRECTION('',(-1.922962686384E-16,5.551115123126E-16,1.));
#10382 = PCURVE('',#10320,#10383);
#10383 = DEFINITIONAL_REPRESENTATION('',(#10384),#10395);
#10384 = B_SPLINE_CURVE_WITH_KNOTS('',9,(#10385,#10386,#10387,#10388,
    #10389,#10390,#10391,#10392,#10393,#10394),.UNSPECIFIED.,.F.,.F.,(10
    ,10),(-0.55840221658,0.55840221658),.PIECEWISE_BEZIER_KNOTS.);
#10385 = CARTESIAN_POINT('',(2.086535640053,1.450001421553));
#10386 = CARTESIAN_POINT('',(2.193509245487,1.358814631639));
#10387 = CARTESIAN_POINT('',(2.308050958801,1.292746139173));
#10388 = CARTESIAN_POINT('',(2.429003228284,1.249764999556));
#10389 = CARTESIAN_POINT('',(2.554422999772,1.228586187652));
#10390 = CARTESIAN_POINT('',(2.681564756258,1.228586187631));
#10391 = CARTESIAN_POINT('',(2.806984527724,1.249764999556));
#10392 = CARTESIAN_POINT('',(2.927936797201,1.292746139174));
#10393 = CARTESIAN_POINT('',(3.042478510497,1.358814631639));
#10394 = CARTESIAN_POINT('',(3.149452115931,1.450001421553));
#10395 = ( GEOMETRIC_REPRESENTATION_CONTEXT(2) 
PARAMETRIC_REPRESENTATION_CONTEXT() REPRESENTATION_CONTEXT('2D SPACE',''
  ) );
#10396 = PCURVE('',#10397,#10402);
#10397 = PLANE('',#10398);
#10398 = AXIS2_PLACEMENT_3D('',#10399,#10400,#10401);
#10399 = CARTESIAN_POINT('',(45.556624327026,-10.,26.));
#10400 = DIRECTION('',(0.866025403784,-0.5,4.440892098502E-16));
#10401 = DIRECTION('',(0.5,0.866025403784,-7.691850745537E-16));
#10402 = DEFINITIONAL_REPRESENTATION('',(#10403),#10407);
#10403 = HYPERBOLA('',#10404,1.250001225476,1.25);
#10404 = AXIS2_PLACEMENT_2D('',#10405,#10406);
#10405 = CARTESIAN_POINT('',(0.721687836487,-8.450001421553));
#10406 = DIRECTION('',(-3.845925372771E-16,1.));
#10407 = ( GEOMETRIC_REPRESENTATION_CONTEXT(2) 
PARAMETRIC_REPRESENTATION_CONTEXT() REPRESENTATION_CONTEXT('2D SPACE',''
  ) );
#10408 = ORIENTED_EDGE('',*,*,#10409,.T.);
#10409 = EDGE_CURVE('',#10374,#10410,#10412,.T.);
#10410 = VERTEX_POINT('',#10411);
#10411 = CARTESIAN_POINT('',(46.278312163513,-11.25,18.99337566648));
#10412 = SURFACE_CURVE('',#10413,(#10418,#10432),.PCURVE_S1.);
#10413 = HYPERBOLA('',#10414,1.250001225476,1.25);
#10414 = AXIS2_PLACEMENT_3D('',#10415,#10416,#10417);
#10415 = CARTESIAN_POINT('',(45.917468245269,-10.625,17.549998578447));
#10416 = DIRECTION('',(0.866025403784,0.5,-4.440892098502E-16));
#10417 = DIRECTION('',(1.922962686384E-16,5.551115123126E-16,1.));
#10418 = PCURVE('',#10320,#10419);
#10419 = DEFINITIONAL_REPRESENTATION('',(#10420),#10431);
#10420 = B_SPLINE_CURVE_WITH_KNOTS('',9,(#10421,#10422,#10423,#10424,
    #10425,#10426,#10427,#10428,#10429,#10430),.UNSPECIFIED.,.F.,.F.,(10
    ,10),(-0.55840221658,0.55840221658),.PIECEWISE_BEZIER_KNOTS.);
#10421 = CARTESIAN_POINT('',(3.13373319125,1.450001421553));
#10422 = CARTESIAN_POINT('',(3.240706796683,1.358814631639));
#10423 = CARTESIAN_POINT('',(3.355248509956,1.292746139178));
#10424 = CARTESIAN_POINT('',(3.476200779601,1.249764999535));
#10425 = CARTESIAN_POINT('',(3.601620550686,1.228586187631));
#10426 = CARTESIAN_POINT('',(3.728762307746,1.228586187605));
#10427 = CARTESIAN_POINT('',(3.854182078834,1.249764999568));
#10428 = CARTESIAN_POINT('',(3.975134348416,1.292746139174));
#10429 = CARTESIAN_POINT('',(4.089676061694,1.358814631639));
#10430 = CARTESIAN_POINT('',(4.196649667127,1.450001421553));
#10431 = ( GEOMETRIC_REPRESENTATION_CONTEXT(2) 
PARAMETRIC_REPRESENTATION_CONTEXT() REPRESENTATION_CONTEXT('2D SPACE',''
  ) );
#10432 = PCURVE('',#10433,#10438);
#10433 = PLANE('',#10434);
#10434 = AXIS2_PLACEMENT_3D('',#10435,#10436,#10437);
#10435 = CARTESIAN_POINT('',(46.278312163513,-11.25,26.));
#10436 = DIRECTION('',(0.866025403784,0.5,-4.440892098502E-16));
#10437 = DIRECTION('',(-0.5,0.866025403784,-7.691850745537E-16));
#10438 = DEFINITIONAL_REPRESENTATION('',(#10439),#10443);
#10439 = HYPERBOLA('',#10440,1.250001225476,1.25);
#10440 = AXIS2_PLACEMENT_2D('',#10441,#10442);
#10441 = CARTESIAN_POINT('',(0.721687836487,-8.450001421553));
#10442 = DIRECTION('',(-3.845925372771E-16,1.));
#10443 = ( GEOMETRIC_REPRESENTATION_CONTEXT(2) 
PARAMETRIC_REPRESENTATION_CONTEXT() REPRESENTATION_CONTEXT('2D SPACE',''
  ) );
#10444 = ORIENTED_EDGE('',*,*,#10445,.T.);
#10445 = EDGE_CURVE('',#10410,#10446,#10448,.T.);
#10446 = VERTEX_POINT('',#10447);
#10447 = CARTESIAN_POINT('',(47.721687836487,-11.25,18.99337566648));
#10448 = SURFACE_CURVE('',#10449,(#10454,#10468),.PCURVE_S1.);
#10449 = HYPERBOLA('',#10450,1.250001225477,1.25);
#10450 = AXIS2_PLACEMENT_3D('',#10451,#10452,#10453);
#10451 = CARTESIAN_POINT('',(47.,-11.25,17.549998578447));
#10452 = DIRECTION('',(0.,1.,-8.881784197001E-16));
#10453 = DIRECTION('',(0.,8.881784197001E-16,1.));
#10454 = PCURVE('',#10320,#10455);
#10455 = DEFINITIONAL_REPRESENTATION('',(#10456),#10467);
#10456 = B_SPLINE_CURVE_WITH_KNOTS('',9,(#10457,#10458,#10459,#10460,
    #10461,#10462,#10463,#10464,#10465,#10466),.UNSPECIFIED.,.F.,.F.,(10
    ,10),(-0.55840221658,0.55840221658),.PIECEWISE_BEZIER_KNOTS.);
#10457 = CARTESIAN_POINT('',(4.180930742446,1.450001421553));
#10458 = CARTESIAN_POINT('',(4.28790434788,1.358814631639));
#10459 = CARTESIAN_POINT('',(4.402446061171,1.292746139185));
#10460 = CARTESIAN_POINT('',(4.523398330715,1.249764999532));
#10461 = CARTESIAN_POINT('',(4.64881810197,1.228586187698));
#10462 = CARTESIAN_POINT('',(4.775959858863,1.228586187538));
#10463 = CARTESIAN_POINT('',(4.901379630038,1.249764999589));
#10464 = CARTESIAN_POINT('',(5.022331899606,1.292746139172));
#10465 = CARTESIAN_POINT('',(5.13687361289,1.358814631639));
#10466 = CARTESIAN_POINT('',(5.243847218324,1.450001421553));
#10467 = ( GEOMETRIC_REPRESENTATION_CONTEXT(2) 
PARAMETRIC_REPRESENTATION_CONTEXT() REPRESENTATION_CONTEXT('2D SPACE',''
  ) );
#10468 = PCURVE('',#10469,#10474);
#10469 = PLANE('',#10470);
#10470 = AXIS2_PLACEMENT_3D('',#10471,#10472,#10473);
#10471 = CARTESIAN_POINT('',(47.721687836487,-11.25,26.));
#10472 = DIRECTION('',(-0.,1.,-8.881784197001E-16));
#10473 = DIRECTION('',(-1.,0.,0.));
#10474 = DEFINITIONAL_REPRESENTATION('',(#10475),#10479);
#10475 = HYPERBOLA('',#10476,1.250001225477,1.25);
#10476 = AXIS2_PLACEMENT_2D('',#10477,#10478);
#10477 = CARTESIAN_POINT('',(0.721687836487,-8.450001421553));
#10478 = DIRECTION('',(0.,1.));
#10479 = ( GEOMETRIC_REPRESENTATION_CONTEXT(2) 
PARAMETRIC_REPRESENTATION_CONTEXT() REPRESENTATION_CONTEXT('2D SPACE',''
  ) );
#10480 = ORIENTED_EDGE('',*,*,#10481,.T.);
#10481 = EDGE_CURVE('',#10446,#10482,#10484,.T.);
#10482 = VERTEX_POINT('',#10483);
#10483 = CARTESIAN_POINT('',(48.443375672974,-10.,18.99337566648));
#10484 = SURFACE_CURVE('',#10485,(#10490,#10504),.PCURVE_S1.);
#10485 = HYPERBOLA('',#10486,1.250001225476,1.25);
#10486 = AXIS2_PLACEMENT_3D('',#10487,#10488,#10489);
#10487 = CARTESIAN_POINT('',(48.082531754731,-10.625,17.549998578447));
#10488 = DIRECTION('',(-0.866025403784,0.5,-4.440892098502E-16));
#10489 = DIRECTION('',(-1.922962686384E-16,5.551115123126E-16,1.));
#10490 = PCURVE('',#10320,#10491);
#10491 = DEFINITIONAL_REPRESENTATION('',(#10492),#10503);
#10492 = B_SPLINE_CURVE_WITH_KNOTS('',9,(#10493,#10494,#10495,#10496,
    #10497,#10498,#10499,#10500,#10501,#10502),.UNSPECIFIED.,.F.,.F.,(10
    ,10),(-0.55840221658,0.549306144334),.PIECEWISE_BEZIER_KNOTS.);
#10493 = CARTESIAN_POINT('',(5.228128293643,1.450001421553));
#10494 = CARTESIAN_POINT('',(5.334230627788,1.359557323555));
#10495 = CARTESIAN_POINT('',(5.447778285771,1.293824025724));
#10496 = CARTESIAN_POINT('',(5.567641818777,1.250819804702));
#10497 = CARTESIAN_POINT('',(5.691931317958,1.229284851316));
#10498 = CARTESIAN_POINT('',(5.817980988202,1.228600240134));
#10499 = CARTESIAN_POINT('',(5.942446370588,1.248751099291));
#10500 = CARTESIAN_POINT('',(6.062627441056,1.290326010703));
#10501 = CARTESIAN_POINT('',(6.176596019727,1.354552594962));
#10502 = CARTESIAN_POINT('',(6.28318530718,1.443377088032));
#10503 = ( GEOMETRIC_REPRESENTATION_CONTEXT(2) 
PARAMETRIC_REPRESENTATION_CONTEXT() REPRESENTATION_CONTEXT('2D SPACE',''
  ) );
#10504 = PCURVE('',#10505,#10510);
#10505 = PLANE('',#10506);
#10506 = AXIS2_PLACEMENT_3D('',#10507,#10508,#10509);
#10507 = CARTESIAN_POINT('',(48.443375672974,-10.,26.));
#10508 = DIRECTION('',(-0.866025403784,0.5,-4.440892098502E-16));
#10509 = DIRECTION('',(-0.5,-0.866025403784,7.691850745537E-16));
#10510 = DEFINITIONAL_REPRESENTATION('',(#10511),#10515);
#10511 = HYPERBOLA('',#10512,1.250001225476,1.25);
#10512 = AXIS2_PLACEMENT_2D('',#10513,#10514);
#10513 = CARTESIAN_POINT('',(0.721687836487,-8.450001421553));
#10514 = DIRECTION('',(3.845925372771E-16,1.));
#10515 = ( GEOMETRIC_REPRESENTATION_CONTEXT(2) 
PARAMETRIC_REPRESENTATION_CONTEXT() REPRESENTATION_CONTEXT('2D SPACE',''
  ) );
#10516 = ORIENTED_EDGE('',*,*,#10517,.T.);
#10517 = EDGE_CURVE('',#10482,#10304,#10518,.T.);
#10518 = SEAM_CURVE('',#10519,(#10523,#10530),.PCURVE_S1.);
#10519 = LINE('',#10520,#10521);
#10520 = CARTESIAN_POINT('',(47.,-10.,17.549998578447));
#10521 = VECTOR('',#10522,1.);
#10522 = DIRECTION('',(0.70710643457,4.710279684983E-16,0.707107127803)
  );
#10523 = PCURVE('',#10320,#10524);
#10524 = DEFINITIONAL_REPRESENTATION('',(#10525),#10529);
#10525 = LINE('',#10526,#10527);
#10526 = CARTESIAN_POINT('',(6.28318530718,0.));
#10527 = VECTOR('',#10528,1.);
#10528 = DIRECTION('',(-0.,1.));
#10529 = ( GEOMETRIC_REPRESENTATION_CONTEXT(2) 
PARAMETRIC_REPRESENTATION_CONTEXT() REPRESENTATION_CONTEXT('2D SPACE',''
  ) );
#10530 = PCURVE('',#10320,#10531);
#10531 = DEFINITIONAL_REPRESENTATION('',(#10532),#10536);
#10532 = LINE('',#10533,#10534);
#10533 = CARTESIAN_POINT('',(-4.138911435803E-13,0.));
#10534 = VECTOR('',#10535,1.);
#10535 = DIRECTION('',(-0.,1.));
#10536 = ( GEOMETRIC_REPRESENTATION_CONTEXT(2) 
PARAMETRIC_REPRESENTATION_CONTEXT() REPRESENTATION_CONTEXT('2D SPACE',''
  ) );
#10537 = ORIENTED_EDGE('',*,*,#10303,.T.);
#10538 = ORIENTED_EDGE('',*,*,#10517,.F.);
#10539 = ORIENTED_EDGE('',*,*,#10540,.T.);
#10540 = EDGE_CURVE('',#10482,#10336,#10541,.T.);
#10541 = SURFACE_CURVE('',#10542,(#10547,#10561),.PCURVE_S1.);
#10542 = HYPERBOLA('',#10543,1.250001225476,1.25);
#10543 = AXIS2_PLACEMENT_3D('',#10544,#10545,#10546);
#10544 = CARTESIAN_POINT('',(48.082531754731,-9.375,17.549998578447));
#10545 = DIRECTION('',(-0.866025403784,-0.5,4.440892098502E-16));
#10546 = DIRECTION('',(1.922962686384E-16,5.551115123126E-16,1.));
#10547 = PCURVE('',#10320,#10548);
#10548 = DEFINITIONAL_REPRESENTATION('',(#10549),#10560);
#10549 = B_SPLINE_CURVE_WITH_KNOTS('',9,(#10550,#10551,#10552,#10553,
    #10554,#10555,#10556,#10557,#10558,#10559),.UNSPECIFIED.,.F.,.F.,(10
    ,10),(-0.549306144334,0.55840221658),.PIECEWISE_BEZIER_KNOTS.);
#10550 = CARTESIAN_POINT('',(-4.138911435803E-13,1.443377088032));
#10551 = CARTESIAN_POINT('',(0.106589287454,1.354552594962));
#10552 = CARTESIAN_POINT('',(0.22055786611,1.290326010708));
#10553 = CARTESIAN_POINT('',(0.340738936702,1.248751099252));
#10554 = CARTESIAN_POINT('',(0.465204318763,1.22860024018));
#10555 = CARTESIAN_POINT('',(0.591253989358,1.22928485127));
#10556 = CARTESIAN_POINT('',(0.715543488371,1.250819804723));
#10557 = CARTESIAN_POINT('',(0.835407021448,1.293824025712));
#10558 = CARTESIAN_POINT('',(0.948954679392,1.359557323555));
#10559 = CARTESIAN_POINT('',(1.055057013538,1.450001421553));
#10560 = ( GEOMETRIC_REPRESENTATION_CONTEXT(2) 
PARAMETRIC_REPRESENTATION_CONTEXT() REPRESENTATION_CONTEXT('2D SPACE',''
  ) );
#10561 = PCURVE('',#10562,#10567);
#10562 = PLANE('',#10563);
#10563 = AXIS2_PLACEMENT_3D('',#10564,#10565,#10566);
#10564 = CARTESIAN_POINT('',(47.721687836487,-8.75,26.));
#10565 = DIRECTION('',(-0.866025403784,-0.5,4.440892098502E-16));
#10566 = DIRECTION('',(0.5,-0.866025403784,7.691850745537E-16));
#10567 = DEFINITIONAL_REPRESENTATION('',(#10568),#10572);
#10568 = HYPERBOLA('',#10569,1.250001225476,1.25);
#10569 = AXIS2_PLACEMENT_2D('',#10570,#10571);
#10570 = CARTESIAN_POINT('',(0.721687836487,-8.450001421553));
#10571 = DIRECTION('',(3.845925372771E-16,1.));
#10572 = ( GEOMETRIC_REPRESENTATION_CONTEXT(2) 
PARAMETRIC_REPRESENTATION_CONTEXT() REPRESENTATION_CONTEXT('2D SPACE',''
  ) );
#10573 = ADVANCED_FACE('',(#10574),#10562,.T.);
#10574 = FACE_BOUND('',#10575,.T.);
#10575 = EDGE_LOOP('',(#10576,#10577,#10600,#10636));
#10576 = ORIENTED_EDGE('',*,*,#10540,.T.);
#10577 = ORIENTED_EDGE('',*,*,#10578,.T.);
#10578 = EDGE_CURVE('',#10336,#10579,#10581,.T.);
#10579 = VERTEX_POINT('',#10580);
#10580 = CARTESIAN_POINT('',(47.721687836487,-8.75,16.824426932662));
#10581 = SURFACE_CURVE('',#10582,(#10586,#10593),.PCURVE_S1.);
#10582 = LINE('',#10583,#10584);
#10583 = CARTESIAN_POINT('',(47.721687836487,-8.75,26.));
#10584 = VECTOR('',#10585,1.);
#10585 = DIRECTION('',(0.,-8.881784197001E-16,-1.));
#10586 = PCURVE('',#10562,#10587);
#10587 = DEFINITIONAL_REPRESENTATION('',(#10588),#10592);
#10588 = LINE('',#10589,#10590);
#10589 = CARTESIAN_POINT('',(0.,0.));
#10590 = VECTOR('',#10591,1.);
#10591 = DIRECTION('',(-3.855557674268E-28,-1.));
#10592 = ( GEOMETRIC_REPRESENTATION_CONTEXT(2) 
PARAMETRIC_REPRESENTATION_CONTEXT() REPRESENTATION_CONTEXT('2D SPACE',''
  ) );
#10593 = PCURVE('',#10361,#10594);
#10594 = DEFINITIONAL_REPRESENTATION('',(#10595),#10599);
#10595 = LINE('',#10596,#10597);
#10596 = CARTESIAN_POINT('',(1.443375672974,0.));
#10597 = VECTOR('',#10598,1.);
#10598 = DIRECTION('',(0.,-1.));
#10599 = ( GEOMETRIC_REPRESENTATION_CONTEXT(2) 
PARAMETRIC_REPRESENTATION_CONTEXT() REPRESENTATION_CONTEXT('2D SPACE',''
  ) );
#10600 = ORIENTED_EDGE('',*,*,#10601,.F.);
#10601 = EDGE_CURVE('',#10602,#10579,#10604,.T.);
#10602 = VERTEX_POINT('',#10603);
#10603 = CARTESIAN_POINT('',(48.443375672974,-10.,16.824426932662));
#10604 = SURFACE_CURVE('',#10605,(#10610,#10617),.PCURVE_S1.);
#10605 = HYPERBOLA('',#10606,0.454963467216,1.25);
#10606 = AXIS2_PLACEMENT_3D('',#10607,#10608,#10609);
#10607 = CARTESIAN_POINT('',(48.082531754731,-9.375,16.299080372125));
#10608 = DIRECTION('',(-0.866025403784,-0.5,4.440892098502E-16));
#10609 = DIRECTION('',(-4.326600975418E-29,8.881784197001E-16,1.));
#10610 = PCURVE('',#10562,#10611);
#10611 = DEFINITIONAL_REPRESENTATION('',(#10612),#10616);
#10612 = HYPERBOLA('',#10613,0.454963467216,1.25);
#10613 = AXIS2_PLACEMENT_2D('',#10614,#10615);
#10614 = CARTESIAN_POINT('',(0.721687836487,-9.700919627875));
#10615 = DIRECTION('',(3.855557674268E-28,1.));
#10616 = ( GEOMETRIC_REPRESENTATION_CONTEXT(2) 
PARAMETRIC_REPRESENTATION_CONTEXT() REPRESENTATION_CONTEXT('2D SPACE',''
  ) );
#10617 = PCURVE('',#10618,#10623);
#10618 = CONICAL_SURFACE('',#10619,6.640918306942E-17,1.22173);
#10619 = AXIS2_PLACEMENT_3D('',#10620,#10621,#10622);
#10620 = CARTESIAN_POINT('',(47.,-10.,16.299080372125));
#10621 = DIRECTION('',(0.,8.881784197001E-16,1.));
#10622 = DIRECTION('',(1.,1.514889354313E-16,-1.345492032734E-31));
#10623 = DEFINITIONAL_REPRESENTATION('',(#10624),#10635);
#10624 = B_SPLINE_CURVE_WITH_KNOTS('',9,(#10625,#10626,#10627,#10628,
    #10629,#10630,#10631,#10632,#10633,#10634),.UNSPECIFIED.,.F.,.F.,(10
    ,10),(-0.549306144334,0.549306144334),.PIECEWISE_BEZIER_KNOTS.);
#10625 = CARTESIAN_POINT('',(-4.138911435803E-13,0.525346560537));
#10626 = CARTESIAN_POINT('',(0.105714017311,0.493282550051));
#10627 = CARTESIAN_POINT('',(0.218686762078,0.470025018626));
#10628 = CARTESIAN_POINT('',(0.337778866987,0.454882901967));
#10629 = CARTESIAN_POINT('',(0.461119290295,0.447418203466));
#10630 = CARTESIAN_POINT('',(0.586078086357,0.447418204259));
#10631 = CARTESIAN_POINT('',(0.709418934657,0.454882901435));
#10632 = CARTESIAN_POINT('',(0.82851073268,0.470025018555));
#10633 = CARTESIAN_POINT('',(0.941483504018,0.493282549804));
#10634 = CARTESIAN_POINT('',(1.04719755172,0.525346560116));
#10635 = ( GEOMETRIC_REPRESENTATION_CONTEXT(2) 
PARAMETRIC_REPRESENTATION_CONTEXT() REPRESENTATION_CONTEXT('2D SPACE',''
  ) );
#10636 = ORIENTED_EDGE('',*,*,#10637,.F.);
#10637 = EDGE_CURVE('',#10482,#10602,#10638,.T.);
#10638 = SURFACE_CURVE('',#10639,(#10643,#10650),.PCURVE_S1.);
#10639 = LINE('',#10640,#10641);
#10640 = CARTESIAN_POINT('',(48.443375672974,-10.,26.));
#10641 = VECTOR('',#10642,1.);
#10642 = DIRECTION('',(0.,-8.881784197001E-16,-1.));
#10643 = PCURVE('',#10562,#10644);
#10644 = DEFINITIONAL_REPRESENTATION('',(#10645),#10649);
#10645 = LINE('',#10646,#10647);
#10646 = CARTESIAN_POINT('',(1.443375672974,-1.110223024626E-15));
#10647 = VECTOR('',#10648,1.);
#10648 = DIRECTION('',(-3.855557674268E-28,-1.));
#10649 = ( GEOMETRIC_REPRESENTATION_CONTEXT(2) 
PARAMETRIC_REPRESENTATION_CONTEXT() REPRESENTATION_CONTEXT('2D SPACE',''
  ) );
#10650 = PCURVE('',#10505,#10651);
#10651 = DEFINITIONAL_REPRESENTATION('',(#10652),#10656);
#10652 = LINE('',#10653,#10654);
#10653 = CARTESIAN_POINT('',(0.,0.));
#10654 = VECTOR('',#10655,1.);
#10655 = DIRECTION('',(-3.855557674268E-28,-1.));
#10656 = ( GEOMETRIC_REPRESENTATION_CONTEXT(2) 
PARAMETRIC_REPRESENTATION_CONTEXT() REPRESENTATION_CONTEXT('2D SPACE',''
  ) );
#10657 = ADVANCED_FACE('',(#10658),#10361,.T.);
#10658 = FACE_BOUND('',#10659,.T.);
#10659 = EDGE_LOOP('',(#10660,#10661,#10684,#10713));
#10660 = ORIENTED_EDGE('',*,*,#10335,.T.);
#10661 = ORIENTED_EDGE('',*,*,#10662,.T.);
#10662 = EDGE_CURVE('',#10338,#10663,#10665,.T.);
#10663 = VERTEX_POINT('',#10664);
#10664 = CARTESIAN_POINT('',(46.278312163513,-8.75,16.824426932662));
#10665 = SURFACE_CURVE('',#10666,(#10670,#10677),.PCURVE_S1.);
#10666 = LINE('',#10667,#10668);
#10667 = CARTESIAN_POINT('',(46.278312163513,-8.75,26.));
#10668 = VECTOR('',#10669,1.);
#10669 = DIRECTION('',(0.,-8.881784197001E-16,-1.));
#10670 = PCURVE('',#10361,#10671);
#10671 = DEFINITIONAL_REPRESENTATION('',(#10672),#10676);
#10672 = LINE('',#10673,#10674);
#10673 = CARTESIAN_POINT('',(0.,0.));
#10674 = VECTOR('',#10675,1.);
#10675 = DIRECTION('',(0.,-1.));
#10676 = ( GEOMETRIC_REPRESENTATION_CONTEXT(2) 
PARAMETRIC_REPRESENTATION_CONTEXT() REPRESENTATION_CONTEXT('2D SPACE',''
  ) );
#10677 = PCURVE('',#10397,#10678);
#10678 = DEFINITIONAL_REPRESENTATION('',(#10679),#10683);
#10679 = LINE('',#10680,#10681);
#10680 = CARTESIAN_POINT('',(1.443375672974,1.110223024626E-15));
#10681 = VECTOR('',#10682,1.);
#10682 = DIRECTION('',(3.855557674268E-28,-1.));
#10683 = ( GEOMETRIC_REPRESENTATION_CONTEXT(2) 
PARAMETRIC_REPRESENTATION_CONTEXT() REPRESENTATION_CONTEXT('2D SPACE',''
  ) );
#10684 = ORIENTED_EDGE('',*,*,#10685,.F.);
#10685 = EDGE_CURVE('',#10579,#10663,#10686,.T.);
#10686 = SURFACE_CURVE('',#10687,(#10692,#10699),.PCURVE_S1.);
#10687 = HYPERBOLA('',#10688,0.454963467216,1.25);
#10688 = AXIS2_PLACEMENT_3D('',#10689,#10690,#10691);
#10689 = CARTESIAN_POINT('',(47.,-8.75,16.299080372125));
#10690 = DIRECTION('',(0.,-1.,8.881784197001E-16));
#10691 = DIRECTION('',(0.,8.881784197001E-16,1.));
#10692 = PCURVE('',#10361,#10693);
#10693 = DEFINITIONAL_REPRESENTATION('',(#10694),#10698);
#10694 = HYPERBOLA('',#10695,0.454963467216,1.25);
#10695 = AXIS2_PLACEMENT_2D('',#10696,#10697);
#10696 = CARTESIAN_POINT('',(0.721687836487,-9.700919627875));
#10697 = DIRECTION('',(0.,1.));
#10698 = ( GEOMETRIC_REPRESENTATION_CONTEXT(2) 
PARAMETRIC_REPRESENTATION_CONTEXT() REPRESENTATION_CONTEXT('2D SPACE',''
  ) );
#10699 = PCURVE('',#10618,#10700);
#10700 = DEFINITIONAL_REPRESENTATION('',(#10701),#10712);
#10701 = B_SPLINE_CURVE_WITH_KNOTS('',9,(#10702,#10703,#10704,#10705,
    #10706,#10707,#10708,#10709,#10710,#10711),.UNSPECIFIED.,.F.,.F.,(10
    ,10),(-0.646774826402,0.646774826402),.PIECEWISE_BEZIER_KNOTS.);
#10702 = CARTESIAN_POINT('',(0.964905207956,0.553486946207));
#10703 = CARTESIAN_POINT('',(1.083048682524,0.508182821976));
#10704 = CARTESIAN_POINT('',(1.212070841286,0.47574166301));
#10705 = CARTESIAN_POINT('',(1.35073639829,0.454809791019));
#10706 = CARTESIAN_POINT('',(1.496451142968,0.4445459758));
#10707 = CARTESIAN_POINT('',(1.645141510769,0.444545975797));
#10708 = CARTESIAN_POINT('',(1.790856255251,0.45480979102));
#10709 = CARTESIAN_POINT('',(1.929521812348,0.475741663012));
#10710 = CARTESIAN_POINT('',(2.058543971067,0.508182821976));
#10711 = CARTESIAN_POINT('',(2.176687445635,0.553486946207));
#10712 = ( GEOMETRIC_REPRESENTATION_CONTEXT(2) 
PARAMETRIC_REPRESENTATION_CONTEXT() REPRESENTATION_CONTEXT('2D SPACE',''
  ) );
#10713 = ORIENTED_EDGE('',*,*,#10578,.F.);
#10714 = ADVANCED_FACE('',(#10715),#10397,.T.);
#10715 = FACE_BOUND('',#10716,.T.);
#10716 = EDGE_LOOP('',(#10717,#10718,#10741,#10770));
#10717 = ORIENTED_EDGE('',*,*,#10373,.T.);
#10718 = ORIENTED_EDGE('',*,*,#10719,.T.);
#10719 = EDGE_CURVE('',#10374,#10720,#10722,.T.);
#10720 = VERTEX_POINT('',#10721);
#10721 = CARTESIAN_POINT('',(45.556624327026,-10.,16.824426932662));
#10722 = SURFACE_CURVE('',#10723,(#10727,#10734),.PCURVE_S1.);
#10723 = LINE('',#10724,#10725);
#10724 = CARTESIAN_POINT('',(45.556624327026,-10.,26.));
#10725 = VECTOR('',#10726,1.);
#10726 = DIRECTION('',(0.,-8.881784197001E-16,-1.));
#10727 = PCURVE('',#10397,#10728);
#10728 = DEFINITIONAL_REPRESENTATION('',(#10729),#10733);
#10729 = LINE('',#10730,#10731);
#10730 = CARTESIAN_POINT('',(0.,0.));
#10731 = VECTOR('',#10732,1.);
#10732 = DIRECTION('',(3.855557674268E-28,-1.));
#10733 = ( GEOMETRIC_REPRESENTATION_CONTEXT(2) 
PARAMETRIC_REPRESENTATION_CONTEXT() REPRESENTATION_CONTEXT('2D SPACE',''
  ) );
#10734 = PCURVE('',#10433,#10735);
#10735 = DEFINITIONAL_REPRESENTATION('',(#10736),#10740);
#10736 = LINE('',#10737,#10738);
#10737 = CARTESIAN_POINT('',(1.443375672974,1.110223024626E-15));
#10738 = VECTOR('',#10739,1.);
#10739 = DIRECTION('',(3.855557674268E-28,-1.));
#10740 = ( GEOMETRIC_REPRESENTATION_CONTEXT(2) 
PARAMETRIC_REPRESENTATION_CONTEXT() REPRESENTATION_CONTEXT('2D SPACE',''
  ) );
#10741 = ORIENTED_EDGE('',*,*,#10742,.F.);
#10742 = EDGE_CURVE('',#10663,#10720,#10743,.T.);
#10743 = SURFACE_CURVE('',#10744,(#10749,#10756),.PCURVE_S1.);
#10744 = HYPERBOLA('',#10745,0.454963467216,1.25);
#10745 = AXIS2_PLACEMENT_3D('',#10746,#10747,#10748);
#10746 = CARTESIAN_POINT('',(45.917468245269,-9.375,16.299080372125));
#10747 = DIRECTION('',(0.866025403784,-0.5,4.440892098502E-16));
#10748 = DIRECTION('',(4.326600975418E-29,8.881784197001E-16,1.));
#10749 = PCURVE('',#10397,#10750);
#10750 = DEFINITIONAL_REPRESENTATION('',(#10751),#10755);
#10751 = HYPERBOLA('',#10752,0.454963467216,1.25);
#10752 = AXIS2_PLACEMENT_2D('',#10753,#10754);
#10753 = CARTESIAN_POINT('',(0.721687836487,-9.700919627875));
#10754 = DIRECTION('',(-3.855557674268E-28,1.));
#10755 = ( GEOMETRIC_REPRESENTATION_CONTEXT(2) 
PARAMETRIC_REPRESENTATION_CONTEXT() REPRESENTATION_CONTEXT('2D SPACE',''
  ) );
#10756 = PCURVE('',#10618,#10757);
#10757 = DEFINITIONAL_REPRESENTATION('',(#10758),#10769);
#10758 = B_SPLINE_CURVE_WITH_KNOTS('',9,(#10759,#10760,#10761,#10762,
    #10763,#10764,#10765,#10766,#10767,#10768),.UNSPECIFIED.,.F.,.F.,(10
    ,10),(-0.646774826402,0.646774826402),.PIECEWISE_BEZIER_KNOTS.);
#10759 = CARTESIAN_POINT('',(2.012102759153,0.553486946207));
#10760 = CARTESIAN_POINT('',(2.13024623372,0.508182821976));
#10761 = CARTESIAN_POINT('',(2.259268392443,0.475741663011));
#10762 = CARTESIAN_POINT('',(2.397933949582,0.454809791026));
#10763 = CARTESIAN_POINT('',(2.54364869391,0.444545975815));
#10764 = CARTESIAN_POINT('',(2.69233906209,0.444545975782));
#10765 = CARTESIAN_POINT('',(2.838053806397,0.454809791032));
#10766 = CARTESIAN_POINT('',(2.976719363556,0.475741663009));
#10767 = CARTESIAN_POINT('',(3.105741522263,0.508182821976));
#10768 = CARTESIAN_POINT('',(3.223884996831,0.553486946207));
#10769 = ( GEOMETRIC_REPRESENTATION_CONTEXT(2) 
PARAMETRIC_REPRESENTATION_CONTEXT() REPRESENTATION_CONTEXT('2D SPACE',''
  ) );
#10770 = ORIENTED_EDGE('',*,*,#10662,.F.);
#10771 = ADVANCED_FACE('',(#10772),#10433,.T.);
#10772 = FACE_BOUND('',#10773,.T.);
#10773 = EDGE_LOOP('',(#10774,#10775,#10798,#10827));
#10774 = ORIENTED_EDGE('',*,*,#10409,.T.);
#10775 = ORIENTED_EDGE('',*,*,#10776,.T.);
#10776 = EDGE_CURVE('',#10410,#10777,#10779,.T.);
#10777 = VERTEX_POINT('',#10778);
#10778 = CARTESIAN_POINT('',(46.278312163513,-11.25,16.824426932662));
#10779 = SURFACE_CURVE('',#10780,(#10784,#10791),.PCURVE_S1.);
#10780 = LINE('',#10781,#10782);
#10781 = CARTESIAN_POINT('',(46.278312163513,-11.25,26.));
#10782 = VECTOR('',#10783,1.);
#10783 = DIRECTION('',(0.,-8.881784197001E-16,-1.));
#10784 = PCURVE('',#10433,#10785);
#10785 = DEFINITIONAL_REPRESENTATION('',(#10786),#10790);
#10786 = LINE('',#10787,#10788);
#10787 = CARTESIAN_POINT('',(0.,0.));
#10788 = VECTOR('',#10789,1.);
#10789 = DIRECTION('',(3.855557674268E-28,-1.));
#10790 = ( GEOMETRIC_REPRESENTATION_CONTEXT(2) 
PARAMETRIC_REPRESENTATION_CONTEXT() REPRESENTATION_CONTEXT('2D SPACE',''
  ) );
#10791 = PCURVE('',#10469,#10792);
#10792 = DEFINITIONAL_REPRESENTATION('',(#10793),#10797);
#10793 = LINE('',#10794,#10795);
#10794 = CARTESIAN_POINT('',(1.443375672974,0.));
#10795 = VECTOR('',#10796,1.);
#10796 = DIRECTION('',(-0.,-1.));
#10797 = ( GEOMETRIC_REPRESENTATION_CONTEXT(2) 
PARAMETRIC_REPRESENTATION_CONTEXT() REPRESENTATION_CONTEXT('2D SPACE',''
  ) );
#10798 = ORIENTED_EDGE('',*,*,#10799,.F.);
#10799 = EDGE_CURVE('',#10720,#10777,#10800,.T.);
#10800 = SURFACE_CURVE('',#10801,(#10806,#10813),.PCURVE_S1.);
#10801 = HYPERBOLA('',#10802,0.454963467216,1.25);
#10802 = AXIS2_PLACEMENT_3D('',#10803,#10804,#10805);
#10803 = CARTESIAN_POINT('',(45.917468245269,-10.625,16.299080372125));
#10804 = DIRECTION('',(0.866025403784,0.5,-4.440892098502E-16));
#10805 = DIRECTION('',(-4.326600975418E-29,8.881784197001E-16,1.));
#10806 = PCURVE('',#10433,#10807);
#10807 = DEFINITIONAL_REPRESENTATION('',(#10808),#10812);
#10808 = HYPERBOLA('',#10809,0.454963467216,1.25);
#10809 = AXIS2_PLACEMENT_2D('',#10810,#10811);
#10810 = CARTESIAN_POINT('',(0.721687836487,-9.700919627875));
#10811 = DIRECTION('',(-3.855557674268E-28,1.));
#10812 = ( GEOMETRIC_REPRESENTATION_CONTEXT(2) 
PARAMETRIC_REPRESENTATION_CONTEXT() REPRESENTATION_CONTEXT('2D SPACE',''
  ) );
#10813 = PCURVE('',#10618,#10814);
#10814 = DEFINITIONAL_REPRESENTATION('',(#10815),#10826);
#10815 = B_SPLINE_CURVE_WITH_KNOTS('',9,(#10816,#10817,#10818,#10819,
    #10820,#10821,#10822,#10823,#10824,#10825),.UNSPECIFIED.,.F.,.F.,(10
    ,10),(-0.646774826402,0.646774826402),.PIECEWISE_BEZIER_KNOTS.);
#10816 = CARTESIAN_POINT('',(3.059300310349,0.553486946207));
#10817 = CARTESIAN_POINT('',(3.177443784917,0.508182821976));
#10818 = CARTESIAN_POINT('',(3.306465943706,0.475741663006));
#10819 = CARTESIAN_POINT('',(3.445131500524,0.454809791048));
#10820 = CARTESIAN_POINT('',(3.590846245704,0.444545975751));
#10821 = CARTESIAN_POINT('',(3.739536612662,0.444545975849));
#10822 = CARTESIAN_POINT('',(3.885251357871,0.454809791005));
#10823 = CARTESIAN_POINT('',(4.023916914684,0.475741663017));
#10824 = CARTESIAN_POINT('',(4.15293907346,0.508182821976));
#10825 = CARTESIAN_POINT('',(4.271082548028,0.553486946207));
#10826 = ( GEOMETRIC_REPRESENTATION_CONTEXT(2) 
PARAMETRIC_REPRESENTATION_CONTEXT() REPRESENTATION_CONTEXT('2D SPACE',''
  ) );
#10827 = ORIENTED_EDGE('',*,*,#10719,.F.);
#10828 = ADVANCED_FACE('',(#10829),#10469,.T.);
#10829 = FACE_BOUND('',#10830,.T.);
#10830 = EDGE_LOOP('',(#10831,#10832,#10855,#10884));
#10831 = ORIENTED_EDGE('',*,*,#10445,.T.);
#10832 = ORIENTED_EDGE('',*,*,#10833,.T.);
#10833 = EDGE_CURVE('',#10446,#10834,#10836,.T.);
#10834 = VERTEX_POINT('',#10835);
#10835 = CARTESIAN_POINT('',(47.721687836487,-11.25,16.824426932662));
#10836 = SURFACE_CURVE('',#10837,(#10841,#10848),.PCURVE_S1.);
#10837 = LINE('',#10838,#10839);
#10838 = CARTESIAN_POINT('',(47.721687836487,-11.25,26.));
#10839 = VECTOR('',#10840,1.);
#10840 = DIRECTION('',(0.,-8.881784197001E-16,-1.));
#10841 = PCURVE('',#10469,#10842);
#10842 = DEFINITIONAL_REPRESENTATION('',(#10843),#10847);
#10843 = LINE('',#10844,#10845);
#10844 = CARTESIAN_POINT('',(0.,0.));
#10845 = VECTOR('',#10846,1.);
#10846 = DIRECTION('',(-0.,-1.));
#10847 = ( GEOMETRIC_REPRESENTATION_CONTEXT(2) 
PARAMETRIC_REPRESENTATION_CONTEXT() REPRESENTATION_CONTEXT('2D SPACE',''
  ) );
#10848 = PCURVE('',#10505,#10849);
#10849 = DEFINITIONAL_REPRESENTATION('',(#10850),#10854);
#10850 = LINE('',#10851,#10852);
#10851 = CARTESIAN_POINT('',(1.443375672974,-1.110223024626E-15));
#10852 = VECTOR('',#10853,1.);
#10853 = DIRECTION('',(-3.855557674268E-28,-1.));
#10854 = ( GEOMETRIC_REPRESENTATION_CONTEXT(2) 
PARAMETRIC_REPRESENTATION_CONTEXT() REPRESENTATION_CONTEXT('2D SPACE',''
  ) );
#10855 = ORIENTED_EDGE('',*,*,#10856,.F.);
#10856 = EDGE_CURVE('',#10777,#10834,#10857,.T.);
#10857 = SURFACE_CURVE('',#10858,(#10863,#10870),.PCURVE_S1.);
#10858 = HYPERBOLA('',#10859,0.454963467216,1.25);
#10859 = AXIS2_PLACEMENT_3D('',#10860,#10861,#10862);
#10860 = CARTESIAN_POINT('',(47.,-11.25,16.299080372125));
#10861 = DIRECTION('',(0.,1.,-8.881784197001E-16));
#10862 = DIRECTION('',(0.,8.881784197001E-16,1.));
#10863 = PCURVE('',#10469,#10864);
#10864 = DEFINITIONAL_REPRESENTATION('',(#10865),#10869);
#10865 = HYPERBOLA('',#10866,0.454963467216,1.25);
#10866 = AXIS2_PLACEMENT_2D('',#10867,#10868);
#10867 = CARTESIAN_POINT('',(0.721687836487,-9.700919627875));
#10868 = DIRECTION('',(0.,1.));
#10869 = ( GEOMETRIC_REPRESENTATION_CONTEXT(2) 
PARAMETRIC_REPRESENTATION_CONTEXT() REPRESENTATION_CONTEXT('2D SPACE',''
  ) );
#10870 = PCURVE('',#10618,#10871);
#10871 = DEFINITIONAL_REPRESENTATION('',(#10872),#10883);
#10872 = B_SPLINE_CURVE_WITH_KNOTS('',9,(#10873,#10874,#10875,#10876,
    #10877,#10878,#10879,#10880,#10881,#10882),.UNSPECIFIED.,.F.,.F.,(10
    ,10),(-0.646774826402,0.646774826402),.PIECEWISE_BEZIER_KNOTS.);
#10873 = CARTESIAN_POINT('',(4.106497861546,0.553486946207));
#10874 = CARTESIAN_POINT('',(4.224641336114,0.508182821976));
#10875 = CARTESIAN_POINT('',(4.353663494862,0.47574166301));
#10876 = CARTESIAN_POINT('',(4.492329051914,0.454809791019));
#10877 = CARTESIAN_POINT('',(4.638043796538,0.4445459758));
#10878 = CARTESIAN_POINT('',(4.786734164252,0.444545975797));
#10879 = CARTESIAN_POINT('',(4.932448908872,0.45480979102));
#10880 = CARTESIAN_POINT('',(5.071114465911,0.475741663012));
#10881 = CARTESIAN_POINT('',(5.200136624657,0.508182821976));
#10882 = CARTESIAN_POINT('',(5.318280099224,0.553486946207));
#10883 = ( GEOMETRIC_REPRESENTATION_CONTEXT(2) 
PARAMETRIC_REPRESENTATION_CONTEXT() REPRESENTATION_CONTEXT('2D SPACE',''
  ) );
#10884 = ORIENTED_EDGE('',*,*,#10776,.F.);
#10885 = ADVANCED_FACE('',(#10886),#10505,.T.);
#10886 = FACE_BOUND('',#10887,.T.);
#10887 = EDGE_LOOP('',(#10888,#10889,#10890,#10919));
#10888 = ORIENTED_EDGE('',*,*,#10481,.T.);
#10889 = ORIENTED_EDGE('',*,*,#10637,.T.);
#10890 = ORIENTED_EDGE('',*,*,#10891,.F.);
#10891 = EDGE_CURVE('',#10834,#10602,#10892,.T.);
#10892 = SURFACE_CURVE('',#10893,(#10898,#10905),.PCURVE_S1.);
#10893 = HYPERBOLA('',#10894,0.454963467216,1.25);
#10894 = AXIS2_PLACEMENT_3D('',#10895,#10896,#10897);
#10895 = CARTESIAN_POINT('',(48.082531754731,-10.625,16.299080372125));
#10896 = DIRECTION('',(-0.866025403784,0.5,-4.440892098502E-16));
#10897 = DIRECTION('',(4.326600975418E-29,8.881784197001E-16,1.));
#10898 = PCURVE('',#10505,#10899);
#10899 = DEFINITIONAL_REPRESENTATION('',(#10900),#10904);
#10900 = HYPERBOLA('',#10901,0.454963467216,1.25);
#10901 = AXIS2_PLACEMENT_2D('',#10902,#10903);
#10902 = CARTESIAN_POINT('',(0.721687836487,-9.700919627875));
#10903 = DIRECTION('',(3.855557674268E-28,1.));
#10904 = ( GEOMETRIC_REPRESENTATION_CONTEXT(2) 
PARAMETRIC_REPRESENTATION_CONTEXT() REPRESENTATION_CONTEXT('2D SPACE',''
  ) );
#10905 = PCURVE('',#10618,#10906);
#10906 = DEFINITIONAL_REPRESENTATION('',(#10907),#10918);
#10907 = B_SPLINE_CURVE_WITH_KNOTS('',9,(#10908,#10909,#10910,#10911,
    #10912,#10913,#10914,#10915,#10916,#10917),.UNSPECIFIED.,.F.,.F.,(10
    ,10),(-0.549306144334,0.549306144334),.PIECEWISE_BEZIER_KNOTS.);
#10908 = CARTESIAN_POINT('',(5.235987755461,0.525346560117));
#10909 = CARTESIAN_POINT('',(5.341701803171,0.493282549805));
#10910 = CARTESIAN_POINT('',(5.454674574529,0.470025018557));
#10911 = CARTESIAN_POINT('',(5.573766372589,0.454882901438));
#10912 = CARTESIAN_POINT('',(5.697107220945,0.44741820425));
#10913 = CARTESIAN_POINT('',(5.822066016855,0.447418203479));
#10914 = CARTESIAN_POINT('',(5.94540644017,0.454882901961));
#10915 = CARTESIAN_POINT('',(6.064498545092,0.470025018627));
#10916 = CARTESIAN_POINT('',(6.177471289869,0.493282550051));
#10917 = CARTESIAN_POINT('',(6.28318530718,0.525346560537));
#10918 = ( GEOMETRIC_REPRESENTATION_CONTEXT(2) 
PARAMETRIC_REPRESENTATION_CONTEXT() REPRESENTATION_CONTEXT('2D SPACE',''
  ) );
#10919 = ORIENTED_EDGE('',*,*,#10833,.F.);
#10920 = ADVANCED_FACE('',(#10921),#10618,.F.);
#10921 = FACE_BOUND('',#10922,.F.);
#10922 = EDGE_LOOP('',(#10923,#10924,#10925,#10926,#10927,#10928,#10929,
    #10952));
#10923 = ORIENTED_EDGE('',*,*,#10891,.F.);
#10924 = ORIENTED_EDGE('',*,*,#10856,.F.);
#10925 = ORIENTED_EDGE('',*,*,#10799,.F.);
#10926 = ORIENTED_EDGE('',*,*,#10742,.F.);
#10927 = ORIENTED_EDGE('',*,*,#10685,.F.);
#10928 = ORIENTED_EDGE('',*,*,#10601,.F.);
#10929 = ORIENTED_EDGE('',*,*,#10930,.F.);
#10930 = EDGE_CURVE('',#10931,#10602,#10933,.T.);
#10931 = VERTEX_POINT('',#10932);
#10932 = CARTESIAN_POINT('',(47.,-10.,16.299080372125));
#10933 = SEAM_CURVE('',#10934,(#10938,#10945),.PCURVE_S1.);
#10934 = LINE('',#10935,#10936);
#10935 = CARTESIAN_POINT('',(47.,-10.,16.299080372125));
#10936 = VECTOR('',#10937,1.);
#10937 = DIRECTION('',(0.939692457849,3.797191350146E-16,0.342020590991)
  );
#10938 = PCURVE('',#10618,#10939);
#10939 = DEFINITIONAL_REPRESENTATION('',(#10940),#10944);
#10940 = LINE('',#10941,#10942);
#10941 = CARTESIAN_POINT('',(0.,0.));
#10942 = VECTOR('',#10943,1.);
#10943 = DIRECTION('',(-0.,1.));
#10944 = ( GEOMETRIC_REPRESENTATION_CONTEXT(2) 
PARAMETRIC_REPRESENTATION_CONTEXT() REPRESENTATION_CONTEXT('2D SPACE',''
  ) );
#10945 = PCURVE('',#10618,#10946);
#10946 = DEFINITIONAL_REPRESENTATION('',(#10947),#10951);
#10947 = LINE('',#10948,#10949);
#10948 = CARTESIAN_POINT('',(6.283185307179,0.));
#10949 = VECTOR('',#10950,1.);
#10950 = DIRECTION('',(-0.,1.));
#10951 = ( GEOMETRIC_REPRESENTATION_CONTEXT(2) 
PARAMETRIC_REPRESENTATION_CONTEXT() REPRESENTATION_CONTEXT('2D SPACE',''
  ) );
#10952 = ORIENTED_EDGE('',*,*,#10930,.T.);
#10953 = ( GEOMETRIC_REPRESENTATION_CONTEXT(3) 
GLOBAL_UNCERTAINTY_ASSIGNED_CONTEXT((#10957)) 
GLOBAL_UNIT_ASSIGNED_CONTEXT((#10954,#10955,#10956)) 
REPRESENTATION_CONTEXT('Context #1',
  '3D Context with UNIT and UNCERTAINTY') );
#10954 = ( LENGTH_UNIT() NAMED_UNIT(*) SI_UNIT(.MILLI.,.METRE.) );
#10955 = ( NAMED_UNIT(*) PLANE_ANGLE_UNIT() SI_UNIT($,.RADIAN.) );
#10956 = ( NAMED_UNIT(*) SI_UNIT($,.STERADIAN.) SOLID_ANGLE_UNIT() );
#10957 = UNCERTAINTY_MEASURE_WITH_UNIT(LENGTH_MEASURE(1.E-07),#10954,
  'distance_accuracy_value','confusion accuracy');
#10958 = CONTEXT_DEPENDENT_SHAPE_REPRESENTATION(#10959,#10961);
#10959 = ( REPRESENTATION_RELATIONSHIP('','',#9952,#10) 
REPRESENTATION_RELATIONSHIP_WITH_TRANSFORMATION(#10960) 
SHAPE_REPRESENTATION_RELATIONSHIP() );
#10960 = ITEM_DEFINED_TRANSFORMATION('','',#11,#95);
#10961 = PRODUCT_DEFINITION_SHAPE('Placement','Placement of an item',
  #10962);
#10962 = NEXT_ASSEMBLY_USAGE_OCCURRENCE('21',
  'source_locked_support_m3x12_fastener_2','',#5,#9947,$);
#10963 = PRODUCT_RELATED_PRODUCT_CATEGORY('part',$,(#9949));
#10964 = SHAPE_DEFINITION_REPRESENTATION(#10965,#10971);
#10965 = PRODUCT_DEFINITION_SHAPE('','',#10966);
#10966 = PRODUCT_DEFINITION('design','',#10967,#10970);
#10967 = PRODUCT_DEFINITION_FORMATION('','',#10968);
#10968 = PRODUCT('source_locked_support_m3x12_fastener_3',
  'source_locked_support_m3x12_fastener_3','',(#10969));
#10969 = PRODUCT_CONTEXT('',#2,'mechanical');
#10970 = PRODUCT_DEFINITION_CONTEXT('part definition',#2,'design');
#10971 = ADVANCED_BREP_SHAPE_REPRESENTATION('',(#11,#10972),#11972);
#10972 = MANIFOLD_SOLID_BREP('',#10973);
#10973 = CLOSED_SHELL('',(#10974,#11042,#11095,#11150,#11205,#11258,
    #11311,#11315,#11350,#11592,#11676,#11733,#11790,#11847,#11904,
    #11939));
#10974 = ADVANCED_FACE('',(#10975,#11011),#10988,.T.);
#10975 = FACE_BOUND('',#10976,.T.);
#10976 = EDGE_LOOP('',(#10977));
#10977 = ORIENTED_EDGE('',*,*,#10978,.T.);
#10978 = EDGE_CURVE('',#10979,#10979,#10981,.T.);
#10979 = VERTEX_POINT('',#10980);
#10980 = CARTESIAN_POINT('',(25.65,10.,16.));
#10981 = SURFACE_CURVE('',#10982,(#10987,#10999),.PCURVE_S1.);
#10982 = CIRCLE('',#10983,2.65);
#10983 = AXIS2_PLACEMENT_3D('',#10984,#10985,#10986);
#10984 = CARTESIAN_POINT('',(23.,10.,16.));
#10985 = DIRECTION('',(-1.325926550505E-63,-4.440892098501E-16,-1.));
#10986 = DIRECTION('',(1.,-7.171462774736E-32,3.184769237102E-47));
#10987 = PCURVE('',#10988,#10993);
#10988 = PLANE('',#10989);
#10989 = AXIS2_PLACEMENT_3D('',#10990,#10991,#10992);
#10990 = CARTESIAN_POINT('',(23.,10.,16.));
#10991 = DIRECTION('',(0.,-4.440892098501E-16,-1.));
#10992 = DIRECTION('',(1.,0.,0.));
#10993 = DEFINITIONAL_REPRESENTATION('',(#10994),#10998);
#10994 = CIRCLE('',#10995,2.65);
#10995 = AXIS2_PLACEMENT_2D('',#10996,#10997);
#10996 = CARTESIAN_POINT('',(0.,0.));
#10997 = DIRECTION('',(1.,7.171462774736E-32));
#10998 = ( GEOMETRIC_REPRESENTATION_CONTEXT(2) 
PARAMETRIC_REPRESENTATION_CONTEXT() REPRESENTATION_CONTEXT('2D SPACE',''
  ) );
#10999 = PCURVE('',#11000,#11005);
#11000 = CONICAL_SURFACE('',#11001,2.75,0.785398163397);
#11001 = AXIS2_PLACEMENT_3D('',#11002,#11003,#11004);
#11002 = CARTESIAN_POINT('',(23.,10.,16.1));
#11003 = DIRECTION('',(0.,4.440892098501E-16,1.));
#11004 = DIRECTION('',(1.,-7.171462774736E-32,3.184769237102E-47));
#11005 = DEFINITIONAL_REPRESENTATION('',(#11006),#11010);
#11006 = LINE('',#11007,#11008);
#11007 = CARTESIAN_POINT('',(6.28318530718,-0.1));
#11008 = VECTOR('',#11009,1.);
#11009 = DIRECTION('',(-1.,0.));
#11010 = ( GEOMETRIC_REPRESENTATION_CONTEXT(2) 
PARAMETRIC_REPRESENTATION_CONTEXT() REPRESENTATION_CONTEXT('2D SPACE',''
  ) );
#11011 = FACE_BOUND('',#11012,.T.);
#11012 = EDGE_LOOP('',(#11013));
#11013 = ORIENTED_EDGE('',*,*,#11014,.F.);
#11014 = EDGE_CURVE('',#11015,#11015,#11017,.T.);
#11015 = VERTEX_POINT('',#11016);
#11016 = CARTESIAN_POINT('',(24.5,10.,16.));
#11017 = SURFACE_CURVE('',#11018,(#11023,#11030),.PCURVE_S1.);
#11018 = CIRCLE('',#11019,1.5);
#11019 = AXIS2_PLACEMENT_3D('',#11020,#11021,#11022);
#11020 = CARTESIAN_POINT('',(23.,10.,16.));
#11021 = DIRECTION('',(0.,-4.440892098501E-16,-1.));
#11022 = DIRECTION('',(1.,0.,0.));
#11023 = PCURVE('',#10988,#11024);
#11024 = DEFINITIONAL_REPRESENTATION('',(#11025),#11029);
#11025 = CIRCLE('',#11026,1.5);
#11026 = AXIS2_PLACEMENT_2D('',#11027,#11028);
#11027 = CARTESIAN_POINT('',(0.,0.));
#11028 = DIRECTION('',(1.,0.));
#11029 = ( GEOMETRIC_REPRESENTATION_CONTEXT(2) 
PARAMETRIC_REPRESENTATION_CONTEXT() REPRESENTATION_CONTEXT('2D SPACE',''
  ) );
#11030 = PCURVE('',#11031,#11036);
#11031 = CYLINDRICAL_SURFACE('',#11032,1.5);
#11032 = AXIS2_PLACEMENT_3D('',#11033,#11034,#11035);
#11033 = CARTESIAN_POINT('',(23.,10.,16.));
#11034 = DIRECTION('',(0.,-4.440892098501E-16,-1.));
#11035 = DIRECTION('',(1.,0.,0.));
#11036 = DEFINITIONAL_REPRESENTATION('',(#11037),#11041);
#11037 = LINE('',#11038,#11039);
#11038 = CARTESIAN_POINT('',(0.,0.));
#11039 = VECTOR('',#11040,1.);
#11040 = DIRECTION('',(1.,0.));
#11041 = ( GEOMETRIC_REPRESENTATION_CONTEXT(2) 
PARAMETRIC_REPRESENTATION_CONTEXT() REPRESENTATION_CONTEXT('2D SPACE',''
  ) );
#11042 = ADVANCED_FACE('',(#11043),#11000,.T.);
#11043 = FACE_BOUND('',#11044,.T.);
#11044 = EDGE_LOOP('',(#11045,#11074,#11093,#11094));
#11045 = ORIENTED_EDGE('',*,*,#11046,.T.);
#11046 = EDGE_CURVE('',#11047,#11047,#11049,.T.);
#11047 = VERTEX_POINT('',#11048);
#11048 = CARTESIAN_POINT('',(25.75,10.,16.1));
#11049 = SURFACE_CURVE('',#11050,(#11055,#11062),.PCURVE_S1.);
#11050 = CIRCLE('',#11051,2.75);
#11051 = AXIS2_PLACEMENT_3D('',#11052,#11053,#11054);
#11052 = CARTESIAN_POINT('',(23.,10.,16.1));
#11053 = DIRECTION('',(-1.325926550505E-63,-4.440892098501E-16,-1.));
#11054 = DIRECTION('',(1.,-7.171462774736E-32,3.184769237102E-47));
#11055 = PCURVE('',#11000,#11056);
#11056 = DEFINITIONAL_REPRESENTATION('',(#11057),#11061);
#11057 = LINE('',#11058,#11059);
#11058 = CARTESIAN_POINT('',(6.28318530718,0.));
#11059 = VECTOR('',#11060,1.);
#11060 = DIRECTION('',(-1.,0.));
#11061 = ( GEOMETRIC_REPRESENTATION_CONTEXT(2) 
PARAMETRIC_REPRESENTATION_CONTEXT() REPRESENTATION_CONTEXT('2D SPACE',''
  ) );
#11062 = PCURVE('',#11063,#11068);
#11063 = CYLINDRICAL_SURFACE('',#11064,2.75);
#11064 = AXIS2_PLACEMENT_3D('',#11065,#11066,#11067);
#11065 = CARTESIAN_POINT('',(23.,10.,19.));
#11066 = DIRECTION('',(0.,-4.440892098501E-16,-1.));
#11067 = DIRECTION('',(1.,2.422304781E-16,-1.07571941621E-31));
#11068 = DEFINITIONAL_REPRESENTATION('',(#11069),#11073);
#11069 = LINE('',#11070,#11071);
#11070 = CARTESIAN_POINT('',(2.422304781E-16,2.9));
#11071 = VECTOR('',#11072,1.);
#11072 = DIRECTION('',(1.,0.));
#11073 = ( GEOMETRIC_REPRESENTATION_CONTEXT(2) 
PARAMETRIC_REPRESENTATION_CONTEXT() REPRESENTATION_CONTEXT('2D SPACE',''
  ) );
#11074 = ORIENTED_EDGE('',*,*,#11075,.F.);
#11075 = EDGE_CURVE('',#10979,#11047,#11076,.T.);
#11076 = SEAM_CURVE('',#11077,(#11081,#11087),.PCURVE_S1.);
#11077 = LINE('',#11078,#11079);
#11078 = CARTESIAN_POINT('',(25.75,10.,16.1));
#11079 = VECTOR('',#11080,1.);
#11080 = DIRECTION('',(0.707106781187,4.85301305411E-16,0.707106781187)
  );
#11081 = PCURVE('',#11000,#11082);
#11082 = DEFINITIONAL_REPRESENTATION('',(#11083),#11086);
#11083 = B_SPLINE_CURVE_WITH_KNOTS('',1,(#11084,#11085),.UNSPECIFIED.,
  .F.,.F.,(2,2),(-0.141421356237,0.),.PIECEWISE_BEZIER_KNOTS.);
#11084 = CARTESIAN_POINT('',(0.,-0.1));
#11085 = CARTESIAN_POINT('',(0.,0.));
#11086 = ( GEOMETRIC_REPRESENTATION_CONTEXT(2) 
PARAMETRIC_REPRESENTATION_CONTEXT() REPRESENTATION_CONTEXT('2D SPACE',''
  ) );
#11087 = PCURVE('',#11000,#11088);
#11088 = DEFINITIONAL_REPRESENTATION('',(#11089),#11092);
#11089 = B_SPLINE_CURVE_WITH_KNOTS('',1,(#11090,#11091),.UNSPECIFIED.,
  .F.,.F.,(2,2),(-0.141421356237,0.),.PIECEWISE_BEZIER_KNOTS.);
#11090 = CARTESIAN_POINT('',(6.283185307179,-0.1));
#11091 = CARTESIAN_POINT('',(6.283185307179,0.));
#11092 = ( GEOMETRIC_REPRESENTATION_CONTEXT(2) 
PARAMETRIC_REPRESENTATION_CONTEXT() REPRESENTATION_CONTEXT('2D SPACE',''
  ) );
#11093 = ORIENTED_EDGE('',*,*,#10978,.F.);
#11094 = ORIENTED_EDGE('',*,*,#11075,.T.);
#11095 = ADVANCED_FACE('',(#11096),#11031,.T.);
#11096 = FACE_BOUND('',#11097,.T.);
#11097 = EDGE_LOOP('',(#11098,#11121,#11122,#11123));
#11098 = ORIENTED_EDGE('',*,*,#11099,.F.);
#11099 = EDGE_CURVE('',#11015,#11100,#11102,.T.);
#11100 = VERTEX_POINT('',#11101);
#11101 = CARTESIAN_POINT('',(24.5,10.,4.4));
#11102 = SEAM_CURVE('',#11103,(#11107,#11114),.PCURVE_S1.);
#11103 = LINE('',#11104,#11105);
#11104 = CARTESIAN_POINT('',(24.5,10.,16.));
#11105 = VECTOR('',#11106,1.);
#11106 = DIRECTION('',(0.,-6.661338147751E-16,-1.));
#11107 = PCURVE('',#11031,#11108);
#11108 = DEFINITIONAL_REPRESENTATION('',(#11109),#11113);
#11109 = LINE('',#11110,#11111);
#11110 = CARTESIAN_POINT('',(0.,0.));
#11111 = VECTOR('',#11112,1.);
#11112 = DIRECTION('',(0.,1.));
#11113 = ( GEOMETRIC_REPRESENTATION_CONTEXT(2) 
PARAMETRIC_REPRESENTATION_CONTEXT() REPRESENTATION_CONTEXT('2D SPACE',''
  ) );
#11114 = PCURVE('',#11031,#11115);
#11115 = DEFINITIONAL_REPRESENTATION('',(#11116),#11120);
#11116 = LINE('',#11117,#11118);
#11117 = CARTESIAN_POINT('',(6.28318530718,0.));
#11118 = VECTOR('',#11119,1.);
#11119 = DIRECTION('',(0.,1.));
#11120 = ( GEOMETRIC_REPRESENTATION_CONTEXT(2) 
PARAMETRIC_REPRESENTATION_CONTEXT() REPRESENTATION_CONTEXT('2D SPACE',''
  ) );
#11121 = ORIENTED_EDGE('',*,*,#11014,.T.);
#11122 = ORIENTED_EDGE('',*,*,#11099,.T.);
#11123 = ORIENTED_EDGE('',*,*,#11124,.F.);
#11124 = EDGE_CURVE('',#11100,#11100,#11125,.T.);
#11125 = SURFACE_CURVE('',#11126,(#11131,#11138),.PCURVE_S1.);
#11126 = CIRCLE('',#11127,1.5);
#11127 = AXIS2_PLACEMENT_3D('',#11128,#11129,#11130);
#11128 = CARTESIAN_POINT('',(23.,10.,4.4));
#11129 = DIRECTION('',(8.758115402966E-47,-4.440892098501E-16,-1.));
#11130 = DIRECTION('',(1.,-1.7763568394E-15,7.88860905221E-31));
#11131 = PCURVE('',#11031,#11132);
#11132 = DEFINITIONAL_REPRESENTATION('',(#11133),#11137);
#11133 = LINE('',#11134,#11135);
#11134 = CARTESIAN_POINT('',(1.7763568394E-15,11.6));
#11135 = VECTOR('',#11136,1.);
#11136 = DIRECTION('',(1.,0.));
#11137 = ( GEOMETRIC_REPRESENTATION_CONTEXT(2) 
PARAMETRIC_REPRESENTATION_CONTEXT() REPRESENTATION_CONTEXT('2D SPACE',''
  ) );
#11138 = PCURVE('',#11139,#11144);
#11139 = CONICAL_SURFACE('',#11140,1.5,0.785398163397);
#11140 = AXIS2_PLACEMENT_3D('',#11141,#11142,#11143);
#11141 = CARTESIAN_POINT('',(23.,10.,4.4));
#11142 = DIRECTION('',(-8.75811540203E-47,4.440892098501E-16,1.));
#11143 = DIRECTION('',(1.,-1.7763568394E-15,7.88860905221E-31));
#11144 = DEFINITIONAL_REPRESENTATION('',(#11145),#11149);
#11145 = LINE('',#11146,#11147);
#11146 = CARTESIAN_POINT('',(6.28318530718,0.));
#11147 = VECTOR('',#11148,1.);
#11148 = DIRECTION('',(-1.,0.));
#11149 = ( GEOMETRIC_REPRESENTATION_CONTEXT(2) 
PARAMETRIC_REPRESENTATION_CONTEXT() REPRESENTATION_CONTEXT('2D SPACE',''
  ) );
#11150 = ADVANCED_FACE('',(#11151),#11063,.T.);
#11151 = FACE_BOUND('',#11152,.T.);
#11152 = EDGE_LOOP('',(#11153,#11176,#11203,#11204));
#11153 = ORIENTED_EDGE('',*,*,#11154,.F.);
#11154 = EDGE_CURVE('',#11155,#11047,#11157,.T.);
#11155 = VERTEX_POINT('',#11156);
#11156 = CARTESIAN_POINT('',(25.75,10.,18.9));
#11157 = SEAM_CURVE('',#11158,(#11162,#11169),.PCURVE_S1.);
#11158 = LINE('',#11159,#11160);
#11159 = CARTESIAN_POINT('',(25.75,10.,19.));
#11160 = VECTOR('',#11161,1.);
#11161 = DIRECTION('',(0.,-6.661338147751E-16,-1.));
#11162 = PCURVE('',#11063,#11163);
#11163 = DEFINITIONAL_REPRESENTATION('',(#11164),#11168);
#11164 = LINE('',#11165,#11166);
#11165 = CARTESIAN_POINT('',(0.,0.));
#11166 = VECTOR('',#11167,1.);
#11167 = DIRECTION('',(0.,1.));
#11168 = ( GEOMETRIC_REPRESENTATION_CONTEXT(2) 
PARAMETRIC_REPRESENTATION_CONTEXT() REPRESENTATION_CONTEXT('2D SPACE',''
  ) );
#11169 = PCURVE('',#11063,#11170);
#11170 = DEFINITIONAL_REPRESENTATION('',(#11171),#11175);
#11171 = LINE('',#11172,#11173);
#11172 = CARTESIAN_POINT('',(6.28318530718,0.));
#11173 = VECTOR('',#11174,1.);
#11174 = DIRECTION('',(0.,1.));
#11175 = ( GEOMETRIC_REPRESENTATION_CONTEXT(2) 
PARAMETRIC_REPRESENTATION_CONTEXT() REPRESENTATION_CONTEXT('2D SPACE',''
  ) );
#11176 = ORIENTED_EDGE('',*,*,#11177,.T.);
#11177 = EDGE_CURVE('',#11155,#11155,#11178,.T.);
#11178 = SURFACE_CURVE('',#11179,(#11184,#11191),.PCURVE_S1.);
#11179 = CIRCLE('',#11180,2.75);
#11180 = AXIS2_PLACEMENT_3D('',#11181,#11182,#11183);
#11181 = CARTESIAN_POINT('',(23.,10.,18.9));
#11182 = DIRECTION('',(9.952403864668E-48,-4.440892098501E-16,-1.));
#11183 = DIRECTION('',(1.,2.422304781E-16,-1.07571941621E-31));
#11184 = PCURVE('',#11063,#11185);
#11185 = DEFINITIONAL_REPRESENTATION('',(#11186),#11190);
#11186 = LINE('',#11187,#11188);
#11187 = CARTESIAN_POINT('',(1.434292554947E-31,0.1));
#11188 = VECTOR('',#11189,1.);
#11189 = DIRECTION('',(1.,0.));
#11190 = ( GEOMETRIC_REPRESENTATION_CONTEXT(2) 
PARAMETRIC_REPRESENTATION_CONTEXT() REPRESENTATION_CONTEXT('2D SPACE',''
  ) );
#11191 = PCURVE('',#11192,#11197);
#11192 = CONICAL_SURFACE('',#11193,2.75,0.785398163397);
#11193 = AXIS2_PLACEMENT_3D('',#11194,#11195,#11196);
#11194 = CARTESIAN_POINT('',(23.,10.,18.9));
#11195 = DIRECTION('',(-0.,-4.440892098501E-16,-1.));
#11196 = DIRECTION('',(1.,2.422304781E-16,-1.07571941621E-31));
#11197 = DEFINITIONAL_REPRESENTATION('',(#11198),#11202);
#11198 = LINE('',#11199,#11200);
#11199 = CARTESIAN_POINT('',(0.,0.));
#11200 = VECTOR('',#11201,1.);
#11201 = DIRECTION('',(1.,-0.));
#11202 = ( GEOMETRIC_REPRESENTATION_CONTEXT(2) 
PARAMETRIC_REPRESENTATION_CONTEXT() REPRESENTATION_CONTEXT('2D SPACE',''
  ) );
#11203 = ORIENTED_EDGE('',*,*,#11154,.T.);
#11204 = ORIENTED_EDGE('',*,*,#11046,.F.);
#11205 = ADVANCED_FACE('',(#11206),#11139,.T.);
#11206 = FACE_BOUND('',#11207,.T.);
#11207 = EDGE_LOOP('',(#11208,#11229,#11230,#11231));
#11208 = ORIENTED_EDGE('',*,*,#11209,.F.);
#11209 = EDGE_CURVE('',#11100,#11210,#11212,.T.);
#11210 = VERTEX_POINT('',#11211);
#11211 = CARTESIAN_POINT('',(24.1,10.,4.));
#11212 = SEAM_CURVE('',#11213,(#11217,#11223),.PCURVE_S1.);
#11213 = LINE('',#11214,#11215);
#11214 = CARTESIAN_POINT('',(24.5,10.,4.4));
#11215 = VECTOR('',#11216,1.);
#11216 = DIRECTION('',(-0.707106781187,-3.140184917366E-16,
    -0.707106781187));
#11217 = PCURVE('',#11139,#11218);
#11218 = DEFINITIONAL_REPRESENTATION('',(#11219),#11222);
#11219 = B_SPLINE_CURVE_WITH_KNOTS('',1,(#11220,#11221),.UNSPECIFIED.,
  .F.,.F.,(2,2),(0.,0.565685424949),.PIECEWISE_BEZIER_KNOTS.);
#11220 = CARTESIAN_POINT('',(6.28318530718,0.));
#11221 = CARTESIAN_POINT('',(6.28318530718,-0.4));
#11222 = ( GEOMETRIC_REPRESENTATION_CONTEXT(2) 
PARAMETRIC_REPRESENTATION_CONTEXT() REPRESENTATION_CONTEXT('2D SPACE',''
  ) );
#11223 = PCURVE('',#11139,#11224);
#11224 = DEFINITIONAL_REPRESENTATION('',(#11225),#11228);
#11225 = B_SPLINE_CURVE_WITH_KNOTS('',1,(#11226,#11227),.UNSPECIFIED.,
  .F.,.F.,(2,2),(0.,0.565685424949),.PIECEWISE_BEZIER_KNOTS.);
#11226 = CARTESIAN_POINT('',(-4.138911435803E-13,0.));
#11227 = CARTESIAN_POINT('',(-4.138911435803E-13,-0.4));
#11228 = ( GEOMETRIC_REPRESENTATION_CONTEXT(2) 
PARAMETRIC_REPRESENTATION_CONTEXT() REPRESENTATION_CONTEXT('2D SPACE',''
  ) );
#11229 = ORIENTED_EDGE('',*,*,#11124,.T.);
#11230 = ORIENTED_EDGE('',*,*,#11209,.T.);
#11231 = ORIENTED_EDGE('',*,*,#11232,.F.);
#11232 = EDGE_CURVE('',#11210,#11210,#11233,.T.);
#11233 = SURFACE_CURVE('',#11234,(#11239,#11246),.PCURVE_S1.);
#11234 = CIRCLE('',#11235,1.1);
#11235 = AXIS2_PLACEMENT_3D('',#11236,#11237,#11238);
#11236 = CARTESIAN_POINT('',(23.,10.,4.));
#11237 = DIRECTION('',(8.758115402966E-47,-4.440892098501E-16,-1.));
#11238 = DIRECTION('',(1.,-1.7763568394E-15,7.88860905221E-31));
#11239 = PCURVE('',#11139,#11240);
#11240 = DEFINITIONAL_REPRESENTATION('',(#11241),#11245);
#11241 = LINE('',#11242,#11243);
#11242 = CARTESIAN_POINT('',(6.28318530718,-0.4));
#11243 = VECTOR('',#11244,1.);
#11244 = DIRECTION('',(-1.,0.));
#11245 = ( GEOMETRIC_REPRESENTATION_CONTEXT(2) 
PARAMETRIC_REPRESENTATION_CONTEXT() REPRESENTATION_CONTEXT('2D SPACE',''
  ) );
#11246 = PCURVE('',#11247,#11252);
#11247 = PLANE('',#11248);
#11248 = AXIS2_PLACEMENT_3D('',#11249,#11250,#11251);
#11249 = CARTESIAN_POINT('',(23.,10.,4.));
#11250 = DIRECTION('',(0.,-4.440892098501E-16,-1.));
#11251 = DIRECTION('',(1.,-1.7763568394E-15,7.88860905221E-31));
#11252 = DEFINITIONAL_REPRESENTATION('',(#11253),#11257);
#11253 = CIRCLE('',#11254,1.1);
#11254 = AXIS2_PLACEMENT_2D('',#11255,#11256);
#11255 = CARTESIAN_POINT('',(0.,0.));
#11256 = DIRECTION('',(1.,3.503246160812E-46));
#11257 = ( GEOMETRIC_REPRESENTATION_CONTEXT(2) 
PARAMETRIC_REPRESENTATION_CONTEXT() REPRESENTATION_CONTEXT('2D SPACE',''
  ) );
#11258 = ADVANCED_FACE('',(#11259),#11192,.T.);
#11259 = FACE_BOUND('',#11260,.T.);
#11260 = EDGE_LOOP('',(#11261,#11290,#11309,#11310));
#11261 = ORIENTED_EDGE('',*,*,#11262,.T.);
#11262 = EDGE_CURVE('',#11263,#11263,#11265,.T.);
#11263 = VERTEX_POINT('',#11264);
#11264 = CARTESIAN_POINT('',(25.65,10.,19.));
#11265 = SURFACE_CURVE('',#11266,(#11271,#11278),.PCURVE_S1.);
#11266 = CIRCLE('',#11267,2.65);
#11267 = AXIS2_PLACEMENT_3D('',#11268,#11269,#11270);
#11268 = CARTESIAN_POINT('',(23.,10.,19.));
#11269 = DIRECTION('',(9.952403864668E-48,-4.440892098501E-16,-1.));
#11270 = DIRECTION('',(1.,2.422304781E-16,-1.07571941621E-31));
#11271 = PCURVE('',#11192,#11272);
#11272 = DEFINITIONAL_REPRESENTATION('',(#11273),#11277);
#11273 = LINE('',#11274,#11275);
#11274 = CARTESIAN_POINT('',(0.,-0.1));
#11275 = VECTOR('',#11276,1.);
#11276 = DIRECTION('',(1.,-0.));
#11277 = ( GEOMETRIC_REPRESENTATION_CONTEXT(2) 
PARAMETRIC_REPRESENTATION_CONTEXT() REPRESENTATION_CONTEXT('2D SPACE',''
  ) );
#11278 = PCURVE('',#11279,#11284);
#11279 = PLANE('',#11280);
#11280 = AXIS2_PLACEMENT_3D('',#11281,#11282,#11283);
#11281 = CARTESIAN_POINT('',(23.,10.,19.));
#11282 = DIRECTION('',(0.,-4.440892098501E-16,-1.));
#11283 = DIRECTION('',(1.,4.594026308794E-16,-2.040157513503E-31));
#11284 = DEFINITIONAL_REPRESENTATION('',(#11285),#11289);
#11285 = CIRCLE('',#11286,2.65);
#11286 = AXIS2_PLACEMENT_2D('',#11287,#11288);
#11287 = CARTESIAN_POINT('',(0.,0.));
#11288 = DIRECTION('',(1.,2.171721527794E-16));
#11289 = ( GEOMETRIC_REPRESENTATION_CONTEXT(2) 
PARAMETRIC_REPRESENTATION_CONTEXT() REPRESENTATION_CONTEXT('2D SPACE',''
  ) );
#11290 = ORIENTED_EDGE('',*,*,#11291,.F.);
#11291 = EDGE_CURVE('',#11155,#11263,#11292,.T.);
#11292 = SEAM_CURVE('',#11293,(#11297,#11303),.PCURVE_S1.);
#11293 = LINE('',#11294,#11295);
#11294 = CARTESIAN_POINT('',(25.75,10.,18.9));
#11295 = VECTOR('',#11296,1.);
#11296 = DIRECTION('',(-0.707106781187,1.427356780621E-16,0.707106781187
    ));
#11297 = PCURVE('',#11192,#11298);
#11298 = DEFINITIONAL_REPRESENTATION('',(#11299),#11302);
#11299 = B_SPLINE_CURVE_WITH_KNOTS('',1,(#11300,#11301),.UNSPECIFIED.,
  .F.,.F.,(2,2),(0.,0.141421356237),.PIECEWISE_BEZIER_KNOTS.);
#11300 = CARTESIAN_POINT('',(6.28318530718,0.));
#11301 = CARTESIAN_POINT('',(6.28318530718,-0.1));
#11302 = ( GEOMETRIC_REPRESENTATION_CONTEXT(2) 
PARAMETRIC_REPRESENTATION_CONTEXT() REPRESENTATION_CONTEXT('2D SPACE',''
  ) );
#11303 = PCURVE('',#11192,#11304);
#11304 = DEFINITIONAL_REPRESENTATION('',(#11305),#11308);
#11305 = B_SPLINE_CURVE_WITH_KNOTS('',1,(#11306,#11307),.UNSPECIFIED.,
  .F.,.F.,(2,2),(0.,0.141421356237),.PIECEWISE_BEZIER_KNOTS.);
#11306 = CARTESIAN_POINT('',(4.138911435803E-13,0.));
#11307 = CARTESIAN_POINT('',(4.138911435803E-13,-0.1));
#11308 = ( GEOMETRIC_REPRESENTATION_CONTEXT(2) 
PARAMETRIC_REPRESENTATION_CONTEXT() REPRESENTATION_CONTEXT('2D SPACE',''
  ) );
#11309 = ORIENTED_EDGE('',*,*,#11177,.F.);
#11310 = ORIENTED_EDGE('',*,*,#11291,.T.);
#11311 = ADVANCED_FACE('',(#11312),#11247,.T.);
#11312 = FACE_BOUND('',#11313,.T.);
#11313 = EDGE_LOOP('',(#11314));
#11314 = ORIENTED_EDGE('',*,*,#11232,.T.);
#11315 = ADVANCED_FACE('',(#11316,#11319),#11279,.F.);
#11316 = FACE_BOUND('',#11317,.T.);
#11317 = EDGE_LOOP('',(#11318));
#11318 = ORIENTED_EDGE('',*,*,#11262,.F.);
#11319 = FACE_BOUND('',#11320,.T.);
#11320 = EDGE_LOOP('',(#11321));
#11321 = ORIENTED_EDGE('',*,*,#11322,.T.);
#11322 = EDGE_CURVE('',#11323,#11323,#11325,.T.);
#11323 = VERTEX_POINT('',#11324);
#11324 = CARTESIAN_POINT('',(24.45,10.,19.));
#11325 = SURFACE_CURVE('',#11326,(#11331,#11338),.PCURVE_S1.);
#11326 = CIRCLE('',#11327,1.45);
#11327 = AXIS2_PLACEMENT_3D('',#11328,#11329,#11330);
#11328 = CARTESIAN_POINT('',(23.,10.,19.));
#11329 = DIRECTION('',(3.020039794733E-48,-4.440892098501E-16,-1.));
#11330 = DIRECTION('',(1.,4.594026308794E-16,-2.040157513503E-31));
#11331 = PCURVE('',#11279,#11332);
#11332 = DEFINITIONAL_REPRESENTATION('',(#11333),#11337);
#11333 = CIRCLE('',#11334,1.45);
#11334 = AXIS2_PLACEMENT_2D('',#11335,#11336);
#11335 = CARTESIAN_POINT('',(0.,0.));
#11336 = DIRECTION('',(1.,-9.060119381412E-47));
#11337 = ( GEOMETRIC_REPRESENTATION_CONTEXT(2) 
PARAMETRIC_REPRESENTATION_CONTEXT() REPRESENTATION_CONTEXT('2D SPACE',''
  ) );
#11338 = PCURVE('',#11339,#11344);
#11339 = CONICAL_SURFACE('',#11340,3.441688219857E-16,0.785397673207);
#11340 = AXIS2_PLACEMENT_3D('',#11341,#11342,#11343);
#11341 = CARTESIAN_POINT('',(23.,10.,17.549998578447));
#11342 = DIRECTION('',(0.,4.440892098501E-16,1.));
#11343 = DIRECTION('',(1.,7.087732770012E-16,-3.147585645463E-31));
#11344 = DEFINITIONAL_REPRESENTATION('',(#11345),#11349);
#11345 = LINE('',#11346,#11347);
#11346 = CARTESIAN_POINT('',(6.28318530718,1.450001421553));
#11347 = VECTOR('',#11348,1.);
#11348 = DIRECTION('',(-1.,0.));
#11349 = ( GEOMETRIC_REPRESENTATION_CONTEXT(2) 
PARAMETRIC_REPRESENTATION_CONTEXT() REPRESENTATION_CONTEXT('2D SPACE',''
  ) );
#11350 = ADVANCED_FACE('',(#11351),#11339,.F.);
#11351 = FACE_BOUND('',#11352,.F.);
#11352 = EDGE_LOOP('',(#11353,#11391,#11427,#11463,#11499,#11535,#11556,
    #11557,#11558));
#11353 = ORIENTED_EDGE('',*,*,#11354,.T.);
#11354 = EDGE_CURVE('',#11355,#11357,#11359,.T.);
#11355 = VERTEX_POINT('',#11356);
#11356 = CARTESIAN_POINT('',(23.721687836487,11.25,18.99337566648));
#11357 = VERTEX_POINT('',#11358);
#11358 = CARTESIAN_POINT('',(22.278312163513,11.25,18.99337566648));
#11359 = SURFACE_CURVE('',#11360,(#11365,#11379),.PCURVE_S1.);
#11360 = HYPERBOLA('',#11361,1.250001225477,1.25);
#11361 = AXIS2_PLACEMENT_3D('',#11362,#11363,#11364);
#11362 = CARTESIAN_POINT('',(23.,11.25,17.549998578447));
#11363 = DIRECTION('',(0.,-1.,8.881784197001E-16));
#11364 = DIRECTION('',(0.,8.881784197001E-16,1.));
#11365 = PCURVE('',#11339,#11366);
#11366 = DEFINITIONAL_REPRESENTATION('',(#11367),#11378);
#11367 = B_SPLINE_CURVE_WITH_KNOTS('',9,(#11368,#11369,#11370,#11371,
    #11372,#11373,#11374,#11375,#11376,#11377),.UNSPECIFIED.,.F.,.F.,(10
    ,10),(-0.55840221658,0.55840221658),.PIECEWISE_BEZIER_KNOTS.);
#11368 = CARTESIAN_POINT('',(1.039338088856,1.450001421553));
#11369 = CARTESIAN_POINT('',(1.14631169429,1.358814631639));
#11370 = CARTESIAN_POINT('',(1.260853407593,1.292746139178));
#11371 = CARTESIAN_POINT('',(1.381805677021,1.249764999553));
#11372 = CARTESIAN_POINT('',(1.507225448684,1.228586187652));
#11373 = CARTESIAN_POINT('',(1.634367205213,1.228586187641));
#11374 = CARTESIAN_POINT('',(1.759786976592,1.249764999566));
#11375 = CARTESIAN_POINT('',(1.88073924602,1.292746139175));
#11376 = CARTESIAN_POINT('',(1.995280959301,1.358814631639));
#11377 = CARTESIAN_POINT('',(2.102254564734,1.450001421553));
#11378 = ( GEOMETRIC_REPRESENTATION_CONTEXT(2) 
PARAMETRIC_REPRESENTATION_CONTEXT() REPRESENTATION_CONTEXT('2D SPACE',''
  ) );
#11379 = PCURVE('',#11380,#11385);
#11380 = PLANE('',#11381);
#11381 = AXIS2_PLACEMENT_3D('',#11382,#11383,#11384);
#11382 = CARTESIAN_POINT('',(22.278312163513,11.25,26.));
#11383 = DIRECTION('',(0.,-1.,8.881784197001E-16));
#11384 = DIRECTION('',(1.,0.,0.));
#11385 = DEFINITIONAL_REPRESENTATION('',(#11386),#11390);
#11386 = HYPERBOLA('',#11387,1.250001225477,1.25);
#11387 = AXIS2_PLACEMENT_2D('',#11388,#11389);
#11388 = CARTESIAN_POINT('',(0.721687836487,-8.450001421553));
#11389 = DIRECTION('',(0.,1.));
#11390 = ( GEOMETRIC_REPRESENTATION_CONTEXT(2) 
PARAMETRIC_REPRESENTATION_CONTEXT() REPRESENTATION_CONTEXT('2D SPACE',''
  ) );
#11391 = ORIENTED_EDGE('',*,*,#11392,.T.);
#11392 = EDGE_CURVE('',#11357,#11393,#11395,.T.);
#11393 = VERTEX_POINT('',#11394);
#11394 = CARTESIAN_POINT('',(21.556624327026,10.,18.99337566648));
#11395 = SURFACE_CURVE('',#11396,(#11401,#11415),.PCURVE_S1.);
#11396 = HYPERBOLA('',#11397,1.250001225476,1.25);
#11397 = AXIS2_PLACEMENT_3D('',#11398,#11399,#11400);
#11398 = CARTESIAN_POINT('',(21.917468245269,10.625,17.549998578447));
#11399 = DIRECTION('',(0.866025403784,-0.5,4.440892098502E-16));
#11400 = DIRECTION('',(-1.922962686384E-16,5.551115123126E-16,1.));
#11401 = PCURVE('',#11339,#11402);
#11402 = DEFINITIONAL_REPRESENTATION('',(#11403),#11414);
#11403 = B_SPLINE_CURVE_WITH_KNOTS('',9,(#11404,#11405,#11406,#11407,
    #11408,#11409,#11410,#11411,#11412,#11413),.UNSPECIFIED.,.F.,.F.,(10
    ,10),(-0.55840221658,0.55840221658),.PIECEWISE_BEZIER_KNOTS.);
#11404 = CARTESIAN_POINT('',(2.086535640053,1.450001421553));
#11405 = CARTESIAN_POINT('',(2.193509245487,1.358814631639));
#11406 = CARTESIAN_POINT('',(2.308050958801,1.292746139173));
#11407 = CARTESIAN_POINT('',(2.429003228284,1.249764999556));
#11408 = CARTESIAN_POINT('',(2.554422999772,1.228586187652));
#11409 = CARTESIAN_POINT('',(2.681564756258,1.228586187631));
#11410 = CARTESIAN_POINT('',(2.806984527724,1.249764999556));
#11411 = CARTESIAN_POINT('',(2.927936797201,1.292746139174));
#11412 = CARTESIAN_POINT('',(3.042478510497,1.358814631639));
#11413 = CARTESIAN_POINT('',(3.149452115931,1.450001421553));
#11414 = ( GEOMETRIC_REPRESENTATION_CONTEXT(2) 
PARAMETRIC_REPRESENTATION_CONTEXT() REPRESENTATION_CONTEXT('2D SPACE',''
  ) );
#11415 = PCURVE('',#11416,#11421);
#11416 = PLANE('',#11417);
#11417 = AXIS2_PLACEMENT_3D('',#11418,#11419,#11420);
#11418 = CARTESIAN_POINT('',(21.556624327026,10.,26.));
#11419 = DIRECTION('',(0.866025403784,-0.5,4.440892098502E-16));
#11420 = DIRECTION('',(0.5,0.866025403784,-7.691850745537E-16));
#11421 = DEFINITIONAL_REPRESENTATION('',(#11422),#11426);
#11422 = HYPERBOLA('',#11423,1.250001225476,1.25);
#11423 = AXIS2_PLACEMENT_2D('',#11424,#11425);
#11424 = CARTESIAN_POINT('',(0.721687836487,-8.450001421553));
#11425 = DIRECTION('',(-3.845925372771E-16,1.));
#11426 = ( GEOMETRIC_REPRESENTATION_CONTEXT(2) 
PARAMETRIC_REPRESENTATION_CONTEXT() REPRESENTATION_CONTEXT('2D SPACE',''
  ) );
#11427 = ORIENTED_EDGE('',*,*,#11428,.T.);
#11428 = EDGE_CURVE('',#11393,#11429,#11431,.T.);
#11429 = VERTEX_POINT('',#11430);
#11430 = CARTESIAN_POINT('',(22.278312163513,8.75,18.99337566648));
#11431 = SURFACE_CURVE('',#11432,(#11437,#11451),.PCURVE_S1.);
#11432 = HYPERBOLA('',#11433,1.250001225476,1.25);
#11433 = AXIS2_PLACEMENT_3D('',#11434,#11435,#11436);
#11434 = CARTESIAN_POINT('',(21.917468245269,9.375,17.549998578447));
#11435 = DIRECTION('',(0.866025403784,0.5,-4.440892098502E-16));
#11436 = DIRECTION('',(1.922962686384E-16,5.551115123126E-16,1.));
#11437 = PCURVE('',#11339,#11438);
#11438 = DEFINITIONAL_REPRESENTATION('',(#11439),#11450);
#11439 = B_SPLINE_CURVE_WITH_KNOTS('',9,(#11440,#11441,#11442,#11443,
    #11444,#11445,#11446,#11447,#11448,#11449),.UNSPECIFIED.,.F.,.F.,(10
    ,10),(-0.55840221658,0.55840221658),.PIECEWISE_BEZIER_KNOTS.);
#11440 = CARTESIAN_POINT('',(3.13373319125,1.450001421553));
#11441 = CARTESIAN_POINT('',(3.240706796683,1.358814631639));
#11442 = CARTESIAN_POINT('',(3.355248509956,1.292746139178));
#11443 = CARTESIAN_POINT('',(3.476200779601,1.249764999535));
#11444 = CARTESIAN_POINT('',(3.601620550686,1.228586187631));
#11445 = CARTESIAN_POINT('',(3.728762307746,1.228586187605));
#11446 = CARTESIAN_POINT('',(3.854182078834,1.249764999568));
#11447 = CARTESIAN_POINT('',(3.975134348416,1.292746139174));
#11448 = CARTESIAN_POINT('',(4.089676061694,1.358814631639));
#11449 = CARTESIAN_POINT('',(4.196649667127,1.450001421553));
#11450 = ( GEOMETRIC_REPRESENTATION_CONTEXT(2) 
PARAMETRIC_REPRESENTATION_CONTEXT() REPRESENTATION_CONTEXT('2D SPACE',''
  ) );
#11451 = PCURVE('',#11452,#11457);
#11452 = PLANE('',#11453);
#11453 = AXIS2_PLACEMENT_3D('',#11454,#11455,#11456);
#11454 = CARTESIAN_POINT('',(22.278312163513,8.75,26.));
#11455 = DIRECTION('',(0.866025403784,0.5,-4.440892098502E-16));
#11456 = DIRECTION('',(-0.5,0.866025403784,-7.691850745537E-16));
#11457 = DEFINITIONAL_REPRESENTATION('',(#11458),#11462);
#11458 = HYPERBOLA('',#11459,1.250001225476,1.25);
#11459 = AXIS2_PLACEMENT_2D('',#11460,#11461);
#11460 = CARTESIAN_POINT('',(0.721687836487,-8.450001421553));
#11461 = DIRECTION('',(-3.845925372771E-16,1.));
#11462 = ( GEOMETRIC_REPRESENTATION_CONTEXT(2) 
PARAMETRIC_REPRESENTATION_CONTEXT() REPRESENTATION_CONTEXT('2D SPACE',''
  ) );
#11463 = ORIENTED_EDGE('',*,*,#11464,.T.);
#11464 = EDGE_CURVE('',#11429,#11465,#11467,.T.);
#11465 = VERTEX_POINT('',#11466);
#11466 = CARTESIAN_POINT('',(23.721687836487,8.75,18.99337566648));
#11467 = SURFACE_CURVE('',#11468,(#11473,#11487),.PCURVE_S1.);
#11468 = HYPERBOLA('',#11469,1.250001225477,1.25);
#11469 = AXIS2_PLACEMENT_3D('',#11470,#11471,#11472);
#11470 = CARTESIAN_POINT('',(23.,8.75,17.549998578447));
#11471 = DIRECTION('',(0.,1.,-8.881784197001E-16));
#11472 = DIRECTION('',(0.,8.881784197001E-16,1.));
#11473 = PCURVE('',#11339,#11474);
#11474 = DEFINITIONAL_REPRESENTATION('',(#11475),#11486);
#11475 = B_SPLINE_CURVE_WITH_KNOTS('',9,(#11476,#11477,#11478,#11479,
    #11480,#11481,#11482,#11483,#11484,#11485),.UNSPECIFIED.,.F.,.F.,(10
    ,10),(-0.55840221658,0.55840221658),.PIECEWISE_BEZIER_KNOTS.);
#11476 = CARTESIAN_POINT('',(4.180930742446,1.450001421553));
#11477 = CARTESIAN_POINT('',(4.28790434788,1.358814631639));
#11478 = CARTESIAN_POINT('',(4.402446061171,1.292746139185));
#11479 = CARTESIAN_POINT('',(4.523398330715,1.249764999532));
#11480 = CARTESIAN_POINT('',(4.64881810197,1.228586187698));
#11481 = CARTESIAN_POINT('',(4.775959858863,1.228586187538));
#11482 = CARTESIAN_POINT('',(4.901379630038,1.249764999589));
#11483 = CARTESIAN_POINT('',(5.022331899606,1.292746139172));
#11484 = CARTESIAN_POINT('',(5.13687361289,1.358814631639));
#11485 = CARTESIAN_POINT('',(5.243847218324,1.450001421553));
#11486 = ( GEOMETRIC_REPRESENTATION_CONTEXT(2) 
PARAMETRIC_REPRESENTATION_CONTEXT() REPRESENTATION_CONTEXT('2D SPACE',''
  ) );
#11487 = PCURVE('',#11488,#11493);
#11488 = PLANE('',#11489);
#11489 = AXIS2_PLACEMENT_3D('',#11490,#11491,#11492);
#11490 = CARTESIAN_POINT('',(23.721687836487,8.75,26.));
#11491 = DIRECTION('',(-0.,1.,-8.881784197001E-16));
#11492 = DIRECTION('',(-1.,0.,0.));
#11493 = DEFINITIONAL_REPRESENTATION('',(#11494),#11498);
#11494 = HYPERBOLA('',#11495,1.250001225477,1.25);
#11495 = AXIS2_PLACEMENT_2D('',#11496,#11497);
#11496 = CARTESIAN_POINT('',(0.721687836487,-8.450001421553));
#11497 = DIRECTION('',(0.,1.));
#11498 = ( GEOMETRIC_REPRESENTATION_CONTEXT(2) 
PARAMETRIC_REPRESENTATION_CONTEXT() REPRESENTATION_CONTEXT('2D SPACE',''
  ) );
#11499 = ORIENTED_EDGE('',*,*,#11500,.T.);
#11500 = EDGE_CURVE('',#11465,#11501,#11503,.T.);
#11501 = VERTEX_POINT('',#11502);
#11502 = CARTESIAN_POINT('',(24.443375672974,10.,18.99337566648));
#11503 = SURFACE_CURVE('',#11504,(#11509,#11523),.PCURVE_S1.);
#11504 = HYPERBOLA('',#11505,1.250001225476,1.25);
#11505 = AXIS2_PLACEMENT_3D('',#11506,#11507,#11508);
#11506 = CARTESIAN_POINT('',(24.082531754731,9.375,17.549998578447));
#11507 = DIRECTION('',(-0.866025403784,0.5,-4.440892098502E-16));
#11508 = DIRECTION('',(-1.922962686384E-16,5.551115123126E-16,1.));
#11509 = PCURVE('',#11339,#11510);
#11510 = DEFINITIONAL_REPRESENTATION('',(#11511),#11522);
#11511 = B_SPLINE_CURVE_WITH_KNOTS('',9,(#11512,#11513,#11514,#11515,
    #11516,#11517,#11518,#11519,#11520,#11521),.UNSPECIFIED.,.F.,.F.,(10
    ,10),(-0.55840221658,0.549306144334),.PIECEWISE_BEZIER_KNOTS.);
#11512 = CARTESIAN_POINT('',(5.228128293643,1.450001421553));
#11513 = CARTESIAN_POINT('',(5.334230627788,1.359557323555));
#11514 = CARTESIAN_POINT('',(5.447778285771,1.293824025724));
#11515 = CARTESIAN_POINT('',(5.567641818777,1.250819804702));
#11516 = CARTESIAN_POINT('',(5.691931317958,1.229284851316));
#11517 = CARTESIAN_POINT('',(5.817980988202,1.228600240134));
#11518 = CARTESIAN_POINT('',(5.942446370588,1.248751099291));
#11519 = CARTESIAN_POINT('',(6.062627441056,1.290326010703));
#11520 = CARTESIAN_POINT('',(6.176596019727,1.354552594962));
#11521 = CARTESIAN_POINT('',(6.28318530718,1.443377088032));
#11522 = ( GEOMETRIC_REPRESENTATION_CONTEXT(2) 
PARAMETRIC_REPRESENTATION_CONTEXT() REPRESENTATION_CONTEXT('2D SPACE',''
  ) );
#11523 = PCURVE('',#11524,#11529);
#11524 = PLANE('',#11525);
#11525 = AXIS2_PLACEMENT_3D('',#11526,#11527,#11528);
#11526 = CARTESIAN_POINT('',(24.443375672974,10.,26.));
#11527 = DIRECTION('',(-0.866025403784,0.5,-4.440892098502E-16));
#11528 = DIRECTION('',(-0.5,-0.866025403784,7.691850745537E-16));
#11529 = DEFINITIONAL_REPRESENTATION('',(#11530),#11534);
#11530 = HYPERBOLA('',#11531,1.250001225476,1.25);
#11531 = AXIS2_PLACEMENT_2D('',#11532,#11533);
#11532 = CARTESIAN_POINT('',(0.721687836487,-8.450001421553));
#11533 = DIRECTION('',(3.845925372771E-16,1.));
#11534 = ( GEOMETRIC_REPRESENTATION_CONTEXT(2) 
PARAMETRIC_REPRESENTATION_CONTEXT() REPRESENTATION_CONTEXT('2D SPACE',''
  ) );
#11535 = ORIENTED_EDGE('',*,*,#11536,.T.);
#11536 = EDGE_CURVE('',#11501,#11323,#11537,.T.);
#11537 = SEAM_CURVE('',#11538,(#11542,#11549),.PCURVE_S1.);
#11538 = LINE('',#11539,#11540);
#11539 = CARTESIAN_POINT('',(23.,10.,17.549998578447));
#11540 = VECTOR('',#11541,1.);
#11541 = DIRECTION('',(0.70710643457,4.710279684983E-16,0.707107127803)
  );
#11542 = PCURVE('',#11339,#11543);
#11543 = DEFINITIONAL_REPRESENTATION('',(#11544),#11548);
#11544 = LINE('',#11545,#11546);
#11545 = CARTESIAN_POINT('',(6.28318530718,0.));
#11546 = VECTOR('',#11547,1.);
#11547 = DIRECTION('',(-0.,1.));
#11548 = ( GEOMETRIC_REPRESENTATION_CONTEXT(2) 
PARAMETRIC_REPRESENTATION_CONTEXT() REPRESENTATION_CONTEXT('2D SPACE',''
  ) );
#11549 = PCURVE('',#11339,#11550);
#11550 = DEFINITIONAL_REPRESENTATION('',(#11551),#11555);
#11551 = LINE('',#11552,#11553);
#11552 = CARTESIAN_POINT('',(-4.138911435803E-13,0.));
#11553 = VECTOR('',#11554,1.);
#11554 = DIRECTION('',(-0.,1.));
#11555 = ( GEOMETRIC_REPRESENTATION_CONTEXT(2) 
PARAMETRIC_REPRESENTATION_CONTEXT() REPRESENTATION_CONTEXT('2D SPACE',''
  ) );
#11556 = ORIENTED_EDGE('',*,*,#11322,.T.);
#11557 = ORIENTED_EDGE('',*,*,#11536,.F.);
#11558 = ORIENTED_EDGE('',*,*,#11559,.T.);
#11559 = EDGE_CURVE('',#11501,#11355,#11560,.T.);
#11560 = SURFACE_CURVE('',#11561,(#11566,#11580),.PCURVE_S1.);
#11561 = HYPERBOLA('',#11562,1.250001225476,1.25);
#11562 = AXIS2_PLACEMENT_3D('',#11563,#11564,#11565);
#11563 = CARTESIAN_POINT('',(24.082531754731,10.625,17.549998578447));
#11564 = DIRECTION('',(-0.866025403784,-0.5,4.440892098502E-16));
#11565 = DIRECTION('',(1.922962686384E-16,5.551115123126E-16,1.));
#11566 = PCURVE('',#11339,#11567);
#11567 = DEFINITIONAL_REPRESENTATION('',(#11568),#11579);
#11568 = B_SPLINE_CURVE_WITH_KNOTS('',9,(#11569,#11570,#11571,#11572,
    #11573,#11574,#11575,#11576,#11577,#11578),.UNSPECIFIED.,.F.,.F.,(10
    ,10),(-0.549306144334,0.55840221658),.PIECEWISE_BEZIER_KNOTS.);
#11569 = CARTESIAN_POINT('',(-4.138911435803E-13,1.443377088032));
#11570 = CARTESIAN_POINT('',(0.106589287454,1.354552594962));
#11571 = CARTESIAN_POINT('',(0.22055786611,1.290326010708));
#11572 = CARTESIAN_POINT('',(0.340738936702,1.248751099252));
#11573 = CARTESIAN_POINT('',(0.465204318763,1.22860024018));
#11574 = CARTESIAN_POINT('',(0.591253989358,1.22928485127));
#11575 = CARTESIAN_POINT('',(0.715543488371,1.250819804723));
#11576 = CARTESIAN_POINT('',(0.835407021448,1.293824025712));
#11577 = CARTESIAN_POINT('',(0.948954679392,1.359557323555));
#11578 = CARTESIAN_POINT('',(1.055057013538,1.450001421553));
#11579 = ( GEOMETRIC_REPRESENTATION_CONTEXT(2) 
PARAMETRIC_REPRESENTATION_CONTEXT() REPRESENTATION_CONTEXT('2D SPACE',''
  ) );
#11580 = PCURVE('',#11581,#11586);
#11581 = PLANE('',#11582);
#11582 = AXIS2_PLACEMENT_3D('',#11583,#11584,#11585);
#11583 = CARTESIAN_POINT('',(23.721687836487,11.25,26.));
#11584 = DIRECTION('',(-0.866025403784,-0.5,4.440892098502E-16));
#11585 = DIRECTION('',(0.5,-0.866025403784,7.691850745537E-16));
#11586 = DEFINITIONAL_REPRESENTATION('',(#11587),#11591);
#11587 = HYPERBOLA('',#11588,1.250001225476,1.25);
#11588 = AXIS2_PLACEMENT_2D('',#11589,#11590);
#11589 = CARTESIAN_POINT('',(0.721687836487,-8.450001421553));
#11590 = DIRECTION('',(3.845925372771E-16,1.));
#11591 = ( GEOMETRIC_REPRESENTATION_CONTEXT(2) 
PARAMETRIC_REPRESENTATION_CONTEXT() REPRESENTATION_CONTEXT('2D SPACE',''
  ) );
#11592 = ADVANCED_FACE('',(#11593),#11581,.T.);
#11593 = FACE_BOUND('',#11594,.T.);
#11594 = EDGE_LOOP('',(#11595,#11596,#11619,#11655));
#11595 = ORIENTED_EDGE('',*,*,#11559,.T.);
#11596 = ORIENTED_EDGE('',*,*,#11597,.T.);
#11597 = EDGE_CURVE('',#11355,#11598,#11600,.T.);
#11598 = VERTEX_POINT('',#11599);
#11599 = CARTESIAN_POINT('',(23.721687836487,11.25,16.824426932662));
#11600 = SURFACE_CURVE('',#11601,(#11605,#11612),.PCURVE_S1.);
#11601 = LINE('',#11602,#11603);
#11602 = CARTESIAN_POINT('',(23.721687836487,11.25,26.));
#11603 = VECTOR('',#11604,1.);
#11604 = DIRECTION('',(0.,-8.881784197001E-16,-1.));
#11605 = PCURVE('',#11581,#11606);
#11606 = DEFINITIONAL_REPRESENTATION('',(#11607),#11611);
#11607 = LINE('',#11608,#11609);
#11608 = CARTESIAN_POINT('',(0.,0.));
#11609 = VECTOR('',#11610,1.);
#11610 = DIRECTION('',(-3.855557674268E-28,-1.));
#11611 = ( GEOMETRIC_REPRESENTATION_CONTEXT(2) 
PARAMETRIC_REPRESENTATION_CONTEXT() REPRESENTATION_CONTEXT('2D SPACE',''
  ) );
#11612 = PCURVE('',#11380,#11613);
#11613 = DEFINITIONAL_REPRESENTATION('',(#11614),#11618);
#11614 = LINE('',#11615,#11616);
#11615 = CARTESIAN_POINT('',(1.443375672974,0.));
#11616 = VECTOR('',#11617,1.);
#11617 = DIRECTION('',(0.,-1.));
#11618 = ( GEOMETRIC_REPRESENTATION_CONTEXT(2) 
PARAMETRIC_REPRESENTATION_CONTEXT() REPRESENTATION_CONTEXT('2D SPACE',''
  ) );
#11619 = ORIENTED_EDGE('',*,*,#11620,.F.);
#11620 = EDGE_CURVE('',#11621,#11598,#11623,.T.);
#11621 = VERTEX_POINT('',#11622);
#11622 = CARTESIAN_POINT('',(24.443375672974,10.,16.824426932662));
#11623 = SURFACE_CURVE('',#11624,(#11629,#11636),.PCURVE_S1.);
#11624 = HYPERBOLA('',#11625,0.454963467216,1.25);
#11625 = AXIS2_PLACEMENT_3D('',#11626,#11627,#11628);
#11626 = CARTESIAN_POINT('',(24.082531754731,10.625,16.299080372125));
#11627 = DIRECTION('',(-0.866025403784,-0.5,4.440892098502E-16));
#11628 = DIRECTION('',(-4.326600975418E-29,8.881784197001E-16,1.));
#11629 = PCURVE('',#11581,#11630);
#11630 = DEFINITIONAL_REPRESENTATION('',(#11631),#11635);
#11631 = HYPERBOLA('',#11632,0.454963467216,1.25);
#11632 = AXIS2_PLACEMENT_2D('',#11633,#11634);
#11633 = CARTESIAN_POINT('',(0.721687836487,-9.700919627875));
#11634 = DIRECTION('',(3.855557674268E-28,1.));
#11635 = ( GEOMETRIC_REPRESENTATION_CONTEXT(2) 
PARAMETRIC_REPRESENTATION_CONTEXT() REPRESENTATION_CONTEXT('2D SPACE',''
  ) );
#11636 = PCURVE('',#11637,#11642);
#11637 = CONICAL_SURFACE('',#11638,6.640918306942E-17,1.22173);
#11638 = AXIS2_PLACEMENT_3D('',#11639,#11640,#11641);
#11639 = CARTESIAN_POINT('',(23.,10.,16.299080372125));
#11640 = DIRECTION('',(0.,8.881784197001E-16,1.));
#11641 = DIRECTION('',(1.,1.514889354313E-16,-1.345492032734E-31));
#11642 = DEFINITIONAL_REPRESENTATION('',(#11643),#11654);
#11643 = B_SPLINE_CURVE_WITH_KNOTS('',9,(#11644,#11645,#11646,#11647,
    #11648,#11649,#11650,#11651,#11652,#11653),.UNSPECIFIED.,.F.,.F.,(10
    ,10),(-0.549306144334,0.549306144334),.PIECEWISE_BEZIER_KNOTS.);
#11644 = CARTESIAN_POINT('',(-4.138911435803E-13,0.525346560537));
#11645 = CARTESIAN_POINT('',(0.105714017311,0.493282550051));
#11646 = CARTESIAN_POINT('',(0.218686762078,0.470025018626));
#11647 = CARTESIAN_POINT('',(0.337778866987,0.454882901967));
#11648 = CARTESIAN_POINT('',(0.461119290295,0.447418203466));
#11649 = CARTESIAN_POINT('',(0.586078086357,0.447418204259));
#11650 = CARTESIAN_POINT('',(0.709418934657,0.454882901435));
#11651 = CARTESIAN_POINT('',(0.82851073268,0.470025018555));
#11652 = CARTESIAN_POINT('',(0.941483504018,0.493282549804));
#11653 = CARTESIAN_POINT('',(1.04719755172,0.525346560116));
#11654 = ( GEOMETRIC_REPRESENTATION_CONTEXT(2) 
PARAMETRIC_REPRESENTATION_CONTEXT() REPRESENTATION_CONTEXT('2D SPACE',''
  ) );
#11655 = ORIENTED_EDGE('',*,*,#11656,.F.);
#11656 = EDGE_CURVE('',#11501,#11621,#11657,.T.);
#11657 = SURFACE_CURVE('',#11658,(#11662,#11669),.PCURVE_S1.);
#11658 = LINE('',#11659,#11660);
#11659 = CARTESIAN_POINT('',(24.443375672974,10.,26.));
#11660 = VECTOR('',#11661,1.);
#11661 = DIRECTION('',(0.,-8.881784197001E-16,-1.));
#11662 = PCURVE('',#11581,#11663);
#11663 = DEFINITIONAL_REPRESENTATION('',(#11664),#11668);
#11664 = LINE('',#11665,#11666);
#11665 = CARTESIAN_POINT('',(1.443375672974,-1.110223024626E-15));
#11666 = VECTOR('',#11667,1.);
#11667 = DIRECTION('',(-3.855557674268E-28,-1.));
#11668 = ( GEOMETRIC_REPRESENTATION_CONTEXT(2) 
PARAMETRIC_REPRESENTATION_CONTEXT() REPRESENTATION_CONTEXT('2D SPACE',''
  ) );
#11669 = PCURVE('',#11524,#11670);
#11670 = DEFINITIONAL_REPRESENTATION('',(#11671),#11675);
#11671 = LINE('',#11672,#11673);
#11672 = CARTESIAN_POINT('',(0.,0.));
#11673 = VECTOR('',#11674,1.);
#11674 = DIRECTION('',(-3.855557674268E-28,-1.));
#11675 = ( GEOMETRIC_REPRESENTATION_CONTEXT(2) 
PARAMETRIC_REPRESENTATION_CONTEXT() REPRESENTATION_CONTEXT('2D SPACE',''
  ) );
#11676 = ADVANCED_FACE('',(#11677),#11380,.T.);
#11677 = FACE_BOUND('',#11678,.T.);
#11678 = EDGE_LOOP('',(#11679,#11680,#11703,#11732));
#11679 = ORIENTED_EDGE('',*,*,#11354,.T.);
#11680 = ORIENTED_EDGE('',*,*,#11681,.T.);
#11681 = EDGE_CURVE('',#11357,#11682,#11684,.T.);
#11682 = VERTEX_POINT('',#11683);
#11683 = CARTESIAN_POINT('',(22.278312163513,11.25,16.824426932662));
#11684 = SURFACE_CURVE('',#11685,(#11689,#11696),.PCURVE_S1.);
#11685 = LINE('',#11686,#11687);
#11686 = CARTESIAN_POINT('',(22.278312163513,11.25,26.));
#11687 = VECTOR('',#11688,1.);
#11688 = DIRECTION('',(0.,-8.881784197001E-16,-1.));
#11689 = PCURVE('',#11380,#11690);
#11690 = DEFINITIONAL_REPRESENTATION('',(#11691),#11695);
#11691 = LINE('',#11692,#11693);
#11692 = CARTESIAN_POINT('',(0.,0.));
#11693 = VECTOR('',#11694,1.);
#11694 = DIRECTION('',(0.,-1.));
#11695 = ( GEOMETRIC_REPRESENTATION_CONTEXT(2) 
PARAMETRIC_REPRESENTATION_CONTEXT() REPRESENTATION_CONTEXT('2D SPACE',''
  ) );
#11696 = PCURVE('',#11416,#11697);
#11697 = DEFINITIONAL_REPRESENTATION('',(#11698),#11702);
#11698 = LINE('',#11699,#11700);
#11699 = CARTESIAN_POINT('',(1.443375672974,1.110223024626E-15));
#11700 = VECTOR('',#11701,1.);
#11701 = DIRECTION('',(3.855557674268E-28,-1.));
#11702 = ( GEOMETRIC_REPRESENTATION_CONTEXT(2) 
PARAMETRIC_REPRESENTATION_CONTEXT() REPRESENTATION_CONTEXT('2D SPACE',''
  ) );
#11703 = ORIENTED_EDGE('',*,*,#11704,.F.);
#11704 = EDGE_CURVE('',#11598,#11682,#11705,.T.);
#11705 = SURFACE_CURVE('',#11706,(#11711,#11718),.PCURVE_S1.);
#11706 = HYPERBOLA('',#11707,0.454963467216,1.25);
#11707 = AXIS2_PLACEMENT_3D('',#11708,#11709,#11710);
#11708 = CARTESIAN_POINT('',(23.,11.25,16.299080372125));
#11709 = DIRECTION('',(0.,-1.,8.881784197001E-16));
#11710 = DIRECTION('',(0.,8.881784197001E-16,1.));
#11711 = PCURVE('',#11380,#11712);
#11712 = DEFINITIONAL_REPRESENTATION('',(#11713),#11717);
#11713 = HYPERBOLA('',#11714,0.454963467216,1.25);
#11714 = AXIS2_PLACEMENT_2D('',#11715,#11716);
#11715 = CARTESIAN_POINT('',(0.721687836487,-9.700919627875));
#11716 = DIRECTION('',(0.,1.));
#11717 = ( GEOMETRIC_REPRESENTATION_CONTEXT(2) 
PARAMETRIC_REPRESENTATION_CONTEXT() REPRESENTATION_CONTEXT('2D SPACE',''
  ) );
#11718 = PCURVE('',#11637,#11719);
#11719 = DEFINITIONAL_REPRESENTATION('',(#11720),#11731);
#11720 = B_SPLINE_CURVE_WITH_KNOTS('',9,(#11721,#11722,#11723,#11724,
    #11725,#11726,#11727,#11728,#11729,#11730),.UNSPECIFIED.,.F.,.F.,(10
    ,10),(-0.646774826402,0.646774826402),.PIECEWISE_BEZIER_KNOTS.);
#11721 = CARTESIAN_POINT('',(0.964905207956,0.553486946207));
#11722 = CARTESIAN_POINT('',(1.083048682524,0.508182821976));
#11723 = CARTESIAN_POINT('',(1.212070841286,0.47574166301));
#11724 = CARTESIAN_POINT('',(1.35073639829,0.454809791019));
#11725 = CARTESIAN_POINT('',(1.496451142968,0.4445459758));
#11726 = CARTESIAN_POINT('',(1.645141510769,0.444545975797));
#11727 = CARTESIAN_POINT('',(1.790856255251,0.45480979102));
#11728 = CARTESIAN_POINT('',(1.929521812348,0.475741663012));
#11729 = CARTESIAN_POINT('',(2.058543971067,0.508182821976));
#11730 = CARTESIAN_POINT('',(2.176687445635,0.553486946207));
#11731 = ( GEOMETRIC_REPRESENTATION_CONTEXT(2) 
PARAMETRIC_REPRESENTATION_CONTEXT() REPRESENTATION_CONTEXT('2D SPACE',''
  ) );
#11732 = ORIENTED_EDGE('',*,*,#11597,.F.);
#11733 = ADVANCED_FACE('',(#11734),#11416,.T.);
#11734 = FACE_BOUND('',#11735,.T.);
#11735 = EDGE_LOOP('',(#11736,#11737,#11760,#11789));
#11736 = ORIENTED_EDGE('',*,*,#11392,.T.);
#11737 = ORIENTED_EDGE('',*,*,#11738,.T.);
#11738 = EDGE_CURVE('',#11393,#11739,#11741,.T.);
#11739 = VERTEX_POINT('',#11740);
#11740 = CARTESIAN_POINT('',(21.556624327026,10.,16.824426932662));
#11741 = SURFACE_CURVE('',#11742,(#11746,#11753),.PCURVE_S1.);
#11742 = LINE('',#11743,#11744);
#11743 = CARTESIAN_POINT('',(21.556624327026,10.,26.));
#11744 = VECTOR('',#11745,1.);
#11745 = DIRECTION('',(0.,-8.881784197001E-16,-1.));
#11746 = PCURVE('',#11416,#11747);
#11747 = DEFINITIONAL_REPRESENTATION('',(#11748),#11752);
#11748 = LINE('',#11749,#11750);
#11749 = CARTESIAN_POINT('',(0.,0.));
#11750 = VECTOR('',#11751,1.);
#11751 = DIRECTION('',(3.855557674268E-28,-1.));
#11752 = ( GEOMETRIC_REPRESENTATION_CONTEXT(2) 
PARAMETRIC_REPRESENTATION_CONTEXT() REPRESENTATION_CONTEXT('2D SPACE',''
  ) );
#11753 = PCURVE('',#11452,#11754);
#11754 = DEFINITIONAL_REPRESENTATION('',(#11755),#11759);
#11755 = LINE('',#11756,#11757);
#11756 = CARTESIAN_POINT('',(1.443375672974,1.110223024626E-15));
#11757 = VECTOR('',#11758,1.);
#11758 = DIRECTION('',(3.855557674268E-28,-1.));
#11759 = ( GEOMETRIC_REPRESENTATION_CONTEXT(2) 
PARAMETRIC_REPRESENTATION_CONTEXT() REPRESENTATION_CONTEXT('2D SPACE',''
  ) );
#11760 = ORIENTED_EDGE('',*,*,#11761,.F.);
#11761 = EDGE_CURVE('',#11682,#11739,#11762,.T.);
#11762 = SURFACE_CURVE('',#11763,(#11768,#11775),.PCURVE_S1.);
#11763 = HYPERBOLA('',#11764,0.454963467216,1.25);
#11764 = AXIS2_PLACEMENT_3D('',#11765,#11766,#11767);
#11765 = CARTESIAN_POINT('',(21.917468245269,10.625,16.299080372125));
#11766 = DIRECTION('',(0.866025403784,-0.5,4.440892098502E-16));
#11767 = DIRECTION('',(4.326600975418E-29,8.881784197001E-16,1.));
#11768 = PCURVE('',#11416,#11769);
#11769 = DEFINITIONAL_REPRESENTATION('',(#11770),#11774);
#11770 = HYPERBOLA('',#11771,0.454963467216,1.25);
#11771 = AXIS2_PLACEMENT_2D('',#11772,#11773);
#11772 = CARTESIAN_POINT('',(0.721687836487,-9.700919627875));
#11773 = DIRECTION('',(-3.855557674268E-28,1.));
#11774 = ( GEOMETRIC_REPRESENTATION_CONTEXT(2) 
PARAMETRIC_REPRESENTATION_CONTEXT() REPRESENTATION_CONTEXT('2D SPACE',''
  ) );
#11775 = PCURVE('',#11637,#11776);
#11776 = DEFINITIONAL_REPRESENTATION('',(#11777),#11788);
#11777 = B_SPLINE_CURVE_WITH_KNOTS('',9,(#11778,#11779,#11780,#11781,
    #11782,#11783,#11784,#11785,#11786,#11787),.UNSPECIFIED.,.F.,.F.,(10
    ,10),(-0.646774826402,0.646774826402),.PIECEWISE_BEZIER_KNOTS.);
#11778 = CARTESIAN_POINT('',(2.012102759153,0.553486946207));
#11779 = CARTESIAN_POINT('',(2.13024623372,0.508182821976));
#11780 = CARTESIAN_POINT('',(2.259268392443,0.475741663011));
#11781 = CARTESIAN_POINT('',(2.397933949582,0.454809791026));
#11782 = CARTESIAN_POINT('',(2.54364869391,0.444545975815));
#11783 = CARTESIAN_POINT('',(2.69233906209,0.444545975782));
#11784 = CARTESIAN_POINT('',(2.838053806397,0.454809791032));
#11785 = CARTESIAN_POINT('',(2.976719363556,0.475741663009));
#11786 = CARTESIAN_POINT('',(3.105741522263,0.508182821976));
#11787 = CARTESIAN_POINT('',(3.223884996831,0.553486946207));
#11788 = ( GEOMETRIC_REPRESENTATION_CONTEXT(2) 
PARAMETRIC_REPRESENTATION_CONTEXT() REPRESENTATION_CONTEXT('2D SPACE',''
  ) );
#11789 = ORIENTED_EDGE('',*,*,#11681,.F.);
#11790 = ADVANCED_FACE('',(#11791),#11452,.T.);
#11791 = FACE_BOUND('',#11792,.T.);
#11792 = EDGE_LOOP('',(#11793,#11794,#11817,#11846));
#11793 = ORIENTED_EDGE('',*,*,#11428,.T.);
#11794 = ORIENTED_EDGE('',*,*,#11795,.T.);
#11795 = EDGE_CURVE('',#11429,#11796,#11798,.T.);
#11796 = VERTEX_POINT('',#11797);
#11797 = CARTESIAN_POINT('',(22.278312163513,8.75,16.824426932662));
#11798 = SURFACE_CURVE('',#11799,(#11803,#11810),.PCURVE_S1.);
#11799 = LINE('',#11800,#11801);
#11800 = CARTESIAN_POINT('',(22.278312163513,8.75,26.));
#11801 = VECTOR('',#11802,1.);
#11802 = DIRECTION('',(0.,-8.881784197001E-16,-1.));
#11803 = PCURVE('',#11452,#11804);
#11804 = DEFINITIONAL_REPRESENTATION('',(#11805),#11809);
#11805 = LINE('',#11806,#11807);
#11806 = CARTESIAN_POINT('',(0.,0.));
#11807 = VECTOR('',#11808,1.);
#11808 = DIRECTION('',(3.855557674268E-28,-1.));
#11809 = ( GEOMETRIC_REPRESENTATION_CONTEXT(2) 
PARAMETRIC_REPRESENTATION_CONTEXT() REPRESENTATION_CONTEXT('2D SPACE',''
  ) );
#11810 = PCURVE('',#11488,#11811);
#11811 = DEFINITIONAL_REPRESENTATION('',(#11812),#11816);
#11812 = LINE('',#11813,#11814);
#11813 = CARTESIAN_POINT('',(1.443375672974,0.));
#11814 = VECTOR('',#11815,1.);
#11815 = DIRECTION('',(-0.,-1.));
#11816 = ( GEOMETRIC_REPRESENTATION_CONTEXT(2) 
PARAMETRIC_REPRESENTATION_CONTEXT() REPRESENTATION_CONTEXT('2D SPACE',''
  ) );
#11817 = ORIENTED_EDGE('',*,*,#11818,.F.);
#11818 = EDGE_CURVE('',#11739,#11796,#11819,.T.);
#11819 = SURFACE_CURVE('',#11820,(#11825,#11832),.PCURVE_S1.);
#11820 = HYPERBOLA('',#11821,0.454963467216,1.25);
#11821 = AXIS2_PLACEMENT_3D('',#11822,#11823,#11824);
#11822 = CARTESIAN_POINT('',(21.917468245269,9.375,16.299080372125));
#11823 = DIRECTION('',(0.866025403784,0.5,-4.440892098502E-16));
#11824 = DIRECTION('',(-4.326600975418E-29,8.881784197001E-16,1.));
#11825 = PCURVE('',#11452,#11826);
#11826 = DEFINITIONAL_REPRESENTATION('',(#11827),#11831);
#11827 = HYPERBOLA('',#11828,0.454963467216,1.25);
#11828 = AXIS2_PLACEMENT_2D('',#11829,#11830);
#11829 = CARTESIAN_POINT('',(0.721687836487,-9.700919627875));
#11830 = DIRECTION('',(-3.855557674268E-28,1.));
#11831 = ( GEOMETRIC_REPRESENTATION_CONTEXT(2) 
PARAMETRIC_REPRESENTATION_CONTEXT() REPRESENTATION_CONTEXT('2D SPACE',''
  ) );
#11832 = PCURVE('',#11637,#11833);
#11833 = DEFINITIONAL_REPRESENTATION('',(#11834),#11845);
#11834 = B_SPLINE_CURVE_WITH_KNOTS('',9,(#11835,#11836,#11837,#11838,
    #11839,#11840,#11841,#11842,#11843,#11844),.UNSPECIFIED.,.F.,.F.,(10
    ,10),(-0.646774826402,0.646774826402),.PIECEWISE_BEZIER_KNOTS.);
#11835 = CARTESIAN_POINT('',(3.059300310349,0.553486946207));
#11836 = CARTESIAN_POINT('',(3.177443784917,0.508182821976));
#11837 = CARTESIAN_POINT('',(3.306465943706,0.475741663006));
#11838 = CARTESIAN_POINT('',(3.445131500524,0.454809791048));
#11839 = CARTESIAN_POINT('',(3.590846245704,0.444545975751));
#11840 = CARTESIAN_POINT('',(3.739536612662,0.444545975849));
#11841 = CARTESIAN_POINT('',(3.885251357871,0.454809791005));
#11842 = CARTESIAN_POINT('',(4.023916914684,0.475741663017));
#11843 = CARTESIAN_POINT('',(4.15293907346,0.508182821976));
#11844 = CARTESIAN_POINT('',(4.271082548028,0.553486946207));
#11845 = ( GEOMETRIC_REPRESENTATION_CONTEXT(2) 
PARAMETRIC_REPRESENTATION_CONTEXT() REPRESENTATION_CONTEXT('2D SPACE',''
  ) );
#11846 = ORIENTED_EDGE('',*,*,#11738,.F.);
#11847 = ADVANCED_FACE('',(#11848),#11488,.T.);
#11848 = FACE_BOUND('',#11849,.T.);
#11849 = EDGE_LOOP('',(#11850,#11851,#11874,#11903));
#11850 = ORIENTED_EDGE('',*,*,#11464,.T.);
#11851 = ORIENTED_EDGE('',*,*,#11852,.T.);
#11852 = EDGE_CURVE('',#11465,#11853,#11855,.T.);
#11853 = VERTEX_POINT('',#11854);
#11854 = CARTESIAN_POINT('',(23.721687836487,8.75,16.824426932662));
#11855 = SURFACE_CURVE('',#11856,(#11860,#11867),.PCURVE_S1.);
#11856 = LINE('',#11857,#11858);
#11857 = CARTESIAN_POINT('',(23.721687836487,8.75,26.));
#11858 = VECTOR('',#11859,1.);
#11859 = DIRECTION('',(0.,-8.881784197001E-16,-1.));
#11860 = PCURVE('',#11488,#11861);
#11861 = DEFINITIONAL_REPRESENTATION('',(#11862),#11866);
#11862 = LINE('',#11863,#11864);
#11863 = CARTESIAN_POINT('',(0.,0.));
#11864 = VECTOR('',#11865,1.);
#11865 = DIRECTION('',(-0.,-1.));
#11866 = ( GEOMETRIC_REPRESENTATION_CONTEXT(2) 
PARAMETRIC_REPRESENTATION_CONTEXT() REPRESENTATION_CONTEXT('2D SPACE',''
  ) );
#11867 = PCURVE('',#11524,#11868);
#11868 = DEFINITIONAL_REPRESENTATION('',(#11869),#11873);
#11869 = LINE('',#11870,#11871);
#11870 = CARTESIAN_POINT('',(1.443375672974,-1.110223024626E-15));
#11871 = VECTOR('',#11872,1.);
#11872 = DIRECTION('',(-3.855557674268E-28,-1.));
#11873 = ( GEOMETRIC_REPRESENTATION_CONTEXT(2) 
PARAMETRIC_REPRESENTATION_CONTEXT() REPRESENTATION_CONTEXT('2D SPACE',''
  ) );
#11874 = ORIENTED_EDGE('',*,*,#11875,.F.);
#11875 = EDGE_CURVE('',#11796,#11853,#11876,.T.);
#11876 = SURFACE_CURVE('',#11877,(#11882,#11889),.PCURVE_S1.);
#11877 = HYPERBOLA('',#11878,0.454963467216,1.25);
#11878 = AXIS2_PLACEMENT_3D('',#11879,#11880,#11881);
#11879 = CARTESIAN_POINT('',(23.,8.75,16.299080372125));
#11880 = DIRECTION('',(0.,1.,-8.881784197001E-16));
#11881 = DIRECTION('',(0.,8.881784197001E-16,1.));
#11882 = PCURVE('',#11488,#11883);
#11883 = DEFINITIONAL_REPRESENTATION('',(#11884),#11888);
#11884 = HYPERBOLA('',#11885,0.454963467216,1.25);
#11885 = AXIS2_PLACEMENT_2D('',#11886,#11887);
#11886 = CARTESIAN_POINT('',(0.721687836487,-9.700919627875));
#11887 = DIRECTION('',(0.,1.));
#11888 = ( GEOMETRIC_REPRESENTATION_CONTEXT(2) 
PARAMETRIC_REPRESENTATION_CONTEXT() REPRESENTATION_CONTEXT('2D SPACE',''
  ) );
#11889 = PCURVE('',#11637,#11890);
#11890 = DEFINITIONAL_REPRESENTATION('',(#11891),#11902);
#11891 = B_SPLINE_CURVE_WITH_KNOTS('',9,(#11892,#11893,#11894,#11895,
    #11896,#11897,#11898,#11899,#11900,#11901),.UNSPECIFIED.,.F.,.F.,(10
    ,10),(-0.646774826402,0.646774826402),.PIECEWISE_BEZIER_KNOTS.);
#11892 = CARTESIAN_POINT('',(4.106497861546,0.553486946207));
#11893 = CARTESIAN_POINT('',(4.224641336114,0.508182821976));
#11894 = CARTESIAN_POINT('',(4.353663494862,0.47574166301));
#11895 = CARTESIAN_POINT('',(4.492329051914,0.454809791019));
#11896 = CARTESIAN_POINT('',(4.638043796538,0.4445459758));
#11897 = CARTESIAN_POINT('',(4.786734164252,0.444545975797));
#11898 = CARTESIAN_POINT('',(4.932448908872,0.45480979102));
#11899 = CARTESIAN_POINT('',(5.071114465911,0.475741663012));
#11900 = CARTESIAN_POINT('',(5.200136624657,0.508182821976));
#11901 = CARTESIAN_POINT('',(5.318280099224,0.553486946207));
#11902 = ( GEOMETRIC_REPRESENTATION_CONTEXT(2) 
PARAMETRIC_REPRESENTATION_CONTEXT() REPRESENTATION_CONTEXT('2D SPACE',''
  ) );
#11903 = ORIENTED_EDGE('',*,*,#11795,.F.);
#11904 = ADVANCED_FACE('',(#11905),#11524,.T.);
#11905 = FACE_BOUND('',#11906,.T.);
#11906 = EDGE_LOOP('',(#11907,#11908,#11909,#11938));
#11907 = ORIENTED_EDGE('',*,*,#11500,.T.);
#11908 = ORIENTED_EDGE('',*,*,#11656,.T.);
#11909 = ORIENTED_EDGE('',*,*,#11910,.F.);
#11910 = EDGE_CURVE('',#11853,#11621,#11911,.T.);
#11911 = SURFACE_CURVE('',#11912,(#11917,#11924),.PCURVE_S1.);
#11912 = HYPERBOLA('',#11913,0.454963467216,1.25);
#11913 = AXIS2_PLACEMENT_3D('',#11914,#11915,#11916);
#11914 = CARTESIAN_POINT('',(24.082531754731,9.375,16.299080372125));
#11915 = DIRECTION('',(-0.866025403784,0.5,-4.440892098502E-16));
#11916 = DIRECTION('',(4.326600975418E-29,8.881784197001E-16,1.));
#11917 = PCURVE('',#11524,#11918);
#11918 = DEFINITIONAL_REPRESENTATION('',(#11919),#11923);
#11919 = HYPERBOLA('',#11920,0.454963467216,1.25);
#11920 = AXIS2_PLACEMENT_2D('',#11921,#11922);
#11921 = CARTESIAN_POINT('',(0.721687836487,-9.700919627875));
#11922 = DIRECTION('',(3.855557674268E-28,1.));
#11923 = ( GEOMETRIC_REPRESENTATION_CONTEXT(2) 
PARAMETRIC_REPRESENTATION_CONTEXT() REPRESENTATION_CONTEXT('2D SPACE',''
  ) );
#11924 = PCURVE('',#11637,#11925);
#11925 = DEFINITIONAL_REPRESENTATION('',(#11926),#11937);
#11926 = B_SPLINE_CURVE_WITH_KNOTS('',9,(#11927,#11928,#11929,#11930,
    #11931,#11932,#11933,#11934,#11935,#11936),.UNSPECIFIED.,.F.,.F.,(10
    ,10),(-0.549306144334,0.549306144334),.PIECEWISE_BEZIER_KNOTS.);
#11927 = CARTESIAN_POINT('',(5.235987755461,0.525346560117));
#11928 = CARTESIAN_POINT('',(5.341701803171,0.493282549805));
#11929 = CARTESIAN_POINT('',(5.454674574529,0.470025018557));
#11930 = CARTESIAN_POINT('',(5.573766372589,0.454882901438));
#11931 = CARTESIAN_POINT('',(5.697107220945,0.44741820425));
#11932 = CARTESIAN_POINT('',(5.822066016855,0.447418203479));
#11933 = CARTESIAN_POINT('',(5.94540644017,0.454882901961));
#11934 = CARTESIAN_POINT('',(6.064498545092,0.470025018627));
#11935 = CARTESIAN_POINT('',(6.177471289869,0.493282550051));
#11936 = CARTESIAN_POINT('',(6.28318530718,0.525346560537));
#11937 = ( GEOMETRIC_REPRESENTATION_CONTEXT(2) 
PARAMETRIC_REPRESENTATION_CONTEXT() REPRESENTATION_CONTEXT('2D SPACE',''
  ) );
#11938 = ORIENTED_EDGE('',*,*,#11852,.F.);
#11939 = ADVANCED_FACE('',(#11940),#11637,.F.);
#11940 = FACE_BOUND('',#11941,.F.);
#11941 = EDGE_LOOP('',(#11942,#11943,#11944,#11945,#11946,#11947,#11948,
    #11971));
#11942 = ORIENTED_EDGE('',*,*,#11910,.F.);
#11943 = ORIENTED_EDGE('',*,*,#11875,.F.);
#11944 = ORIENTED_EDGE('',*,*,#11818,.F.);
#11945 = ORIENTED_EDGE('',*,*,#11761,.F.);
#11946 = ORIENTED_EDGE('',*,*,#11704,.F.);
#11947 = ORIENTED_EDGE('',*,*,#11620,.F.);
#11948 = ORIENTED_EDGE('',*,*,#11949,.F.);
#11949 = EDGE_CURVE('',#11950,#11621,#11952,.T.);
#11950 = VERTEX_POINT('',#11951);
#11951 = CARTESIAN_POINT('',(23.,10.,16.299080372125));
#11952 = SEAM_CURVE('',#11953,(#11957,#11964),.PCURVE_S1.);
#11953 = LINE('',#11954,#11955);
#11954 = CARTESIAN_POINT('',(23.,10.,16.299080372125));
#11955 = VECTOR('',#11956,1.);
#11956 = DIRECTION('',(0.939692457849,3.797191350146E-16,0.342020590991)
  );
#11957 = PCURVE('',#11637,#11958);
#11958 = DEFINITIONAL_REPRESENTATION('',(#11959),#11963);
#11959 = LINE('',#11960,#11961);
#11960 = CARTESIAN_POINT('',(0.,0.));
#11961 = VECTOR('',#11962,1.);
#11962 = DIRECTION('',(-0.,1.));
#11963 = ( GEOMETRIC_REPRESENTATION_CONTEXT(2) 
PARAMETRIC_REPRESENTATION_CONTEXT() REPRESENTATION_CONTEXT('2D SPACE',''
  ) );
#11964 = PCURVE('',#11637,#11965);
#11965 = DEFINITIONAL_REPRESENTATION('',(#11966),#11970);
#11966 = LINE('',#11967,#11968);
#11967 = CARTESIAN_POINT('',(6.283185307179,0.));
#11968 = VECTOR('',#11969,1.);
#11969 = DIRECTION('',(-0.,1.));
#11970 = ( GEOMETRIC_REPRESENTATION_CONTEXT(2) 
PARAMETRIC_REPRESENTATION_CONTEXT() REPRESENTATION_CONTEXT('2D SPACE',''
  ) );
#11971 = ORIENTED_EDGE('',*,*,#11949,.T.);
#11972 = ( GEOMETRIC_REPRESENTATION_CONTEXT(3) 
GLOBAL_UNCERTAINTY_ASSIGNED_CONTEXT((#11976)) 
GLOBAL_UNIT_ASSIGNED_CONTEXT((#11973,#11974,#11975)) 
REPRESENTATION_CONTEXT('Context #1',
  '3D Context with UNIT and UNCERTAINTY') );
#11973 = ( LENGTH_UNIT() NAMED_UNIT(*) SI_UNIT(.MILLI.,.METRE.) );
#11974 = ( NAMED_UNIT(*) PLANE_ANGLE_UNIT() SI_UNIT($,.RADIAN.) );
#11975 = ( NAMED_UNIT(*) SI_UNIT($,.STERADIAN.) SOLID_ANGLE_UNIT() );
#11976 = UNCERTAINTY_MEASURE_WITH_UNIT(LENGTH_MEASURE(1.E-07),#11973,
  'distance_accuracy_value','confusion accuracy');
#11977 = CONTEXT_DEPENDENT_SHAPE_REPRESENTATION(#11978,#11980);
#11978 = ( REPRESENTATION_RELATIONSHIP('','',#10971,#10) 
REPRESENTATION_RELATIONSHIP_WITH_TRANSFORMATION(#11979) 
SHAPE_REPRESENTATION_RELATIONSHIP() );
#11979 = ITEM_DEFINED_TRANSFORMATION('','',#11,#99);
#11980 = PRODUCT_DEFINITION_SHAPE('Placement','Placement of an item',
  #11981);
#11981 = NEXT_ASSEMBLY_USAGE_OCCURRENCE('22',
  'source_locked_support_m3x12_fastener_3','',#5,#10966,$);
#11982 = PRODUCT_RELATED_PRODUCT_CATEGORY('part',$,(#10968));
#11983 = SHAPE_DEFINITION_REPRESENTATION(#11984,#11990);
#11984 = PRODUCT_DEFINITION_SHAPE('','',#11985);
#11985 = PRODUCT_DEFINITION('design','',#11986,#11989);
#11986 = PRODUCT_DEFINITION_FORMATION('','',#11987);
#11987 = PRODUCT('source_locked_support_m3x12_fastener_4',
  'source_locked_support_m3x12_fastener_4','',(#11988));
#11988 = PRODUCT_CONTEXT('',#2,'mechanical');
#11989 = PRODUCT_DEFINITION_CONTEXT('part definition',#2,'design');
#11990 = ADVANCED_BREP_SHAPE_REPRESENTATION('',(#11,#11991),#12991);
#11991 = MANIFOLD_SOLID_BREP('',#11992);
#11992 = CLOSED_SHELL('',(#11993,#12061,#12114,#12169,#12224,#12277,
    #12330,#12334,#12369,#12611,#12695,#12752,#12809,#12866,#12923,
    #12958));
#11993 = ADVANCED_FACE('',(#11994,#12030),#12007,.T.);
#11994 = FACE_BOUND('',#11995,.T.);
#11995 = EDGE_LOOP('',(#11996));
#11996 = ORIENTED_EDGE('',*,*,#11997,.T.);
#11997 = EDGE_CURVE('',#11998,#11998,#12000,.T.);
#11998 = VERTEX_POINT('',#11999);
#11999 = CARTESIAN_POINT('',(49.65,10.,16.));
#12000 = SURFACE_CURVE('',#12001,(#12006,#12018),.PCURVE_S1.);
#12001 = CIRCLE('',#12002,2.65);
#12002 = AXIS2_PLACEMENT_3D('',#12003,#12004,#12005);
#12003 = CARTESIAN_POINT('',(47.,10.,16.));
#12004 = DIRECTION('',(-1.325926550505E-63,-4.440892098501E-16,-1.));
#12005 = DIRECTION('',(1.,-7.171462774736E-32,3.184769237102E-47));
#12006 = PCURVE('',#12007,#12012);
#12007 = PLANE('',#12008);
#12008 = AXIS2_PLACEMENT_3D('',#12009,#12010,#12011);
#12009 = CARTESIAN_POINT('',(47.,10.,16.));
#12010 = DIRECTION('',(0.,-4.440892098501E-16,-1.));
#12011 = DIRECTION('',(1.,0.,0.));
#12012 = DEFINITIONAL_REPRESENTATION('',(#12013),#12017);
#12013 = CIRCLE('',#12014,2.65);
#12014 = AXIS2_PLACEMENT_2D('',#12015,#12016);
#12015 = CARTESIAN_POINT('',(0.,0.));
#12016 = DIRECTION('',(1.,7.171462774736E-32));
#12017 = ( GEOMETRIC_REPRESENTATION_CONTEXT(2) 
PARAMETRIC_REPRESENTATION_CONTEXT() REPRESENTATION_CONTEXT('2D SPACE',''
  ) );
#12018 = PCURVE('',#12019,#12024);
#12019 = CONICAL_SURFACE('',#12020,2.75,0.785398163397);
#12020 = AXIS2_PLACEMENT_3D('',#12021,#12022,#12023);
#12021 = CARTESIAN_POINT('',(47.,10.,16.1));
#12022 = DIRECTION('',(0.,4.440892098501E-16,1.));
#12023 = DIRECTION('',(1.,-7.171462774736E-32,3.184769237102E-47));
#12024 = DEFINITIONAL_REPRESENTATION('',(#12025),#12029);
#12025 = LINE('',#12026,#12027);
#12026 = CARTESIAN_POINT('',(6.28318530718,-0.1));
#12027 = VECTOR('',#12028,1.);
#12028 = DIRECTION('',(-1.,0.));
#12029 = ( GEOMETRIC_REPRESENTATION_CONTEXT(2) 
PARAMETRIC_REPRESENTATION_CONTEXT() REPRESENTATION_CONTEXT('2D SPACE',''
  ) );
#12030 = FACE_BOUND('',#12031,.T.);
#12031 = EDGE_LOOP('',(#12032));
#12032 = ORIENTED_EDGE('',*,*,#12033,.F.);
#12033 = EDGE_CURVE('',#12034,#12034,#12036,.T.);
#12034 = VERTEX_POINT('',#12035);
#12035 = CARTESIAN_POINT('',(48.5,10.,16.));
#12036 = SURFACE_CURVE('',#12037,(#12042,#12049),.PCURVE_S1.);
#12037 = CIRCLE('',#12038,1.5);
#12038 = AXIS2_PLACEMENT_3D('',#12039,#12040,#12041);
#12039 = CARTESIAN_POINT('',(47.,10.,16.));
#12040 = DIRECTION('',(0.,-4.440892098501E-16,-1.));
#12041 = DIRECTION('',(1.,0.,0.));
#12042 = PCURVE('',#12007,#12043);
#12043 = DEFINITIONAL_REPRESENTATION('',(#12044),#12048);
#12044 = CIRCLE('',#12045,1.5);
#12045 = AXIS2_PLACEMENT_2D('',#12046,#12047);
#12046 = CARTESIAN_POINT('',(0.,0.));
#12047 = DIRECTION('',(1.,0.));
#12048 = ( GEOMETRIC_REPRESENTATION_CONTEXT(2) 
PARAMETRIC_REPRESENTATION_CONTEXT() REPRESENTATION_CONTEXT('2D SPACE',''
  ) );
#12049 = PCURVE('',#12050,#12055);
#12050 = CYLINDRICAL_SURFACE('',#12051,1.5);
#12051 = AXIS2_PLACEMENT_3D('',#12052,#12053,#12054);
#12052 = CARTESIAN_POINT('',(47.,10.,16.));
#12053 = DIRECTION('',(0.,-4.440892098501E-16,-1.));
#12054 = DIRECTION('',(1.,0.,0.));
#12055 = DEFINITIONAL_REPRESENTATION('',(#12056),#12060);
#12056 = LINE('',#12057,#12058);
#12057 = CARTESIAN_POINT('',(0.,0.));
#12058 = VECTOR('',#12059,1.);
#12059 = DIRECTION('',(1.,0.));
#12060 = ( GEOMETRIC_REPRESENTATION_CONTEXT(2) 
PARAMETRIC_REPRESENTATION_CONTEXT() REPRESENTATION_CONTEXT('2D SPACE',''
  ) );
#12061 = ADVANCED_FACE('',(#12062),#12019,.T.);
#12062 = FACE_BOUND('',#12063,.T.);
#12063 = EDGE_LOOP('',(#12064,#12093,#12112,#12113));
#12064 = ORIENTED_EDGE('',*,*,#12065,.T.);
#12065 = EDGE_CURVE('',#12066,#12066,#12068,.T.);
#12066 = VERTEX_POINT('',#12067);
#12067 = CARTESIAN_POINT('',(49.75,10.,16.1));
#12068 = SURFACE_CURVE('',#12069,(#12074,#12081),.PCURVE_S1.);
#12069 = CIRCLE('',#12070,2.75);
#12070 = AXIS2_PLACEMENT_3D('',#12071,#12072,#12073);
#12071 = CARTESIAN_POINT('',(47.,10.,16.1));
#12072 = DIRECTION('',(-1.325926550505E-63,-4.440892098501E-16,-1.));
#12073 = DIRECTION('',(1.,-7.171462774736E-32,3.184769237102E-47));
#12074 = PCURVE('',#12019,#12075);
#12075 = DEFINITIONAL_REPRESENTATION('',(#12076),#12080);
#12076 = LINE('',#12077,#12078);
#12077 = CARTESIAN_POINT('',(6.28318530718,0.));
#12078 = VECTOR('',#12079,1.);
#12079 = DIRECTION('',(-1.,0.));
#12080 = ( GEOMETRIC_REPRESENTATION_CONTEXT(2) 
PARAMETRIC_REPRESENTATION_CONTEXT() REPRESENTATION_CONTEXT('2D SPACE',''
  ) );
#12081 = PCURVE('',#12082,#12087);
#12082 = CYLINDRICAL_SURFACE('',#12083,2.75);
#12083 = AXIS2_PLACEMENT_3D('',#12084,#12085,#12086);
#12084 = CARTESIAN_POINT('',(47.,10.,19.));
#12085 = DIRECTION('',(0.,-4.440892098501E-16,-1.));
#12086 = DIRECTION('',(1.,2.422304781E-16,-1.07571941621E-31));
#12087 = DEFINITIONAL_REPRESENTATION('',(#12088),#12092);
#12088 = LINE('',#12089,#12090);
#12089 = CARTESIAN_POINT('',(2.422304781E-16,2.9));
#12090 = VECTOR('',#12091,1.);
#12091 = DIRECTION('',(1.,0.));
#12092 = ( GEOMETRIC_REPRESENTATION_CONTEXT(2) 
PARAMETRIC_REPRESENTATION_CONTEXT() REPRESENTATION_CONTEXT('2D SPACE',''
  ) );
#12093 = ORIENTED_EDGE('',*,*,#12094,.F.);
#12094 = EDGE_CURVE('',#11998,#12066,#12095,.T.);
#12095 = SEAM_CURVE('',#12096,(#12100,#12106),.PCURVE_S1.);
#12096 = LINE('',#12097,#12098);
#12097 = CARTESIAN_POINT('',(49.75,10.,16.1));
#12098 = VECTOR('',#12099,1.);
#12099 = DIRECTION('',(0.707106781187,4.85301305411E-16,0.707106781187)
  );
#12100 = PCURVE('',#12019,#12101);
#12101 = DEFINITIONAL_REPRESENTATION('',(#12102),#12105);
#12102 = B_SPLINE_CURVE_WITH_KNOTS('',1,(#12103,#12104),.UNSPECIFIED.,
  .F.,.F.,(2,2),(-0.141421356237,0.),.PIECEWISE_BEZIER_KNOTS.);
#12103 = CARTESIAN_POINT('',(0.,-0.1));
#12104 = CARTESIAN_POINT('',(0.,0.));
#12105 = ( GEOMETRIC_REPRESENTATION_CONTEXT(2) 
PARAMETRIC_REPRESENTATION_CONTEXT() REPRESENTATION_CONTEXT('2D SPACE',''
  ) );
#12106 = PCURVE('',#12019,#12107);
#12107 = DEFINITIONAL_REPRESENTATION('',(#12108),#12111);
#12108 = B_SPLINE_CURVE_WITH_KNOTS('',1,(#12109,#12110),.UNSPECIFIED.,
  .F.,.F.,(2,2),(-0.141421356237,0.),.PIECEWISE_BEZIER_KNOTS.);
#12109 = CARTESIAN_POINT('',(6.283185307179,-0.1));
#12110 = CARTESIAN_POINT('',(6.283185307179,0.));
#12111 = ( GEOMETRIC_REPRESENTATION_CONTEXT(2) 
PARAMETRIC_REPRESENTATION_CONTEXT() REPRESENTATION_CONTEXT('2D SPACE',''
  ) );
#12112 = ORIENTED_EDGE('',*,*,#11997,.F.);
#12113 = ORIENTED_EDGE('',*,*,#12094,.T.);
#12114 = ADVANCED_FACE('',(#12115),#12050,.T.);
#12115 = FACE_BOUND('',#12116,.T.);
#12116 = EDGE_LOOP('',(#12117,#12140,#12141,#12142));
#12117 = ORIENTED_EDGE('',*,*,#12118,.F.);
#12118 = EDGE_CURVE('',#12034,#12119,#12121,.T.);
#12119 = VERTEX_POINT('',#12120);
#12120 = CARTESIAN_POINT('',(48.5,10.,4.4));
#12121 = SEAM_CURVE('',#12122,(#12126,#12133),.PCURVE_S1.);
#12122 = LINE('',#12123,#12124);
#12123 = CARTESIAN_POINT('',(48.5,10.,16.));
#12124 = VECTOR('',#12125,1.);
#12125 = DIRECTION('',(0.,-6.661338147751E-16,-1.));
#12126 = PCURVE('',#12050,#12127);
#12127 = DEFINITIONAL_REPRESENTATION('',(#12128),#12132);
#12128 = LINE('',#12129,#12130);
#12129 = CARTESIAN_POINT('',(0.,0.));
#12130 = VECTOR('',#12131,1.);
#12131 = DIRECTION('',(0.,1.));
#12132 = ( GEOMETRIC_REPRESENTATION_CONTEXT(2) 
PARAMETRIC_REPRESENTATION_CONTEXT() REPRESENTATION_CONTEXT('2D SPACE',''
  ) );
#12133 = PCURVE('',#12050,#12134);
#12134 = DEFINITIONAL_REPRESENTATION('',(#12135),#12139);
#12135 = LINE('',#12136,#12137);
#12136 = CARTESIAN_POINT('',(6.28318530718,0.));
#12137 = VECTOR('',#12138,1.);
#12138 = DIRECTION('',(0.,1.));
#12139 = ( GEOMETRIC_REPRESENTATION_CONTEXT(2) 
PARAMETRIC_REPRESENTATION_CONTEXT() REPRESENTATION_CONTEXT('2D SPACE',''
  ) );
#12140 = ORIENTED_EDGE('',*,*,#12033,.T.);
#12141 = ORIENTED_EDGE('',*,*,#12118,.T.);
#12142 = ORIENTED_EDGE('',*,*,#12143,.F.);
#12143 = EDGE_CURVE('',#12119,#12119,#12144,.T.);
#12144 = SURFACE_CURVE('',#12145,(#12150,#12157),.PCURVE_S1.);
#12145 = CIRCLE('',#12146,1.5);
#12146 = AXIS2_PLACEMENT_3D('',#12147,#12148,#12149);
#12147 = CARTESIAN_POINT('',(47.,10.,4.4));
#12148 = DIRECTION('',(8.758115402966E-47,-4.440892098501E-16,-1.));
#12149 = DIRECTION('',(1.,-1.7763568394E-15,7.88860905221E-31));
#12150 = PCURVE('',#12050,#12151);
#12151 = DEFINITIONAL_REPRESENTATION('',(#12152),#12156);
#12152 = LINE('',#12153,#12154);
#12153 = CARTESIAN_POINT('',(1.7763568394E-15,11.6));
#12154 = VECTOR('',#12155,1.);
#12155 = DIRECTION('',(1.,0.));
#12156 = ( GEOMETRIC_REPRESENTATION_CONTEXT(2) 
PARAMETRIC_REPRESENTATION_CONTEXT() REPRESENTATION_CONTEXT('2D SPACE',''
  ) );
#12157 = PCURVE('',#12158,#12163);
#12158 = CONICAL_SURFACE('',#12159,1.5,0.785398163397);
#12159 = AXIS2_PLACEMENT_3D('',#12160,#12161,#12162);
#12160 = CARTESIAN_POINT('',(47.,10.,4.4));
#12161 = DIRECTION('',(-8.75811540203E-47,4.440892098501E-16,1.));
#12162 = DIRECTION('',(1.,-1.7763568394E-15,7.88860905221E-31));
#12163 = DEFINITIONAL_REPRESENTATION('',(#12164),#12168);
#12164 = LINE('',#12165,#12166);
#12165 = CARTESIAN_POINT('',(6.28318530718,0.));
#12166 = VECTOR('',#12167,1.);
#12167 = DIRECTION('',(-1.,0.));
#12168 = ( GEOMETRIC_REPRESENTATION_CONTEXT(2) 
PARAMETRIC_REPRESENTATION_CONTEXT() REPRESENTATION_CONTEXT('2D SPACE',''
  ) );
#12169 = ADVANCED_FACE('',(#12170),#12082,.T.);
#12170 = FACE_BOUND('',#12171,.T.);
#12171 = EDGE_LOOP('',(#12172,#12195,#12222,#12223));
#12172 = ORIENTED_EDGE('',*,*,#12173,.F.);
#12173 = EDGE_CURVE('',#12174,#12066,#12176,.T.);
#12174 = VERTEX_POINT('',#12175);
#12175 = CARTESIAN_POINT('',(49.75,10.,18.9));
#12176 = SEAM_CURVE('',#12177,(#12181,#12188),.PCURVE_S1.);
#12177 = LINE('',#12178,#12179);
#12178 = CARTESIAN_POINT('',(49.75,10.,19.));
#12179 = VECTOR('',#12180,1.);
#12180 = DIRECTION('',(0.,-6.661338147751E-16,-1.));
#12181 = PCURVE('',#12082,#12182);
#12182 = DEFINITIONAL_REPRESENTATION('',(#12183),#12187);
#12183 = LINE('',#12184,#12185);
#12184 = CARTESIAN_POINT('',(0.,0.));
#12185 = VECTOR('',#12186,1.);
#12186 = DIRECTION('',(0.,1.));
#12187 = ( GEOMETRIC_REPRESENTATION_CONTEXT(2) 
PARAMETRIC_REPRESENTATION_CONTEXT() REPRESENTATION_CONTEXT('2D SPACE',''
  ) );
#12188 = PCURVE('',#12082,#12189);
#12189 = DEFINITIONAL_REPRESENTATION('',(#12190),#12194);
#12190 = LINE('',#12191,#12192);
#12191 = CARTESIAN_POINT('',(6.28318530718,0.));
#12192 = VECTOR('',#12193,1.);
#12193 = DIRECTION('',(0.,1.));
#12194 = ( GEOMETRIC_REPRESENTATION_CONTEXT(2) 
PARAMETRIC_REPRESENTATION_CONTEXT() REPRESENTATION_CONTEXT('2D SPACE',''
  ) );
#12195 = ORIENTED_EDGE('',*,*,#12196,.T.);
#12196 = EDGE_CURVE('',#12174,#12174,#12197,.T.);
#12197 = SURFACE_CURVE('',#12198,(#12203,#12210),.PCURVE_S1.);
#12198 = CIRCLE('',#12199,2.75);
#12199 = AXIS2_PLACEMENT_3D('',#12200,#12201,#12202);
#12200 = CARTESIAN_POINT('',(47.,10.,18.9));
#12201 = DIRECTION('',(9.952403864668E-48,-4.440892098501E-16,-1.));
#12202 = DIRECTION('',(1.,2.422304781E-16,-1.07571941621E-31));
#12203 = PCURVE('',#12082,#12204);
#12204 = DEFINITIONAL_REPRESENTATION('',(#12205),#12209);
#12205 = LINE('',#12206,#12207);
#12206 = CARTESIAN_POINT('',(1.434292554947E-31,0.1));
#12207 = VECTOR('',#12208,1.);
#12208 = DIRECTION('',(1.,0.));
#12209 = ( GEOMETRIC_REPRESENTATION_CONTEXT(2) 
PARAMETRIC_REPRESENTATION_CONTEXT() REPRESENTATION_CONTEXT('2D SPACE',''
  ) );
#12210 = PCURVE('',#12211,#12216);
#12211 = CONICAL_SURFACE('',#12212,2.75,0.785398163397);
#12212 = AXIS2_PLACEMENT_3D('',#12213,#12214,#12215);
#12213 = CARTESIAN_POINT('',(47.,10.,18.9));
#12214 = DIRECTION('',(-0.,-4.440892098501E-16,-1.));
#12215 = DIRECTION('',(1.,2.422304781E-16,-1.07571941621E-31));
#12216 = DEFINITIONAL_REPRESENTATION('',(#12217),#12221);
#12217 = LINE('',#12218,#12219);
#12218 = CARTESIAN_POINT('',(0.,0.));
#12219 = VECTOR('',#12220,1.);
#12220 = DIRECTION('',(1.,-0.));
#12221 = ( GEOMETRIC_REPRESENTATION_CONTEXT(2) 
PARAMETRIC_REPRESENTATION_CONTEXT() REPRESENTATION_CONTEXT('2D SPACE',''
  ) );
#12222 = ORIENTED_EDGE('',*,*,#12173,.T.);
#12223 = ORIENTED_EDGE('',*,*,#12065,.F.);
#12224 = ADVANCED_FACE('',(#12225),#12158,.T.);
#12225 = FACE_BOUND('',#12226,.T.);
#12226 = EDGE_LOOP('',(#12227,#12248,#12249,#12250));
#12227 = ORIENTED_EDGE('',*,*,#12228,.F.);
#12228 = EDGE_CURVE('',#12119,#12229,#12231,.T.);
#12229 = VERTEX_POINT('',#12230);
#12230 = CARTESIAN_POINT('',(48.1,10.,4.));
#12231 = SEAM_CURVE('',#12232,(#12236,#12242),.PCURVE_S1.);
#12232 = LINE('',#12233,#12234);
#12233 = CARTESIAN_POINT('',(48.5,10.,4.4));
#12234 = VECTOR('',#12235,1.);
#12235 = DIRECTION('',(-0.707106781187,-3.140184917366E-16,
    -0.707106781187));
#12236 = PCURVE('',#12158,#12237);
#12237 = DEFINITIONAL_REPRESENTATION('',(#12238),#12241);
#12238 = B_SPLINE_CURVE_WITH_KNOTS('',1,(#12239,#12240),.UNSPECIFIED.,
  .F.,.F.,(2,2),(0.,0.565685424949),.PIECEWISE_BEZIER_KNOTS.);
#12239 = CARTESIAN_POINT('',(6.28318530718,0.));
#12240 = CARTESIAN_POINT('',(6.28318530718,-0.4));
#12241 = ( GEOMETRIC_REPRESENTATION_CONTEXT(2) 
PARAMETRIC_REPRESENTATION_CONTEXT() REPRESENTATION_CONTEXT('2D SPACE',''
  ) );
#12242 = PCURVE('',#12158,#12243);
#12243 = DEFINITIONAL_REPRESENTATION('',(#12244),#12247);
#12244 = B_SPLINE_CURVE_WITH_KNOTS('',1,(#12245,#12246),.UNSPECIFIED.,
  .F.,.F.,(2,2),(0.,0.565685424949),.PIECEWISE_BEZIER_KNOTS.);
#12245 = CARTESIAN_POINT('',(-4.138911435803E-13,0.));
#12246 = CARTESIAN_POINT('',(-4.138911435803E-13,-0.4));
#12247 = ( GEOMETRIC_REPRESENTATION_CONTEXT(2) 
PARAMETRIC_REPRESENTATION_CONTEXT() REPRESENTATION_CONTEXT('2D SPACE',''
  ) );
#12248 = ORIENTED_EDGE('',*,*,#12143,.T.);
#12249 = ORIENTED_EDGE('',*,*,#12228,.T.);
#12250 = ORIENTED_EDGE('',*,*,#12251,.F.);
#12251 = EDGE_CURVE('',#12229,#12229,#12252,.T.);
#12252 = SURFACE_CURVE('',#12253,(#12258,#12265),.PCURVE_S1.);
#12253 = CIRCLE('',#12254,1.1);
#12254 = AXIS2_PLACEMENT_3D('',#12255,#12256,#12257);
#12255 = CARTESIAN_POINT('',(47.,10.,4.));
#12256 = DIRECTION('',(8.758115402966E-47,-4.440892098501E-16,-1.));
#12257 = DIRECTION('',(1.,-1.7763568394E-15,7.88860905221E-31));
#12258 = PCURVE('',#12158,#12259);
#12259 = DEFINITIONAL_REPRESENTATION('',(#12260),#12264);
#12260 = LINE('',#12261,#12262);
#12261 = CARTESIAN_POINT('',(6.28318530718,-0.4));
#12262 = VECTOR('',#12263,1.);
#12263 = DIRECTION('',(-1.,0.));
#12264 = ( GEOMETRIC_REPRESENTATION_CONTEXT(2) 
PARAMETRIC_REPRESENTATION_CONTEXT() REPRESENTATION_CONTEXT('2D SPACE',''
  ) );
#12265 = PCURVE('',#12266,#12271);
#12266 = PLANE('',#12267);
#12267 = AXIS2_PLACEMENT_3D('',#12268,#12269,#12270);
#12268 = CARTESIAN_POINT('',(47.,10.,4.));
#12269 = DIRECTION('',(0.,-4.440892098501E-16,-1.));
#12270 = DIRECTION('',(1.,-1.7763568394E-15,7.88860905221E-31));
#12271 = DEFINITIONAL_REPRESENTATION('',(#12272),#12276);
#12272 = CIRCLE('',#12273,1.1);
#12273 = AXIS2_PLACEMENT_2D('',#12274,#12275);
#12274 = CARTESIAN_POINT('',(0.,0.));
#12275 = DIRECTION('',(1.,3.503246160812E-46));
#12276 = ( GEOMETRIC_REPRESENTATION_CONTEXT(2) 
PARAMETRIC_REPRESENTATION_CONTEXT() REPRESENTATION_CONTEXT('2D SPACE',''
  ) );
#12277 = ADVANCED_FACE('',(#12278),#12211,.T.);
#12278 = FACE_BOUND('',#12279,.T.);
#12279 = EDGE_LOOP('',(#12280,#12309,#12328,#12329));
#12280 = ORIENTED_EDGE('',*,*,#12281,.T.);
#12281 = EDGE_CURVE('',#12282,#12282,#12284,.T.);
#12282 = VERTEX_POINT('',#12283);
#12283 = CARTESIAN_POINT('',(49.65,10.,19.));
#12284 = SURFACE_CURVE('',#12285,(#12290,#12297),.PCURVE_S1.);
#12285 = CIRCLE('',#12286,2.65);
#12286 = AXIS2_PLACEMENT_3D('',#12287,#12288,#12289);
#12287 = CARTESIAN_POINT('',(47.,10.,19.));
#12288 = DIRECTION('',(9.952403864668E-48,-4.440892098501E-16,-1.));
#12289 = DIRECTION('',(1.,2.422304781E-16,-1.07571941621E-31));
#12290 = PCURVE('',#12211,#12291);
#12291 = DEFINITIONAL_REPRESENTATION('',(#12292),#12296);
#12292 = LINE('',#12293,#12294);
#12293 = CARTESIAN_POINT('',(0.,-0.1));
#12294 = VECTOR('',#12295,1.);
#12295 = DIRECTION('',(1.,-0.));
#12296 = ( GEOMETRIC_REPRESENTATION_CONTEXT(2) 
PARAMETRIC_REPRESENTATION_CONTEXT() REPRESENTATION_CONTEXT('2D SPACE',''
  ) );
#12297 = PCURVE('',#12298,#12303);
#12298 = PLANE('',#12299);
#12299 = AXIS2_PLACEMENT_3D('',#12300,#12301,#12302);
#12300 = CARTESIAN_POINT('',(47.,10.,19.));
#12301 = DIRECTION('',(0.,-4.440892098501E-16,-1.));
#12302 = DIRECTION('',(1.,4.594026308794E-16,-2.040157513503E-31));
#12303 = DEFINITIONAL_REPRESENTATION('',(#12304),#12308);
#12304 = CIRCLE('',#12305,2.65);
#12305 = AXIS2_PLACEMENT_2D('',#12306,#12307);
#12306 = CARTESIAN_POINT('',(0.,0.));
#12307 = DIRECTION('',(1.,2.171721527794E-16));
#12308 = ( GEOMETRIC_REPRESENTATION_CONTEXT(2) 
PARAMETRIC_REPRESENTATION_CONTEXT() REPRESENTATION_CONTEXT('2D SPACE',''
  ) );
#12309 = ORIENTED_EDGE('',*,*,#12310,.F.);
#12310 = EDGE_CURVE('',#12174,#12282,#12311,.T.);
#12311 = SEAM_CURVE('',#12312,(#12316,#12322),.PCURVE_S1.);
#12312 = LINE('',#12313,#12314);
#12313 = CARTESIAN_POINT('',(49.75,10.,18.9));
#12314 = VECTOR('',#12315,1.);
#12315 = DIRECTION('',(-0.707106781187,1.427356780621E-16,0.707106781187
    ));
#12316 = PCURVE('',#12211,#12317);
#12317 = DEFINITIONAL_REPRESENTATION('',(#12318),#12321);
#12318 = B_SPLINE_CURVE_WITH_KNOTS('',1,(#12319,#12320),.UNSPECIFIED.,
  .F.,.F.,(2,2),(0.,0.141421356237),.PIECEWISE_BEZIER_KNOTS.);
#12319 = CARTESIAN_POINT('',(6.28318530718,0.));
#12320 = CARTESIAN_POINT('',(6.28318530718,-0.1));
#12321 = ( GEOMETRIC_REPRESENTATION_CONTEXT(2) 
PARAMETRIC_REPRESENTATION_CONTEXT() REPRESENTATION_CONTEXT('2D SPACE',''
  ) );
#12322 = PCURVE('',#12211,#12323);
#12323 = DEFINITIONAL_REPRESENTATION('',(#12324),#12327);
#12324 = B_SPLINE_CURVE_WITH_KNOTS('',1,(#12325,#12326),.UNSPECIFIED.,
  .F.,.F.,(2,2),(0.,0.141421356237),.PIECEWISE_BEZIER_KNOTS.);
#12325 = CARTESIAN_POINT('',(4.138911435803E-13,0.));
#12326 = CARTESIAN_POINT('',(4.138911435803E-13,-0.1));
#12327 = ( GEOMETRIC_REPRESENTATION_CONTEXT(2) 
PARAMETRIC_REPRESENTATION_CONTEXT() REPRESENTATION_CONTEXT('2D SPACE',''
  ) );
#12328 = ORIENTED_EDGE('',*,*,#12196,.F.);
#12329 = ORIENTED_EDGE('',*,*,#12310,.T.);
#12330 = ADVANCED_FACE('',(#12331),#12266,.T.);
#12331 = FACE_BOUND('',#12332,.T.);
#12332 = EDGE_LOOP('',(#12333));
#12333 = ORIENTED_EDGE('',*,*,#12251,.T.);
#12334 = ADVANCED_FACE('',(#12335,#12338),#12298,.F.);
#12335 = FACE_BOUND('',#12336,.T.);
#12336 = EDGE_LOOP('',(#12337));
#12337 = ORIENTED_EDGE('',*,*,#12281,.F.);
#12338 = FACE_BOUND('',#12339,.T.);
#12339 = EDGE_LOOP('',(#12340));
#12340 = ORIENTED_EDGE('',*,*,#12341,.T.);
#12341 = EDGE_CURVE('',#12342,#12342,#12344,.T.);
#12342 = VERTEX_POINT('',#12343);
#12343 = CARTESIAN_POINT('',(48.45,10.,19.));
#12344 = SURFACE_CURVE('',#12345,(#12350,#12357),.PCURVE_S1.);
#12345 = CIRCLE('',#12346,1.45);
#12346 = AXIS2_PLACEMENT_3D('',#12347,#12348,#12349);
#12347 = CARTESIAN_POINT('',(47.,10.,19.));
#12348 = DIRECTION('',(3.020039794733E-48,-4.440892098501E-16,-1.));
#12349 = DIRECTION('',(1.,4.594026308794E-16,-2.040157513503E-31));
#12350 = PCURVE('',#12298,#12351);
#12351 = DEFINITIONAL_REPRESENTATION('',(#12352),#12356);
#12352 = CIRCLE('',#12353,1.45);
#12353 = AXIS2_PLACEMENT_2D('',#12354,#12355);
#12354 = CARTESIAN_POINT('',(0.,0.));
#12355 = DIRECTION('',(1.,-9.060119381412E-47));
#12356 = ( GEOMETRIC_REPRESENTATION_CONTEXT(2) 
PARAMETRIC_REPRESENTATION_CONTEXT() REPRESENTATION_CONTEXT('2D SPACE',''
  ) );
#12357 = PCURVE('',#12358,#12363);
#12358 = CONICAL_SURFACE('',#12359,3.441688219857E-16,0.785397673207);
#12359 = AXIS2_PLACEMENT_3D('',#12360,#12361,#12362);
#12360 = CARTESIAN_POINT('',(47.,10.,17.549998578447));
#12361 = DIRECTION('',(0.,4.440892098501E-16,1.));
#12362 = DIRECTION('',(1.,7.087732770012E-16,-3.147585645463E-31));
#12363 = DEFINITIONAL_REPRESENTATION('',(#12364),#12368);
#12364 = LINE('',#12365,#12366);
#12365 = CARTESIAN_POINT('',(6.28318530718,1.450001421553));
#12366 = VECTOR('',#12367,1.);
#12367 = DIRECTION('',(-1.,0.));
#12368 = ( GEOMETRIC_REPRESENTATION_CONTEXT(2) 
PARAMETRIC_REPRESENTATION_CONTEXT() REPRESENTATION_CONTEXT('2D SPACE',''
  ) );
#12369 = ADVANCED_FACE('',(#12370),#12358,.F.);
#12370 = FACE_BOUND('',#12371,.F.);
#12371 = EDGE_LOOP('',(#12372,#12410,#12446,#12482,#12518,#12554,#12575,
    #12576,#12577));
#12372 = ORIENTED_EDGE('',*,*,#12373,.T.);
#12373 = EDGE_CURVE('',#12374,#12376,#12378,.T.);
#12374 = VERTEX_POINT('',#12375);
#12375 = CARTESIAN_POINT('',(47.721687836487,11.25,18.99337566648));
#12376 = VERTEX_POINT('',#12377);
#12377 = CARTESIAN_POINT('',(46.278312163513,11.25,18.99337566648));
#12378 = SURFACE_CURVE('',#12379,(#12384,#12398),.PCURVE_S1.);
#12379 = HYPERBOLA('',#12380,1.250001225477,1.25);
#12380 = AXIS2_PLACEMENT_3D('',#12381,#12382,#12383);
#12381 = CARTESIAN_POINT('',(47.,11.25,17.549998578447));
#12382 = DIRECTION('',(0.,-1.,8.881784197001E-16));
#12383 = DIRECTION('',(0.,8.881784197001E-16,1.));
#12384 = PCURVE('',#12358,#12385);
#12385 = DEFINITIONAL_REPRESENTATION('',(#12386),#12397);
#12386 = B_SPLINE_CURVE_WITH_KNOTS('',9,(#12387,#12388,#12389,#12390,
    #12391,#12392,#12393,#12394,#12395,#12396),.UNSPECIFIED.,.F.,.F.,(10
    ,10),(-0.55840221658,0.55840221658),.PIECEWISE_BEZIER_KNOTS.);
#12387 = CARTESIAN_POINT('',(1.039338088856,1.450001421553));
#12388 = CARTESIAN_POINT('',(1.14631169429,1.358814631639));
#12389 = CARTESIAN_POINT('',(1.260853407593,1.292746139178));
#12390 = CARTESIAN_POINT('',(1.381805677021,1.249764999553));
#12391 = CARTESIAN_POINT('',(1.507225448684,1.228586187652));
#12392 = CARTESIAN_POINT('',(1.634367205213,1.228586187641));
#12393 = CARTESIAN_POINT('',(1.759786976592,1.249764999566));
#12394 = CARTESIAN_POINT('',(1.88073924602,1.292746139175));
#12395 = CARTESIAN_POINT('',(1.995280959301,1.358814631639));
#12396 = CARTESIAN_POINT('',(2.102254564734,1.450001421553));
#12397 = ( GEOMETRIC_REPRESENTATION_CONTEXT(2) 
PARAMETRIC_REPRESENTATION_CONTEXT() REPRESENTATION_CONTEXT('2D SPACE',''
  ) );
#12398 = PCURVE('',#12399,#12404);
#12399 = PLANE('',#12400);
#12400 = AXIS2_PLACEMENT_3D('',#12401,#12402,#12403);
#12401 = CARTESIAN_POINT('',(46.278312163513,11.25,26.));
#12402 = DIRECTION('',(0.,-1.,8.881784197001E-16));
#12403 = DIRECTION('',(1.,0.,0.));
#12404 = DEFINITIONAL_REPRESENTATION('',(#12405),#12409);
#12405 = HYPERBOLA('',#12406,1.250001225477,1.25);
#12406 = AXIS2_PLACEMENT_2D('',#12407,#12408);
#12407 = CARTESIAN_POINT('',(0.721687836487,-8.450001421553));
#12408 = DIRECTION('',(0.,1.));
#12409 = ( GEOMETRIC_REPRESENTATION_CONTEXT(2) 
PARAMETRIC_REPRESENTATION_CONTEXT() REPRESENTATION_CONTEXT('2D SPACE',''
  ) );
#12410 = ORIENTED_EDGE('',*,*,#12411,.T.);
#12411 = EDGE_CURVE('',#12376,#12412,#12414,.T.);
#12412 = VERTEX_POINT('',#12413);
#12413 = CARTESIAN_POINT('',(45.556624327026,10.,18.99337566648));
#12414 = SURFACE_CURVE('',#12415,(#12420,#12434),.PCURVE_S1.);
#12415 = HYPERBOLA('',#12416,1.250001225476,1.25);
#12416 = AXIS2_PLACEMENT_3D('',#12417,#12418,#12419);
#12417 = CARTESIAN_POINT('',(45.917468245269,10.625,17.549998578447));
#12418 = DIRECTION('',(0.866025403784,-0.5,4.440892098502E-16));
#12419 = DIRECTION('',(-1.922962686384E-16,5.551115123126E-16,1.));
#12420 = PCURVE('',#12358,#12421);
#12421 = DEFINITIONAL_REPRESENTATION('',(#12422),#12433);
#12422 = B_SPLINE_CURVE_WITH_KNOTS('',9,(#12423,#12424,#12425,#12426,
    #12427,#12428,#12429,#12430,#12431,#12432),.UNSPECIFIED.,.F.,.F.,(10
    ,10),(-0.55840221658,0.55840221658),.PIECEWISE_BEZIER_KNOTS.);
#12423 = CARTESIAN_POINT('',(2.086535640053,1.450001421553));
#12424 = CARTESIAN_POINT('',(2.193509245487,1.358814631639));
#12425 = CARTESIAN_POINT('',(2.308050958801,1.292746139173));
#12426 = CARTESIAN_POINT('',(2.429003228284,1.249764999556));
#12427 = CARTESIAN_POINT('',(2.554422999772,1.228586187652));
#12428 = CARTESIAN_POINT('',(2.681564756258,1.228586187631));
#12429 = CARTESIAN_POINT('',(2.806984527724,1.249764999556));
#12430 = CARTESIAN_POINT('',(2.927936797201,1.292746139174));
#12431 = CARTESIAN_POINT('',(3.042478510497,1.358814631639));
#12432 = CARTESIAN_POINT('',(3.149452115931,1.450001421553));
#12433 = ( GEOMETRIC_REPRESENTATION_CONTEXT(2) 
PARAMETRIC_REPRESENTATION_CONTEXT() REPRESENTATION_CONTEXT('2D SPACE',''
  ) );
#12434 = PCURVE('',#12435,#12440);
#12435 = PLANE('',#12436);
#12436 = AXIS2_PLACEMENT_3D('',#12437,#12438,#12439);
#12437 = CARTESIAN_POINT('',(45.556624327026,10.,26.));
#12438 = DIRECTION('',(0.866025403784,-0.5,4.440892098502E-16));
#12439 = DIRECTION('',(0.5,0.866025403784,-7.691850745537E-16));
#12440 = DEFINITIONAL_REPRESENTATION('',(#12441),#12445);
#12441 = HYPERBOLA('',#12442,1.250001225476,1.25);
#12442 = AXIS2_PLACEMENT_2D('',#12443,#12444);
#12443 = CARTESIAN_POINT('',(0.721687836487,-8.450001421553));
#12444 = DIRECTION('',(-3.845925372771E-16,1.));
#12445 = ( GEOMETRIC_REPRESENTATION_CONTEXT(2) 
PARAMETRIC_REPRESENTATION_CONTEXT() REPRESENTATION_CONTEXT('2D SPACE',''
  ) );
#12446 = ORIENTED_EDGE('',*,*,#12447,.T.);
#12447 = EDGE_CURVE('',#12412,#12448,#12450,.T.);
#12448 = VERTEX_POINT('',#12449);
#12449 = CARTESIAN_POINT('',(46.278312163513,8.75,18.99337566648));
#12450 = SURFACE_CURVE('',#12451,(#12456,#12470),.PCURVE_S1.);
#12451 = HYPERBOLA('',#12452,1.250001225476,1.25);
#12452 = AXIS2_PLACEMENT_3D('',#12453,#12454,#12455);
#12453 = CARTESIAN_POINT('',(45.917468245269,9.375,17.549998578447));
#12454 = DIRECTION('',(0.866025403784,0.5,-4.440892098502E-16));
#12455 = DIRECTION('',(1.922962686384E-16,5.551115123126E-16,1.));
#12456 = PCURVE('',#12358,#12457);
#12457 = DEFINITIONAL_REPRESENTATION('',(#12458),#12469);
#12458 = B_SPLINE_CURVE_WITH_KNOTS('',9,(#12459,#12460,#12461,#12462,
    #12463,#12464,#12465,#12466,#12467,#12468),.UNSPECIFIED.,.F.,.F.,(10
    ,10),(-0.55840221658,0.55840221658),.PIECEWISE_BEZIER_KNOTS.);
#12459 = CARTESIAN_POINT('',(3.13373319125,1.450001421553));
#12460 = CARTESIAN_POINT('',(3.240706796683,1.358814631639));
#12461 = CARTESIAN_POINT('',(3.355248509956,1.292746139178));
#12462 = CARTESIAN_POINT('',(3.476200779601,1.249764999535));
#12463 = CARTESIAN_POINT('',(3.601620550686,1.228586187631));
#12464 = CARTESIAN_POINT('',(3.728762307746,1.228586187605));
#12465 = CARTESIAN_POINT('',(3.854182078834,1.249764999568));
#12466 = CARTESIAN_POINT('',(3.975134348416,1.292746139174));
#12467 = CARTESIAN_POINT('',(4.089676061694,1.358814631639));
#12468 = CARTESIAN_POINT('',(4.196649667127,1.450001421553));
#12469 = ( GEOMETRIC_REPRESENTATION_CONTEXT(2) 
PARAMETRIC_REPRESENTATION_CONTEXT() REPRESENTATION_CONTEXT('2D SPACE',''
  ) );
#12470 = PCURVE('',#12471,#12476);
#12471 = PLANE('',#12472);
#12472 = AXIS2_PLACEMENT_3D('',#12473,#12474,#12475);
#12473 = CARTESIAN_POINT('',(46.278312163513,8.75,26.));
#12474 = DIRECTION('',(0.866025403784,0.5,-4.440892098502E-16));
#12475 = DIRECTION('',(-0.5,0.866025403784,-7.691850745537E-16));
#12476 = DEFINITIONAL_REPRESENTATION('',(#12477),#12481);
#12477 = HYPERBOLA('',#12478,1.250001225476,1.25);
#12478 = AXIS2_PLACEMENT_2D('',#12479,#12480);
#12479 = CARTESIAN_POINT('',(0.721687836487,-8.450001421553));
#12480 = DIRECTION('',(-3.845925372771E-16,1.));
#12481 = ( GEOMETRIC_REPRESENTATION_CONTEXT(2) 
PARAMETRIC_REPRESENTATION_CONTEXT() REPRESENTATION_CONTEXT('2D SPACE',''
  ) );
#12482 = ORIENTED_EDGE('',*,*,#12483,.T.);
#12483 = EDGE_CURVE('',#12448,#12484,#12486,.T.);
#12484 = VERTEX_POINT('',#12485);
#12485 = CARTESIAN_POINT('',(47.721687836487,8.75,18.99337566648));
#12486 = SURFACE_CURVE('',#12487,(#12492,#12506),.PCURVE_S1.);
#12487 = HYPERBOLA('',#12488,1.250001225477,1.25);
#12488 = AXIS2_PLACEMENT_3D('',#12489,#12490,#12491);
#12489 = CARTESIAN_POINT('',(47.,8.75,17.549998578447));
#12490 = DIRECTION('',(0.,1.,-8.881784197001E-16));
#12491 = DIRECTION('',(0.,8.881784197001E-16,1.));
#12492 = PCURVE('',#12358,#12493);
#12493 = DEFINITIONAL_REPRESENTATION('',(#12494),#12505);
#12494 = B_SPLINE_CURVE_WITH_KNOTS('',9,(#12495,#12496,#12497,#12498,
    #12499,#12500,#12501,#12502,#12503,#12504),.UNSPECIFIED.,.F.,.F.,(10
    ,10),(-0.55840221658,0.55840221658),.PIECEWISE_BEZIER_KNOTS.);
#12495 = CARTESIAN_POINT('',(4.180930742446,1.450001421553));
#12496 = CARTESIAN_POINT('',(4.28790434788,1.358814631639));
#12497 = CARTESIAN_POINT('',(4.402446061171,1.292746139185));
#12498 = CARTESIAN_POINT('',(4.523398330715,1.249764999532));
#12499 = CARTESIAN_POINT('',(4.64881810197,1.228586187698));
#12500 = CARTESIAN_POINT('',(4.775959858863,1.228586187538));
#12501 = CARTESIAN_POINT('',(4.901379630038,1.249764999589));
#12502 = CARTESIAN_POINT('',(5.022331899606,1.292746139172));
#12503 = CARTESIAN_POINT('',(5.13687361289,1.358814631639));
#12504 = CARTESIAN_POINT('',(5.243847218324,1.450001421553));
#12505 = ( GEOMETRIC_REPRESENTATION_CONTEXT(2) 
PARAMETRIC_REPRESENTATION_CONTEXT() REPRESENTATION_CONTEXT('2D SPACE',''
  ) );
#12506 = PCURVE('',#12507,#12512);
#12507 = PLANE('',#12508);
#12508 = AXIS2_PLACEMENT_3D('',#12509,#12510,#12511);
#12509 = CARTESIAN_POINT('',(47.721687836487,8.75,26.));
#12510 = DIRECTION('',(-0.,1.,-8.881784197001E-16));
#12511 = DIRECTION('',(-1.,0.,0.));
#12512 = DEFINITIONAL_REPRESENTATION('',(#12513),#12517);
#12513 = HYPERBOLA('',#12514,1.250001225477,1.25);
#12514 = AXIS2_PLACEMENT_2D('',#12515,#12516);
#12515 = CARTESIAN_POINT('',(0.721687836487,-8.450001421553));
#12516 = DIRECTION('',(0.,1.));
#12517 = ( GEOMETRIC_REPRESENTATION_CONTEXT(2) 
PARAMETRIC_REPRESENTATION_CONTEXT() REPRESENTATION_CONTEXT('2D SPACE',''
  ) );
#12518 = ORIENTED_EDGE('',*,*,#12519,.T.);
#12519 = EDGE_CURVE('',#12484,#12520,#12522,.T.);
#12520 = VERTEX_POINT('',#12521);
#12521 = CARTESIAN_POINT('',(48.443375672974,10.,18.99337566648));
#12522 = SURFACE_CURVE('',#12523,(#12528,#12542),.PCURVE_S1.);
#12523 = HYPERBOLA('',#12524,1.250001225476,1.25);
#12524 = AXIS2_PLACEMENT_3D('',#12525,#12526,#12527);
#12525 = CARTESIAN_POINT('',(48.082531754731,9.375,17.549998578447));
#12526 = DIRECTION('',(-0.866025403784,0.5,-4.440892098502E-16));
#12527 = DIRECTION('',(-1.922962686384E-16,5.551115123126E-16,1.));
#12528 = PCURVE('',#12358,#12529);
#12529 = DEFINITIONAL_REPRESENTATION('',(#12530),#12541);
#12530 = B_SPLINE_CURVE_WITH_KNOTS('',9,(#12531,#12532,#12533,#12534,
    #12535,#12536,#12537,#12538,#12539,#12540),.UNSPECIFIED.,.F.,.F.,(10
    ,10),(-0.55840221658,0.549306144334),.PIECEWISE_BEZIER_KNOTS.);
#12531 = CARTESIAN_POINT('',(5.228128293643,1.450001421553));
#12532 = CARTESIAN_POINT('',(5.334230627788,1.359557323555));
#12533 = CARTESIAN_POINT('',(5.447778285771,1.293824025724));
#12534 = CARTESIAN_POINT('',(5.567641818777,1.250819804702));
#12535 = CARTESIAN_POINT('',(5.691931317958,1.229284851316));
#12536 = CARTESIAN_POINT('',(5.817980988202,1.228600240134));
#12537 = CARTESIAN_POINT('',(5.942446370588,1.248751099291));
#12538 = CARTESIAN_POINT('',(6.062627441056,1.290326010703));
#12539 = CARTESIAN_POINT('',(6.176596019727,1.354552594962));
#12540 = CARTESIAN_POINT('',(6.28318530718,1.443377088032));
#12541 = ( GEOMETRIC_REPRESENTATION_CONTEXT(2) 
PARAMETRIC_REPRESENTATION_CONTEXT() REPRESENTATION_CONTEXT('2D SPACE',''
  ) );
#12542 = PCURVE('',#12543,#12548);
#12543 = PLANE('',#12544);
#12544 = AXIS2_PLACEMENT_3D('',#12545,#12546,#12547);
#12545 = CARTESIAN_POINT('',(48.443375672974,10.,26.));
#12546 = DIRECTION('',(-0.866025403784,0.5,-4.440892098502E-16));
#12547 = DIRECTION('',(-0.5,-0.866025403784,7.691850745537E-16));
#12548 = DEFINITIONAL_REPRESENTATION('',(#12549),#12553);
#12549 = HYPERBOLA('',#12550,1.250001225476,1.25);
#12550 = AXIS2_PLACEMENT_2D('',#12551,#12552);
#12551 = CARTESIAN_POINT('',(0.721687836487,-8.450001421553));
#12552 = DIRECTION('',(3.845925372771E-16,1.));
#12553 = ( GEOMETRIC_REPRESENTATION_CONTEXT(2) 
PARAMETRIC_REPRESENTATION_CONTEXT() REPRESENTATION_CONTEXT('2D SPACE',''
  ) );
#12554 = ORIENTED_EDGE('',*,*,#12555,.T.);
#12555 = EDGE_CURVE('',#12520,#12342,#12556,.T.);
#12556 = SEAM_CURVE('',#12557,(#12561,#12568),.PCURVE_S1.);
#12557 = LINE('',#12558,#12559);
#12558 = CARTESIAN_POINT('',(47.,10.,17.549998578447));
#12559 = VECTOR('',#12560,1.);
#12560 = DIRECTION('',(0.70710643457,4.710279684983E-16,0.707107127803)
  );
#12561 = PCURVE('',#12358,#12562);
#12562 = DEFINITIONAL_REPRESENTATION('',(#12563),#12567);
#12563 = LINE('',#12564,#12565);
#12564 = CARTESIAN_POINT('',(6.28318530718,0.));
#12565 = VECTOR('',#12566,1.);
#12566 = DIRECTION('',(-0.,1.));
#12567 = ( GEOMETRIC_REPRESENTATION_CONTEXT(2) 
PARAMETRIC_REPRESENTATION_CONTEXT() REPRESENTATION_CONTEXT('2D SPACE',''
  ) );
#12568 = PCURVE('',#12358,#12569);
#12569 = DEFINITIONAL_REPRESENTATION('',(#12570),#12574);
#12570 = LINE('',#12571,#12572);
#12571 = CARTESIAN_POINT('',(-4.138911435803E-13,0.));
#12572 = VECTOR('',#12573,1.);
#12573 = DIRECTION('',(-0.,1.));
#12574 = ( GEOMETRIC_REPRESENTATION_CONTEXT(2) 
PARAMETRIC_REPRESENTATION_CONTEXT() REPRESENTATION_CONTEXT('2D SPACE',''
  ) );
#12575 = ORIENTED_EDGE('',*,*,#12341,.T.);
#12576 = ORIENTED_EDGE('',*,*,#12555,.F.);
#12577 = ORIENTED_EDGE('',*,*,#12578,.T.);
#12578 = EDGE_CURVE('',#12520,#12374,#12579,.T.);
#12579 = SURFACE_CURVE('',#12580,(#12585,#12599),.PCURVE_S1.);
#12580 = HYPERBOLA('',#12581,1.250001225476,1.25);
#12581 = AXIS2_PLACEMENT_3D('',#12582,#12583,#12584);
#12582 = CARTESIAN_POINT('',(48.082531754731,10.625,17.549998578447));
#12583 = DIRECTION('',(-0.866025403784,-0.5,4.440892098502E-16));
#12584 = DIRECTION('',(1.922962686384E-16,5.551115123126E-16,1.));
#12585 = PCURVE('',#12358,#12586);
#12586 = DEFINITIONAL_REPRESENTATION('',(#12587),#12598);
#12587 = B_SPLINE_CURVE_WITH_KNOTS('',9,(#12588,#12589,#12590,#12591,
    #12592,#12593,#12594,#12595,#12596,#12597),.UNSPECIFIED.,.F.,.F.,(10
    ,10),(-0.549306144334,0.55840221658),.PIECEWISE_BEZIER_KNOTS.);
#12588 = CARTESIAN_POINT('',(-4.138911435803E-13,1.443377088032));
#12589 = CARTESIAN_POINT('',(0.106589287454,1.354552594962));
#12590 = CARTESIAN_POINT('',(0.22055786611,1.290326010708));
#12591 = CARTESIAN_POINT('',(0.340738936702,1.248751099252));
#12592 = CARTESIAN_POINT('',(0.465204318763,1.22860024018));
#12593 = CARTESIAN_POINT('',(0.591253989358,1.22928485127));
#12594 = CARTESIAN_POINT('',(0.715543488371,1.250819804723));
#12595 = CARTESIAN_POINT('',(0.835407021448,1.293824025712));
#12596 = CARTESIAN_POINT('',(0.948954679392,1.359557323555));
#12597 = CARTESIAN_POINT('',(1.055057013538,1.450001421553));
#12598 = ( GEOMETRIC_REPRESENTATION_CONTEXT(2) 
PARAMETRIC_REPRESENTATION_CONTEXT() REPRESENTATION_CONTEXT('2D SPACE',''
  ) );
#12599 = PCURVE('',#12600,#12605);
#12600 = PLANE('',#12601);
#12601 = AXIS2_PLACEMENT_3D('',#12602,#12603,#12604);
#12602 = CARTESIAN_POINT('',(47.721687836487,11.25,26.));
#12603 = DIRECTION('',(-0.866025403784,-0.5,4.440892098502E-16));
#12604 = DIRECTION('',(0.5,-0.866025403784,7.691850745537E-16));
#12605 = DEFINITIONAL_REPRESENTATION('',(#12606),#12610);
#12606 = HYPERBOLA('',#12607,1.250001225476,1.25);
#12607 = AXIS2_PLACEMENT_2D('',#12608,#12609);
#12608 = CARTESIAN_POINT('',(0.721687836487,-8.450001421553));
#12609 = DIRECTION('',(3.845925372771E-16,1.));
#12610 = ( GEOMETRIC_REPRESENTATION_CONTEXT(2) 
PARAMETRIC_REPRESENTATION_CONTEXT() REPRESENTATION_CONTEXT('2D SPACE',''
  ) );
#12611 = ADVANCED_FACE('',(#12612),#12600,.T.);
#12612 = FACE_BOUND('',#12613,.T.);
#12613 = EDGE_LOOP('',(#12614,#12615,#12638,#12674));
#12614 = ORIENTED_EDGE('',*,*,#12578,.T.);
#12615 = ORIENTED_EDGE('',*,*,#12616,.T.);
#12616 = EDGE_CURVE('',#12374,#12617,#12619,.T.);
#12617 = VERTEX_POINT('',#12618);
#12618 = CARTESIAN_POINT('',(47.721687836487,11.25,16.824426932662));
#12619 = SURFACE_CURVE('',#12620,(#12624,#12631),.PCURVE_S1.);
#12620 = LINE('',#12621,#12622);
#12621 = CARTESIAN_POINT('',(47.721687836487,11.25,26.));
#12622 = VECTOR('',#12623,1.);
#12623 = DIRECTION('',(0.,-8.881784197001E-16,-1.));
#12624 = PCURVE('',#12600,#12625);
#12625 = DEFINITIONAL_REPRESENTATION('',(#12626),#12630);
#12626 = LINE('',#12627,#12628);
#12627 = CARTESIAN_POINT('',(0.,0.));
#12628 = VECTOR('',#12629,1.);
#12629 = DIRECTION('',(-3.855557674268E-28,-1.));
#12630 = ( GEOMETRIC_REPRESENTATION_CONTEXT(2) 
PARAMETRIC_REPRESENTATION_CONTEXT() REPRESENTATION_CONTEXT('2D SPACE',''
  ) );
#12631 = PCURVE('',#12399,#12632);
#12632 = DEFINITIONAL_REPRESENTATION('',(#12633),#12637);
#12633 = LINE('',#12634,#12635);
#12634 = CARTESIAN_POINT('',(1.443375672974,0.));
#12635 = VECTOR('',#12636,1.);
#12636 = DIRECTION('',(0.,-1.));
#12637 = ( GEOMETRIC_REPRESENTATION_CONTEXT(2) 
PARAMETRIC_REPRESENTATION_CONTEXT() REPRESENTATION_CONTEXT('2D SPACE',''
  ) );
#12638 = ORIENTED_EDGE('',*,*,#12639,.F.);
#12639 = EDGE_CURVE('',#12640,#12617,#12642,.T.);
#12640 = VERTEX_POINT('',#12641);
#12641 = CARTESIAN_POINT('',(48.443375672974,10.,16.824426932662));
#12642 = SURFACE_CURVE('',#12643,(#12648,#12655),.PCURVE_S1.);
#12643 = HYPERBOLA('',#12644,0.454963467216,1.25);
#12644 = AXIS2_PLACEMENT_3D('',#12645,#12646,#12647);
#12645 = CARTESIAN_POINT('',(48.082531754731,10.625,16.299080372125));
#12646 = DIRECTION('',(-0.866025403784,-0.5,4.440892098502E-16));
#12647 = DIRECTION('',(-4.326600975418E-29,8.881784197001E-16,1.));
#12648 = PCURVE('',#12600,#12649);
#12649 = DEFINITIONAL_REPRESENTATION('',(#12650),#12654);
#12650 = HYPERBOLA('',#12651,0.454963467216,1.25);
#12651 = AXIS2_PLACEMENT_2D('',#12652,#12653);
#12652 = CARTESIAN_POINT('',(0.721687836487,-9.700919627875));
#12653 = DIRECTION('',(3.855557674268E-28,1.));
#12654 = ( GEOMETRIC_REPRESENTATION_CONTEXT(2) 
PARAMETRIC_REPRESENTATION_CONTEXT() REPRESENTATION_CONTEXT('2D SPACE',''
  ) );
#12655 = PCURVE('',#12656,#12661);
#12656 = CONICAL_SURFACE('',#12657,6.640918306942E-17,1.22173);
#12657 = AXIS2_PLACEMENT_3D('',#12658,#12659,#12660);
#12658 = CARTESIAN_POINT('',(47.,10.,16.299080372125));
#12659 = DIRECTION('',(0.,8.881784197001E-16,1.));
#12660 = DIRECTION('',(1.,1.514889354313E-16,-1.345492032734E-31));
#12661 = DEFINITIONAL_REPRESENTATION('',(#12662),#12673);
#12662 = B_SPLINE_CURVE_WITH_KNOTS('',9,(#12663,#12664,#12665,#12666,
    #12667,#12668,#12669,#12670,#12671,#12672),.UNSPECIFIED.,.F.,.F.,(10
    ,10),(-0.549306144334,0.549306144334),.PIECEWISE_BEZIER_KNOTS.);
#12663 = CARTESIAN_POINT('',(-4.138911435803E-13,0.525346560537));
#12664 = CARTESIAN_POINT('',(0.105714017311,0.493282550051));
#12665 = CARTESIAN_POINT('',(0.218686762078,0.470025018626));
#12666 = CARTESIAN_POINT('',(0.337778866987,0.454882901967));
#12667 = CARTESIAN_POINT('',(0.461119290295,0.447418203466));
#12668 = CARTESIAN_POINT('',(0.586078086357,0.447418204259));
#12669 = CARTESIAN_POINT('',(0.709418934657,0.454882901435));
#12670 = CARTESIAN_POINT('',(0.82851073268,0.470025018555));
#12671 = CARTESIAN_POINT('',(0.941483504018,0.493282549804));
#12672 = CARTESIAN_POINT('',(1.04719755172,0.525346560116));
#12673 = ( GEOMETRIC_REPRESENTATION_CONTEXT(2) 
PARAMETRIC_REPRESENTATION_CONTEXT() REPRESENTATION_CONTEXT('2D SPACE',''
  ) );
#12674 = ORIENTED_EDGE('',*,*,#12675,.F.);
#12675 = EDGE_CURVE('',#12520,#12640,#12676,.T.);
#12676 = SURFACE_CURVE('',#12677,(#12681,#12688),.PCURVE_S1.);
#12677 = LINE('',#12678,#12679);
#12678 = CARTESIAN_POINT('',(48.443375672974,10.,26.));
#12679 = VECTOR('',#12680,1.);
#12680 = DIRECTION('',(0.,-8.881784197001E-16,-1.));
#12681 = PCURVE('',#12600,#12682);
#12682 = DEFINITIONAL_REPRESENTATION('',(#12683),#12687);
#12683 = LINE('',#12684,#12685);
#12684 = CARTESIAN_POINT('',(1.443375672974,-1.110223024626E-15));
#12685 = VECTOR('',#12686,1.);
#12686 = DIRECTION('',(-3.855557674268E-28,-1.));
#12687 = ( GEOMETRIC_REPRESENTATION_CONTEXT(2) 
PARAMETRIC_REPRESENTATION_CONTEXT() REPRESENTATION_CONTEXT('2D SPACE',''
  ) );
#12688 = PCURVE('',#12543,#12689);
#12689 = DEFINITIONAL_REPRESENTATION('',(#12690),#12694);
#12690 = LINE('',#12691,#12692);
#12691 = CARTESIAN_POINT('',(0.,0.));
#12692 = VECTOR('',#12693,1.);
#12693 = DIRECTION('',(-3.855557674268E-28,-1.));
#12694 = ( GEOMETRIC_REPRESENTATION_CONTEXT(2) 
PARAMETRIC_REPRESENTATION_CONTEXT() REPRESENTATION_CONTEXT('2D SPACE',''
  ) );
#12695 = ADVANCED_FACE('',(#12696),#12399,.T.);
#12696 = FACE_BOUND('',#12697,.T.);
#12697 = EDGE_LOOP('',(#12698,#12699,#12722,#12751));
#12698 = ORIENTED_EDGE('',*,*,#12373,.T.);
#12699 = ORIENTED_EDGE('',*,*,#12700,.T.);
#12700 = EDGE_CURVE('',#12376,#12701,#12703,.T.);
#12701 = VERTEX_POINT('',#12702);
#12702 = CARTESIAN_POINT('',(46.278312163513,11.25,16.824426932662));
#12703 = SURFACE_CURVE('',#12704,(#12708,#12715),.PCURVE_S1.);
#12704 = LINE('',#12705,#12706);
#12705 = CARTESIAN_POINT('',(46.278312163513,11.25,26.));
#12706 = VECTOR('',#12707,1.);
#12707 = DIRECTION('',(0.,-8.881784197001E-16,-1.));
#12708 = PCURVE('',#12399,#12709);
#12709 = DEFINITIONAL_REPRESENTATION('',(#12710),#12714);
#12710 = LINE('',#12711,#12712);
#12711 = CARTESIAN_POINT('',(0.,0.));
#12712 = VECTOR('',#12713,1.);
#12713 = DIRECTION('',(0.,-1.));
#12714 = ( GEOMETRIC_REPRESENTATION_CONTEXT(2) 
PARAMETRIC_REPRESENTATION_CONTEXT() REPRESENTATION_CONTEXT('2D SPACE',''
  ) );
#12715 = PCURVE('',#12435,#12716);
#12716 = DEFINITIONAL_REPRESENTATION('',(#12717),#12721);
#12717 = LINE('',#12718,#12719);
#12718 = CARTESIAN_POINT('',(1.443375672974,1.110223024626E-15));
#12719 = VECTOR('',#12720,1.);
#12720 = DIRECTION('',(3.855557674268E-28,-1.));
#12721 = ( GEOMETRIC_REPRESENTATION_CONTEXT(2) 
PARAMETRIC_REPRESENTATION_CONTEXT() REPRESENTATION_CONTEXT('2D SPACE',''
  ) );
#12722 = ORIENTED_EDGE('',*,*,#12723,.F.);
#12723 = EDGE_CURVE('',#12617,#12701,#12724,.T.);
#12724 = SURFACE_CURVE('',#12725,(#12730,#12737),.PCURVE_S1.);
#12725 = HYPERBOLA('',#12726,0.454963467216,1.25);
#12726 = AXIS2_PLACEMENT_3D('',#12727,#12728,#12729);
#12727 = CARTESIAN_POINT('',(47.,11.25,16.299080372125));
#12728 = DIRECTION('',(0.,-1.,8.881784197001E-16));
#12729 = DIRECTION('',(0.,8.881784197001E-16,1.));
#12730 = PCURVE('',#12399,#12731);
#12731 = DEFINITIONAL_REPRESENTATION('',(#12732),#12736);
#12732 = HYPERBOLA('',#12733,0.454963467216,1.25);
#12733 = AXIS2_PLACEMENT_2D('',#12734,#12735);
#12734 = CARTESIAN_POINT('',(0.721687836487,-9.700919627875));
#12735 = DIRECTION('',(0.,1.));
#12736 = ( GEOMETRIC_REPRESENTATION_CONTEXT(2) 
PARAMETRIC_REPRESENTATION_CONTEXT() REPRESENTATION_CONTEXT('2D SPACE',''
  ) );
#12737 = PCURVE('',#12656,#12738);
#12738 = DEFINITIONAL_REPRESENTATION('',(#12739),#12750);
#12739 = B_SPLINE_CURVE_WITH_KNOTS('',9,(#12740,#12741,#12742,#12743,
    #12744,#12745,#12746,#12747,#12748,#12749),.UNSPECIFIED.,.F.,.F.,(10
    ,10),(-0.646774826402,0.646774826402),.PIECEWISE_BEZIER_KNOTS.);
#12740 = CARTESIAN_POINT('',(0.964905207956,0.553486946207));
#12741 = CARTESIAN_POINT('',(1.083048682524,0.508182821976));
#12742 = CARTESIAN_POINT('',(1.212070841286,0.47574166301));
#12743 = CARTESIAN_POINT('',(1.35073639829,0.454809791019));
#12744 = CARTESIAN_POINT('',(1.496451142968,0.4445459758));
#12745 = CARTESIAN_POINT('',(1.645141510769,0.444545975797));
#12746 = CARTESIAN_POINT('',(1.790856255251,0.45480979102));
#12747 = CARTESIAN_POINT('',(1.929521812348,0.475741663012));
#12748 = CARTESIAN_POINT('',(2.058543971067,0.508182821976));
#12749 = CARTESIAN_POINT('',(2.176687445635,0.553486946207));
#12750 = ( GEOMETRIC_REPRESENTATION_CONTEXT(2) 
PARAMETRIC_REPRESENTATION_CONTEXT() REPRESENTATION_CONTEXT('2D SPACE',''
  ) );
#12751 = ORIENTED_EDGE('',*,*,#12616,.F.);
#12752 = ADVANCED_FACE('',(#12753),#12435,.T.);
#12753 = FACE_BOUND('',#12754,.T.);
#12754 = EDGE_LOOP('',(#12755,#12756,#12779,#12808));
#12755 = ORIENTED_EDGE('',*,*,#12411,.T.);
#12756 = ORIENTED_EDGE('',*,*,#12757,.T.);
#12757 = EDGE_CURVE('',#12412,#12758,#12760,.T.);
#12758 = VERTEX_POINT('',#12759);
#12759 = CARTESIAN_POINT('',(45.556624327026,10.,16.824426932662));
#12760 = SURFACE_CURVE('',#12761,(#12765,#12772),.PCURVE_S1.);
#12761 = LINE('',#12762,#12763);
#12762 = CARTESIAN_POINT('',(45.556624327026,10.,26.));
#12763 = VECTOR('',#12764,1.);
#12764 = DIRECTION('',(0.,-8.881784197001E-16,-1.));
#12765 = PCURVE('',#12435,#12766);
#12766 = DEFINITIONAL_REPRESENTATION('',(#12767),#12771);
#12767 = LINE('',#12768,#12769);
#12768 = CARTESIAN_POINT('',(0.,0.));
#12769 = VECTOR('',#12770,1.);
#12770 = DIRECTION('',(3.855557674268E-28,-1.));
#12771 = ( GEOMETRIC_REPRESENTATION_CONTEXT(2) 
PARAMETRIC_REPRESENTATION_CONTEXT() REPRESENTATION_CONTEXT('2D SPACE',''
  ) );
#12772 = PCURVE('',#12471,#12773);
#12773 = DEFINITIONAL_REPRESENTATION('',(#12774),#12778);
#12774 = LINE('',#12775,#12776);
#12775 = CARTESIAN_POINT('',(1.443375672974,1.110223024626E-15));
#12776 = VECTOR('',#12777,1.);
#12777 = DIRECTION('',(3.855557674268E-28,-1.));
#12778 = ( GEOMETRIC_REPRESENTATION_CONTEXT(2) 
PARAMETRIC_REPRESENTATION_CONTEXT() REPRESENTATION_CONTEXT('2D SPACE',''
  ) );
#12779 = ORIENTED_EDGE('',*,*,#12780,.F.);
#12780 = EDGE_CURVE('',#12701,#12758,#12781,.T.);
#12781 = SURFACE_CURVE('',#12782,(#12787,#12794),.PCURVE_S1.);
#12782 = HYPERBOLA('',#12783,0.454963467216,1.25);
#12783 = AXIS2_PLACEMENT_3D('',#12784,#12785,#12786);
#12784 = CARTESIAN_POINT('',(45.917468245269,10.625,16.299080372125));
#12785 = DIRECTION('',(0.866025403784,-0.5,4.440892098502E-16));
#12786 = DIRECTION('',(4.326600975418E-29,8.881784197001E-16,1.));
#12787 = PCURVE('',#12435,#12788);
#12788 = DEFINITIONAL_REPRESENTATION('',(#12789),#12793);
#12789 = HYPERBOLA('',#12790,0.454963467216,1.25);
#12790 = AXIS2_PLACEMENT_2D('',#12791,#12792);
#12791 = CARTESIAN_POINT('',(0.721687836487,-9.700919627875));
#12792 = DIRECTION('',(-3.855557674268E-28,1.));
#12793 = ( GEOMETRIC_REPRESENTATION_CONTEXT(2) 
PARAMETRIC_REPRESENTATION_CONTEXT() REPRESENTATION_CONTEXT('2D SPACE',''
  ) );
#12794 = PCURVE('',#12656,#12795);
#12795 = DEFINITIONAL_REPRESENTATION('',(#12796),#12807);
#12796 = B_SPLINE_CURVE_WITH_KNOTS('',9,(#12797,#12798,#12799,#12800,
    #12801,#12802,#12803,#12804,#12805,#12806),.UNSPECIFIED.,.F.,.F.,(10
    ,10),(-0.646774826402,0.646774826402),.PIECEWISE_BEZIER_KNOTS.);
#12797 = CARTESIAN_POINT('',(2.012102759153,0.553486946207));
#12798 = CARTESIAN_POINT('',(2.13024623372,0.508182821976));
#12799 = CARTESIAN_POINT('',(2.259268392443,0.475741663011));
#12800 = CARTESIAN_POINT('',(2.397933949582,0.454809791026));
#12801 = CARTESIAN_POINT('',(2.54364869391,0.444545975815));
#12802 = CARTESIAN_POINT('',(2.69233906209,0.444545975782));
#12803 = CARTESIAN_POINT('',(2.838053806397,0.454809791032));
#12804 = CARTESIAN_POINT('',(2.976719363556,0.475741663009));
#12805 = CARTESIAN_POINT('',(3.105741522263,0.508182821976));
#12806 = CARTESIAN_POINT('',(3.223884996831,0.553486946207));
#12807 = ( GEOMETRIC_REPRESENTATION_CONTEXT(2) 
PARAMETRIC_REPRESENTATION_CONTEXT() REPRESENTATION_CONTEXT('2D SPACE',''
  ) );
#12808 = ORIENTED_EDGE('',*,*,#12700,.F.);
#12809 = ADVANCED_FACE('',(#12810),#12471,.T.);
#12810 = FACE_BOUND('',#12811,.T.);
#12811 = EDGE_LOOP('',(#12812,#12813,#12836,#12865));
#12812 = ORIENTED_EDGE('',*,*,#12447,.T.);
#12813 = ORIENTED_EDGE('',*,*,#12814,.T.);
#12814 = EDGE_CURVE('',#12448,#12815,#12817,.T.);
#12815 = VERTEX_POINT('',#12816);
#12816 = CARTESIAN_POINT('',(46.278312163513,8.75,16.824426932662));
#12817 = SURFACE_CURVE('',#12818,(#12822,#12829),.PCURVE_S1.);
#12818 = LINE('',#12819,#12820);
#12819 = CARTESIAN_POINT('',(46.278312163513,8.75,26.));
#12820 = VECTOR('',#12821,1.);
#12821 = DIRECTION('',(0.,-8.881784197001E-16,-1.));
#12822 = PCURVE('',#12471,#12823);
#12823 = DEFINITIONAL_REPRESENTATION('',(#12824),#12828);
#12824 = LINE('',#12825,#12826);
#12825 = CARTESIAN_POINT('',(0.,0.));
#12826 = VECTOR('',#12827,1.);
#12827 = DIRECTION('',(3.855557674268E-28,-1.));
#12828 = ( GEOMETRIC_REPRESENTATION_CONTEXT(2) 
PARAMETRIC_REPRESENTATION_CONTEXT() REPRESENTATION_CONTEXT('2D SPACE',''
  ) );
#12829 = PCURVE('',#12507,#12830);
#12830 = DEFINITIONAL_REPRESENTATION('',(#12831),#12835);
#12831 = LINE('',#12832,#12833);
#12832 = CARTESIAN_POINT('',(1.443375672974,0.));
#12833 = VECTOR('',#12834,1.);
#12834 = DIRECTION('',(-0.,-1.));
#12835 = ( GEOMETRIC_REPRESENTATION_CONTEXT(2) 
PARAMETRIC_REPRESENTATION_CONTEXT() REPRESENTATION_CONTEXT('2D SPACE',''
  ) );
#12836 = ORIENTED_EDGE('',*,*,#12837,.F.);
#12837 = EDGE_CURVE('',#12758,#12815,#12838,.T.);
#12838 = SURFACE_CURVE('',#12839,(#12844,#12851),.PCURVE_S1.);
#12839 = HYPERBOLA('',#12840,0.454963467216,1.25);
#12840 = AXIS2_PLACEMENT_3D('',#12841,#12842,#12843);
#12841 = CARTESIAN_POINT('',(45.917468245269,9.375,16.299080372125));
#12842 = DIRECTION('',(0.866025403784,0.5,-4.440892098502E-16));
#12843 = DIRECTION('',(-4.326600975418E-29,8.881784197001E-16,1.));
#12844 = PCURVE('',#12471,#12845);
#12845 = DEFINITIONAL_REPRESENTATION('',(#12846),#12850);
#12846 = HYPERBOLA('',#12847,0.454963467216,1.25);
#12847 = AXIS2_PLACEMENT_2D('',#12848,#12849);
#12848 = CARTESIAN_POINT('',(0.721687836487,-9.700919627875));
#12849 = DIRECTION('',(-3.855557674268E-28,1.));
#12850 = ( GEOMETRIC_REPRESENTATION_CONTEXT(2) 
PARAMETRIC_REPRESENTATION_CONTEXT() REPRESENTATION_CONTEXT('2D SPACE',''
  ) );
#12851 = PCURVE('',#12656,#12852);
#12852 = DEFINITIONAL_REPRESENTATION('',(#12853),#12864);
#12853 = B_SPLINE_CURVE_WITH_KNOTS('',9,(#12854,#12855,#12856,#12857,
    #12858,#12859,#12860,#12861,#12862,#12863),.UNSPECIFIED.,.F.,.F.,(10
    ,10),(-0.646774826402,0.646774826402),.PIECEWISE_BEZIER_KNOTS.);
#12854 = CARTESIAN_POINT('',(3.059300310349,0.553486946207));
#12855 = CARTESIAN_POINT('',(3.177443784917,0.508182821976));
#12856 = CARTESIAN_POINT('',(3.306465943706,0.475741663006));
#12857 = CARTESIAN_POINT('',(3.445131500524,0.454809791048));
#12858 = CARTESIAN_POINT('',(3.590846245704,0.444545975751));
#12859 = CARTESIAN_POINT('',(3.739536612662,0.444545975849));
#12860 = CARTESIAN_POINT('',(3.885251357871,0.454809791005));
#12861 = CARTESIAN_POINT('',(4.023916914684,0.475741663017));
#12862 = CARTESIAN_POINT('',(4.15293907346,0.508182821976));
#12863 = CARTESIAN_POINT('',(4.271082548028,0.553486946207));
#12864 = ( GEOMETRIC_REPRESENTATION_CONTEXT(2) 
PARAMETRIC_REPRESENTATION_CONTEXT() REPRESENTATION_CONTEXT('2D SPACE',''
  ) );
#12865 = ORIENTED_EDGE('',*,*,#12757,.F.);
#12866 = ADVANCED_FACE('',(#12867),#12507,.T.);
#12867 = FACE_BOUND('',#12868,.T.);
#12868 = EDGE_LOOP('',(#12869,#12870,#12893,#12922));
#12869 = ORIENTED_EDGE('',*,*,#12483,.T.);
#12870 = ORIENTED_EDGE('',*,*,#12871,.T.);
#12871 = EDGE_CURVE('',#12484,#12872,#12874,.T.);
#12872 = VERTEX_POINT('',#12873);
#12873 = CARTESIAN_POINT('',(47.721687836487,8.75,16.824426932662));
#12874 = SURFACE_CURVE('',#12875,(#12879,#12886),.PCURVE_S1.);
#12875 = LINE('',#12876,#12877);
#12876 = CARTESIAN_POINT('',(47.721687836487,8.75,26.));
#12877 = VECTOR('',#12878,1.);
#12878 = DIRECTION('',(0.,-8.881784197001E-16,-1.));
#12879 = PCURVE('',#12507,#12880);
#12880 = DEFINITIONAL_REPRESENTATION('',(#12881),#12885);
#12881 = LINE('',#12882,#12883);
#12882 = CARTESIAN_POINT('',(0.,0.));
#12883 = VECTOR('',#12884,1.);
#12884 = DIRECTION('',(-0.,-1.));
#12885 = ( GEOMETRIC_REPRESENTATION_CONTEXT(2) 
PARAMETRIC_REPRESENTATION_CONTEXT() REPRESENTATION_CONTEXT('2D SPACE',''
  ) );
#12886 = PCURVE('',#12543,#12887);
#12887 = DEFINITIONAL_REPRESENTATION('',(#12888),#12892);
#12888 = LINE('',#12889,#12890);
#12889 = CARTESIAN_POINT('',(1.443375672974,-1.110223024626E-15));
#12890 = VECTOR('',#12891,1.);
#12891 = DIRECTION('',(-3.855557674268E-28,-1.));
#12892 = ( GEOMETRIC_REPRESENTATION_CONTEXT(2) 
PARAMETRIC_REPRESENTATION_CONTEXT() REPRESENTATION_CONTEXT('2D SPACE',''
  ) );
#12893 = ORIENTED_EDGE('',*,*,#12894,.F.);
#12894 = EDGE_CURVE('',#12815,#12872,#12895,.T.);
#12895 = SURFACE_CURVE('',#12896,(#12901,#12908),.PCURVE_S1.);
#12896 = HYPERBOLA('',#12897,0.454963467216,1.25);
#12897 = AXIS2_PLACEMENT_3D('',#12898,#12899,#12900);
#12898 = CARTESIAN_POINT('',(47.,8.75,16.299080372125));
#12899 = DIRECTION('',(0.,1.,-8.881784197001E-16));
#12900 = DIRECTION('',(0.,8.881784197001E-16,1.));
#12901 = PCURVE('',#12507,#12902);
#12902 = DEFINITIONAL_REPRESENTATION('',(#12903),#12907);
#12903 = HYPERBOLA('',#12904,0.454963467216,1.25);
#12904 = AXIS2_PLACEMENT_2D('',#12905,#12906);
#12905 = CARTESIAN_POINT('',(0.721687836487,-9.700919627875));
#12906 = DIRECTION('',(0.,1.));
#12907 = ( GEOMETRIC_REPRESENTATION_CONTEXT(2) 
PARAMETRIC_REPRESENTATION_CONTEXT() REPRESENTATION_CONTEXT('2D SPACE',''
  ) );
#12908 = PCURVE('',#12656,#12909);
#12909 = DEFINITIONAL_REPRESENTATION('',(#12910),#12921);
#12910 = B_SPLINE_CURVE_WITH_KNOTS('',9,(#12911,#12912,#12913,#12914,
    #12915,#12916,#12917,#12918,#12919,#12920),.UNSPECIFIED.,.F.,.F.,(10
    ,10),(-0.646774826402,0.646774826402),.PIECEWISE_BEZIER_KNOTS.);
#12911 = CARTESIAN_POINT('',(4.106497861546,0.553486946207));
#12912 = CARTESIAN_POINT('',(4.224641336114,0.508182821976));
#12913 = CARTESIAN_POINT('',(4.353663494862,0.47574166301));
#12914 = CARTESIAN_POINT('',(4.492329051914,0.454809791019));
#12915 = CARTESIAN_POINT('',(4.638043796538,0.4445459758));
#12916 = CARTESIAN_POINT('',(4.786734164252,0.444545975797));
#12917 = CARTESIAN_POINT('',(4.932448908872,0.45480979102));
#12918 = CARTESIAN_POINT('',(5.071114465911,0.475741663012));
#12919 = CARTESIAN_POINT('',(5.200136624657,0.508182821976));
#12920 = CARTESIAN_POINT('',(5.318280099224,0.553486946207));
#12921 = ( GEOMETRIC_REPRESENTATION_CONTEXT(2) 
PARAMETRIC_REPRESENTATION_CONTEXT() REPRESENTATION_CONTEXT('2D SPACE',''
  ) );
#12922 = ORIENTED_EDGE('',*,*,#12814,.F.);
#12923 = ADVANCED_FACE('',(#12924),#12543,.T.);
#12924 = FACE_BOUND('',#12925,.T.);
#12925 = EDGE_LOOP('',(#12926,#12927,#12928,#12957));
#12926 = ORIENTED_EDGE('',*,*,#12519,.T.);
#12927 = ORIENTED_EDGE('',*,*,#12675,.T.);
#12928 = ORIENTED_EDGE('',*,*,#12929,.F.);
#12929 = EDGE_CURVE('',#12872,#12640,#12930,.T.);
#12930 = SURFACE_CURVE('',#12931,(#12936,#12943),.PCURVE_S1.);
#12931 = HYPERBOLA('',#12932,0.454963467216,1.25);
#12932 = AXIS2_PLACEMENT_3D('',#12933,#12934,#12935);
#12933 = CARTESIAN_POINT('',(48.082531754731,9.375,16.299080372125));
#12934 = DIRECTION('',(-0.866025403784,0.5,-4.440892098502E-16));
#12935 = DIRECTION('',(4.326600975418E-29,8.881784197001E-16,1.));
#12936 = PCURVE('',#12543,#12937);
#12937 = DEFINITIONAL_REPRESENTATION('',(#12938),#12942);
#12938 = HYPERBOLA('',#12939,0.454963467216,1.25);
#12939 = AXIS2_PLACEMENT_2D('',#12940,#12941);
#12940 = CARTESIAN_POINT('',(0.721687836487,-9.700919627875));
#12941 = DIRECTION('',(3.855557674268E-28,1.));
#12942 = ( GEOMETRIC_REPRESENTATION_CONTEXT(2) 
PARAMETRIC_REPRESENTATION_CONTEXT() REPRESENTATION_CONTEXT('2D SPACE',''
  ) );
#12943 = PCURVE('',#12656,#12944);
#12944 = DEFINITIONAL_REPRESENTATION('',(#12945),#12956);
#12945 = B_SPLINE_CURVE_WITH_KNOTS('',9,(#12946,#12947,#12948,#12949,
    #12950,#12951,#12952,#12953,#12954,#12955),.UNSPECIFIED.,.F.,.F.,(10
    ,10),(-0.549306144334,0.549306144334),.PIECEWISE_BEZIER_KNOTS.);
#12946 = CARTESIAN_POINT('',(5.235987755461,0.525346560117));
#12947 = CARTESIAN_POINT('',(5.341701803171,0.493282549805));
#12948 = CARTESIAN_POINT('',(5.454674574529,0.470025018557));
#12949 = CARTESIAN_POINT('',(5.573766372589,0.454882901438));
#12950 = CARTESIAN_POINT('',(5.697107220945,0.44741820425));
#12951 = CARTESIAN_POINT('',(5.822066016855,0.447418203479));
#12952 = CARTESIAN_POINT('',(5.94540644017,0.454882901961));
#12953 = CARTESIAN_POINT('',(6.064498545092,0.470025018627));
#12954 = CARTESIAN_POINT('',(6.177471289869,0.493282550051));
#12955 = CARTESIAN_POINT('',(6.28318530718,0.525346560537));
#12956 = ( GEOMETRIC_REPRESENTATION_CONTEXT(2) 
PARAMETRIC_REPRESENTATION_CONTEXT() REPRESENTATION_CONTEXT('2D SPACE',''
  ) );
#12957 = ORIENTED_EDGE('',*,*,#12871,.F.);
#12958 = ADVANCED_FACE('',(#12959),#12656,.F.);
#12959 = FACE_BOUND('',#12960,.F.);
#12960 = EDGE_LOOP('',(#12961,#12962,#12963,#12964,#12965,#12966,#12967,
    #12990));
#12961 = ORIENTED_EDGE('',*,*,#12929,.F.);
#12962 = ORIENTED_EDGE('',*,*,#12894,.F.);
#12963 = ORIENTED_EDGE('',*,*,#12837,.F.);
#12964 = ORIENTED_EDGE('',*,*,#12780,.F.);
#12965 = ORIENTED_EDGE('',*,*,#12723,.F.);
#12966 = ORIENTED_EDGE('',*,*,#12639,.F.);
#12967 = ORIENTED_EDGE('',*,*,#12968,.F.);
#12968 = EDGE_CURVE('',#12969,#12640,#12971,.T.);
#12969 = VERTEX_POINT('',#12970);
#12970 = CARTESIAN_POINT('',(47.,10.,16.299080372125));
#12971 = SEAM_CURVE('',#12972,(#12976,#12983),.PCURVE_S1.);
#12972 = LINE('',#12973,#12974);
#12973 = CARTESIAN_POINT('',(47.,10.,16.299080372125));
#12974 = VECTOR('',#12975,1.);
#12975 = DIRECTION('',(0.939692457849,3.797191350146E-16,0.342020590991)
  );
#12976 = PCURVE('',#12656,#12977);
#12977 = DEFINITIONAL_REPRESENTATION('',(#12978),#12982);
#12978 = LINE('',#12979,#12980);
#12979 = CARTESIAN_POINT('',(0.,0.));
#12980 = VECTOR('',#12981,1.);
#12981 = DIRECTION('',(-0.,1.));
#12982 = ( GEOMETRIC_REPRESENTATION_CONTEXT(2) 
PARAMETRIC_REPRESENTATION_CONTEXT() REPRESENTATION_CONTEXT('2D SPACE',''
  ) );
#12983 = PCURVE('',#12656,#12984);
#12984 = DEFINITIONAL_REPRESENTATION('',(#12985),#12989);
#12985 = LINE('',#12986,#12987);
#12986 = CARTESIAN_POINT('',(6.283185307179,0.));
#12987 = VECTOR('',#12988,1.);
#12988 = DIRECTION('',(-0.,1.));
#12989 = ( GEOMETRIC_REPRESENTATION_CONTEXT(2) 
PARAMETRIC_REPRESENTATION_CONTEXT() REPRESENTATION_CONTEXT('2D SPACE',''
  ) );
#12990 = ORIENTED_EDGE('',*,*,#12968,.T.);
#12991 = ( GEOMETRIC_REPRESENTATION_CONTEXT(3) 
GLOBAL_UNCERTAINTY_ASSIGNED_CONTEXT((#12995)) 
GLOBAL_UNIT_ASSIGNED_CONTEXT((#12992,#12993,#12994)) 
REPRESENTATION_CONTEXT('Context #1',
  '3D Context with UNIT and UNCERTAINTY') );
#12992 = ( LENGTH_UNIT() NAMED_UNIT(*) SI_UNIT(.MILLI.,.METRE.) );
#12993 = ( NAMED_UNIT(*) PLANE_ANGLE_UNIT() SI_UNIT($,.RADIAN.) );
#12994 = ( NAMED_UNIT(*) SI_UNIT($,.STERADIAN.) SOLID_ANGLE_UNIT() );
#12995 = UNCERTAINTY_MEASURE_WITH_UNIT(LENGTH_MEASURE(1.E-07),#12992,
  'distance_accuracy_value','confusion accuracy');
#12996 = CONTEXT_DEPENDENT_SHAPE_REPRESENTATION(#12997,#12999);
#12997 = ( REPRESENTATION_RELATIONSHIP('','',#11990,#10) 
REPRESENTATION_RELATIONSHIP_WITH_TRANSFORMATION(#12998) 
SHAPE_REPRESENTATION_RELATIONSHIP() );
#12998 = ITEM_DEFINED_TRANSFORMATION('','',#11,#103);
#12999 = PRODUCT_DEFINITION_SHAPE('Placement','Placement of an item',
  #13000);
#13000 = NEXT_ASSEMBLY_USAGE_OCCURRENCE('23',
  'source_locked_support_m3x12_fastener_4','',#5,#11985,$);
#13001 = PRODUCT_RELATED_PRODUCT_CATEGORY('part',$,(#11987));
#13002 = MECHANICAL_DESIGN_GEOMETRIC_PRESENTATION_REPRESENTATION('',(
    #13003),#11972);
#13003 = STYLED_ITEM('color',(#13004),#10972);
#13004 = PRESENTATION_STYLE_ASSIGNMENT((#13005));
#13005 = SURFACE_STYLE_USAGE(.BOTH.,#13006);
#13006 = SURFACE_SIDE_STYLE('',(#13007));
#13007 = SURFACE_STYLE_FILL_AREA(#13008);
#13008 = FILL_AREA_STYLE('',(#13009));
#13009 = FILL_AREA_STYLE_COLOUR('',#13010);
#13010 = COLOUR_RGB('',0.199999998682,0.199999998682,0.199999998682);
#13011 = MECHANICAL_DESIGN_GEOMETRIC_PRESENTATION_REPRESENTATION('',(
    #13012),#8915);
#13012 = STYLED_ITEM('color',(#13013),#7915);
#13013 = PRESENTATION_STYLE_ASSIGNMENT((#13014));
#13014 = SURFACE_STYLE_USAGE(.BOTH.,#13015);
#13015 = SURFACE_SIDE_STYLE('',(#13016));
#13016 = SURFACE_STYLE_FILL_AREA(#13017);
#13017 = FILL_AREA_STYLE('',(#13018));
#13018 = FILL_AREA_STYLE_COLOUR('',#13010);
#13019 = MECHANICAL_DESIGN_GEOMETRIC_PRESENTATION_REPRESENTATION('',(
    #13020),#9934);
#13020 = STYLED_ITEM('color',(#13021),#8934);
#13021 = PRESENTATION_STYLE_ASSIGNMENT((#13022));
#13022 = SURFACE_STYLE_USAGE(.BOTH.,#13023);
#13023 = SURFACE_SIDE_STYLE('',(#13024));
#13024 = SURFACE_STYLE_FILL_AREA(#13025);
#13025 = FILL_AREA_STYLE('',(#13026));
#13026 = FILL_AREA_STYLE_COLOUR('',#13010);
#13027 = MECHANICAL_DESIGN_GEOMETRIC_PRESENTATION_REPRESENTATION('',(
    #13028),#6877);
#13028 = STYLED_ITEM('color',(#13029),#5877);
#13029 = PRESENTATION_STYLE_ASSIGNMENT((#13030));
#13030 = SURFACE_STYLE_USAGE(.BOTH.,#13031);
#13031 = SURFACE_SIDE_STYLE('',(#13032));
#13032 = SURFACE_STYLE_FILL_AREA(#13033);
#13033 = FILL_AREA_STYLE('',(#13034));
#13034 = FILL_AREA_STYLE_COLOUR('',#13010);
#13035 = MECHANICAL_DESIGN_GEOMETRIC_PRESENTATION_REPRESENTATION('',(
    #13036),#3739);
#13036 = STYLED_ITEM('color',(#13037),#3641);
#13037 = PRESENTATION_STYLE_ASSIGNMENT((#13038));
#13038 = SURFACE_STYLE_USAGE(.BOTH.,#13039);
#13039 = SURFACE_SIDE_STYLE('',(#13040));
#13040 = SURFACE_STYLE_FILL_AREA(#13041);
#13041 = FILL_AREA_STYLE('',(#13042));
#13042 = FILL_AREA_STYLE_COLOUR('',#13043);
#13043 = COLOUR_RGB('',0.959999986217,0.630000008194,0.180000002302);
#13044 = MECHANICAL_DESIGN_GEOMETRIC_PRESENTATION_REPRESENTATION('',(
    #13045),#3622);
#13045 = STYLED_ITEM('color',(#13046),#3440);
#13046 = PRESENTATION_STYLE_ASSIGNMENT((#13047));
#13047 = SURFACE_STYLE_USAGE(.BOTH.,#13048);
#13048 = SURFACE_SIDE_STYLE('',(#13049));
#13049 = SURFACE_STYLE_FILL_AREA(#13050);
#13050 = FILL_AREA_STYLE('',(#13051));
#13051 = FILL_AREA_STYLE_COLOUR('',#13043);
#13052 = MECHANICAL_DESIGN_GEOMETRIC_PRESENTATION_REPRESENTATION('',(
    #13053),#2303);
#13053 = STYLED_ITEM('color',(#13054),#1973);
#13054 = PRESENTATION_STYLE_ASSIGNMENT((#13055));
#13055 = SURFACE_STYLE_USAGE(.BOTH.,#13056);
#13056 = SURFACE_SIDE_STYLE('',(#13057));
#13057 = SURFACE_STYLE_FILL_AREA(#13058);
#13058 = FILL_AREA_STYLE('',(#13059));
#13059 = FILL_AREA_STYLE_COLOUR('',#13060);
#13060 = COLOUR_RGB('',0.380000002513,0.460000000054,0.55000000909);
#13061 = MECHANICAL_DESIGN_GEOMETRIC_PRESENTATION_REPRESENTATION('',(
    #13062),#1837);
#13062 = STYLED_ITEM('color',(#13063),#1739);
#13063 = PRESENTATION_STYLE_ASSIGNMENT((#13064));
#13064 = SURFACE_STYLE_USAGE(.BOTH.,#13065);
#13065 = SURFACE_SIDE_STYLE('',(#13066));
#13066 = SURFACE_STYLE_FILL_AREA(#13067);
#13067 = FILL_AREA_STYLE('',(#13068));
#13068 = FILL_AREA_STYLE_COLOUR('',#13069);
#13069 = COLOUR_RGB('',0.350000000377,0.350000000377,0.350000000377);
#13070 = MECHANICAL_DESIGN_GEOMETRIC_PRESENTATION_REPRESENTATION('',(
    #13071),#1371);
#13071 = STYLED_ITEM('color',(#13072),#121);
#13072 = PRESENTATION_STYLE_ASSIGNMENT((#13073));
#13073 = SURFACE_STYLE_USAGE(.BOTH.,#13074);
#13074 = SURFACE_SIDE_STYLE('',(#13075));
#13075 = SURFACE_STYLE_FILL_AREA(#13076);
#13076 = FILL_AREA_STYLE('',(#13077));
#13077 = FILL_AREA_STYLE_COLOUR('',#13078);
#13078 = COLOUR_RGB('',0.720000003324,0.720000003324,0.700000005816);
#13079 = MECHANICAL_DESIGN_GEOMETRIC_PRESENTATION_REPRESENTATION('',(
    #13080),#3103);
#13080 = STYLED_ITEM('color',(#13081),#3005);
#13081 = PRESENTATION_STYLE_ASSIGNMENT((#13082));
#13082 = SURFACE_STYLE_USAGE(.BOTH.,#13083);
#13083 = SURFACE_SIDE_STYLE('',(#13084));
#13084 = SURFACE_STYLE_FILL_AREA(#13085);
#13085 = FILL_AREA_STYLE('',(#13086));
#13086 = FILL_AREA_STYLE_COLOUR('',#13087);
#13087 = COLOUR_RGB('',0.78000000177,0.78000000177,0.760000013601);
#13088 = MECHANICAL_DESIGN_GEOMETRIC_PRESENTATION_REPRESENTATION('',(
    #13089),#3304);
#13089 = STYLED_ITEM('color',(#13090),#3122);
#13090 = PRESENTATION_STYLE_ASSIGNMENT((#13091));
#13091 = SURFACE_STYLE_USAGE(.BOTH.,#13092);
#13092 = SURFACE_SIDE_STYLE('',(#13093));
#13093 = SURFACE_STYLE_FILL_AREA(#13094);
#13094 = FILL_AREA_STYLE('',(#13095));
#13095 = FILL_AREA_STYLE_COLOUR('',#13043);
#13096 = MECHANICAL_DESIGN_GEOMETRIC_PRESENTATION_REPRESENTATION('',(
    #13097),#4638);
#13097 = STYLED_ITEM('color',(#13098),#4456);
#13098 = PRESENTATION_STYLE_ASSIGNMENT((#13099));
#13099 = SURFACE_STYLE_USAGE(.BOTH.,#13100);
#13100 = SURFACE_SIDE_STYLE('',(#13101));
#13101 = SURFACE_STYLE_FILL_AREA(#13102);
#13102 = FILL_AREA_STYLE('',(#13103));
#13103 = FILL_AREA_STYLE_COLOUR('',#13104);
#13104 = COLOUR_RGB('',6.000000074816E-02,6.000000074816E-02,
  6.000000074816E-02);
#13105 = MECHANICAL_DESIGN_GEOMETRIC_PRESENTATION_REPRESENTATION('',(
    #13106),#4088);
#13106 = STYLED_ITEM('color',(#13107),#3758);
#13107 = PRESENTATION_STYLE_ASSIGNMENT((#13108));
#13108 = SURFACE_STYLE_USAGE(.BOTH.,#13109);
#13109 = SURFACE_SIDE_STYLE('',(#13110));
#13110 = SURFACE_STYLE_FILL_AREA(#13111);
#13111 = FILL_AREA_STYLE('',(#13112));
#13112 = FILL_AREA_STYLE_COLOUR('',#13104);
#13113 = MECHANICAL_DESIGN_GEOMETRIC_PRESENTATION_REPRESENTATION('',(
    #13114),#3421);
#13114 = STYLED_ITEM('color',(#13115),#3323);
#13115 = PRESENTATION_STYLE_ASSIGNMENT((#13116));
#13116 = SURFACE_STYLE_USAGE(.BOTH.,#13117);
#13117 = SURFACE_SIDE_STYLE('',(#13118));
#13118 = SURFACE_STYLE_FILL_AREA(#13119);
#13119 = FILL_AREA_STYLE('',(#13120));
#13120 = FILL_AREA_STYLE_COLOUR('',#13043);
#13121 = MECHANICAL_DESIGN_GEOMETRIC_PRESENTATION_REPRESENTATION('',(
    #13122),#12991);
#13122 = STYLED_ITEM('color',(#13123),#11991);
#13123 = PRESENTATION_STYLE_ASSIGNMENT((#13124));
#13124 = SURFACE_STYLE_USAGE(.BOTH.,#13125);
#13125 = SURFACE_SIDE_STYLE('',(#13126));
#13126 = SURFACE_STYLE_FILL_AREA(#13127);
#13127 = FILL_AREA_STYLE('',(#13128));
#13128 = FILL_AREA_STYLE_COLOUR('',#13010);
#13129 = MECHANICAL_DESIGN_GEOMETRIC_PRESENTATION_REPRESENTATION('',(
    #13130),#4839);
#13130 = STYLED_ITEM('color',(#13131),#4657);
#13131 = PRESENTATION_STYLE_ASSIGNMENT((#13132));
#13132 = SURFACE_STYLE_USAGE(.BOTH.,#13133);
#13133 = SURFACE_SIDE_STYLE('',(#13134));
#13134 = SURFACE_STYLE_FILL_AREA(#13135);
#13135 = FILL_AREA_STYLE('',(#13136));
#13136 = FILL_AREA_STYLE_COLOUR('',#13104);
#13137 = MECHANICAL_DESIGN_GEOMETRIC_PRESENTATION_REPRESENTATION('',(
    #13138),#1954);
#13138 = STYLED_ITEM('color',(#13139),#1856);
#13139 = PRESENTATION_STYLE_ASSIGNMENT((#13140));
#13140 = SURFACE_STYLE_USAGE(.BOTH.,#13141);
#13141 = SURFACE_SIDE_STYLE('',(#13142));
#13142 = SURFACE_STYLE_FILL_AREA(#13143);
#13143 = FILL_AREA_STYLE('',(#13144));
#13144 = FILL_AREA_STYLE_COLOUR('',#13145);
#13145 = COLOUR_RGB('',0.850000012718,0.850000012718,0.819999987296);
#13146 = MECHANICAL_DESIGN_GEOMETRIC_PRESENTATION_REPRESENTATION('',(
    #13147),#7896);
#13147 = STYLED_ITEM('color',(#13148),#6896);
#13148 = PRESENTATION_STYLE_ASSIGNMENT((#13149));
#13149 = SURFACE_STYLE_USAGE(.BOTH.,#13150);
#13150 = SURFACE_SIDE_STYLE('',(#13151));
#13151 = SURFACE_STYLE_FILL_AREA(#13152);
#13152 = FILL_AREA_STYLE('',(#13153));
#13153 = FILL_AREA_STYLE_COLOUR('',#13010);
#13154 = MECHANICAL_DESIGN_GEOMETRIC_PRESENTATION_REPRESENTATION('',(
    #13155),#2986);
#13155 = STYLED_ITEM('color',(#13156),#2322);
#13156 = PRESENTATION_STYLE_ASSIGNMENT((#13157));
#13157 = SURFACE_STYLE_USAGE(.BOTH.,#13158);
#13158 = SURFACE_SIDE_STYLE('',(#13159));
#13159 = SURFACE_STYLE_FILL_AREA(#13160);
#13160 = FILL_AREA_STYLE('',(#13161));
#13161 = FILL_AREA_STYLE_COLOUR('',#13162);
#13162 = COLOUR_RGB('',0.819999987296,0.819999987296,0.78000000177);
#13163 = MECHANICAL_DESIGN_GEOMETRIC_PRESENTATION_REPRESENTATION('',(
    #13164),#5858);
#13164 = STYLED_ITEM('color',(#13165),#4858);
#13165 = PRESENTATION_STYLE_ASSIGNMENT((#13166));
#13166 = SURFACE_STYLE_USAGE(.BOTH.,#13167);
#13167 = SURFACE_SIDE_STYLE('',(#13168));
#13168 = SURFACE_STYLE_FILL_AREA(#13169);
#13169 = FILL_AREA_STYLE('',(#13170));
#13170 = FILL_AREA_STYLE_COLOUR('',#13010);
#13171 = MECHANICAL_DESIGN_GEOMETRIC_PRESENTATION_REPRESENTATION('',(
    #13172),#1720);
#13172 = STYLED_ITEM('color',(#13173),#1390);
#13173 = PRESENTATION_STYLE_ASSIGNMENT((#13174));
#13174 = SURFACE_STYLE_USAGE(.BOTH.,#13175);
#13175 = SURFACE_SIDE_STYLE('',(#13176));
#13176 = SURFACE_STYLE_FILL_AREA(#13177);
#13177 = FILL_AREA_STYLE('',(#13178));
#13178 = FILL_AREA_STYLE_COLOUR('',#13179);
#13179 = COLOUR_RGB('',0.180000002302,0.199999998682,0.230000002338);
#13180 = MECHANICAL_DESIGN_GEOMETRIC_PRESENTATION_REPRESENTATION('',(
    #13181),#4437);
#13181 = STYLED_ITEM('color',(#13182),#4107);
#13182 = PRESENTATION_STYLE_ASSIGNMENT((#13183));
#13183 = SURFACE_STYLE_USAGE(.BOTH.,#13184);
#13184 = SURFACE_SIDE_STYLE('',(#13185));
#13185 = SURFACE_STYLE_FILL_AREA(#13186);
#13186 = FILL_AREA_STYLE('',(#13187));
#13187 = FILL_AREA_STYLE_COLOUR('',#13104);
#13188 = MECHANICAL_DESIGN_GEOMETRIC_PRESENTATION_REPRESENTATION('',(
    #13189),#10953);
#13189 = STYLED_ITEM('color',(#13190),#9953);
#13190 = PRESENTATION_STYLE_ASSIGNMENT((#13191));
#13191 = SURFACE_STYLE_USAGE(.BOTH.,#13192);
#13192 = SURFACE_SIDE_STYLE('',(#13193));
#13193 = SURFACE_STYLE_FILL_AREA(#13194);
#13194 = FILL_AREA_STYLE('',(#13195));
#13195 = FILL_AREA_STYLE_COLOUR('',#13010);
ENDSEC;
END-ISO-10303-21;
